http://www.oac.cdlib.org/findaid/ark:/13030/kt2n39p5qn	Dachau (Germany: Concentration Camp) Miscellaneous Records
http://www.oac.cdlib.org/findaid/ark:/13030/kt0q2nf201	Dady (John W.) papers
http://www.oac.cdlib.org/findaid/ark:/13030/kt796nf55m	Daegener (William) Papers
http://www.oac.cdlib.org/findaid/ark:/13030/tf738nb1md	Daegener (William) Papers, 1850-1871
http://www.oac.cdlib.org/findaid/ark:/13030/tf8p3006dn	Dagdeviren (Hidayet) collection
http://www.oac.cdlib.org/findaid/ark:/13030/kt6k40403z	Dagget (John R.) Papers
http://www.oac.cdlib.org/findaid/ark:/13030/kt9q2nf7wp	Dagget (Rollin Mallory) Papers
http://www.oac.cdlib.org/findaid/ark:/13030/c8w37v12	Daggett (Frank S.) Collection
http://www.oac.cdlib.org/findaid/ark:/13030/tf309n98zm	Daggett (John) Collection
http://www.oac.cdlib.org/findaid/ark:/13030/kt2p30312w	Daha (Husayn) writings
http://www.oac.cdlib.org/findaid/ark:/13030/c8dj5h53	Dahl (Arthur L.) Papers
http://www.oac.cdlib.org/findaid/ark:/13030/tf9m3nb3wd	Dahl (Arthur L.) Papers
http://www.oac.cdlib.org/findaid/ark:/13030/c8k07549	Dahl (Ingolf) papers
http://www.oac.cdlib.org/findaid/ark:/13030/kt6g50343s	Dahlberg (Edward) Papers
http://www.oac.cdlib.org/findaid/ark:/13030/c879433w	Dahlquist (David) Washington, D.C. Gay Pride Rally Photographs
http://www.oac.cdlib.org/findaid/ark:/13030/kt7x0nf6vc	Dahlstrand (Olof) Collection
http://www.oac.cdlib.org/findaid/ark:/13030/kt396nb7zw	Dailey (Gardner A.) Collection, 1923-1979
http://www.oac.cdlib.org/findaid/ark:/13030/c8v1264n	Dailey (Jan) and John Money Correspondence Collection
http://www.oac.cdlib.org/findaid/ark:/13030/c8tm7csp	Daily Breeze collection
http://www.oac.cdlib.org/findaid/ark:/13030/tf4f59n7s5	Daily Californian: Index
http://www.oac.cdlib.org/findaid/ark:/13030/kt109nf0t6	Daily Flight Logs, 1949-1950
http://www.oac.cdlib.org/findaid/ark:/13030/tf687004h0	Daily Morning Ape
http://www.oac.cdlib.org/findaid/ark:/13030/c8hh6n48	Daily News Morgue Files of the Bustop Campaign Collection
http://www.oac.cdlib.org/findaid/ark:/13030/c81g0nh7	Daily Reminder Diary
http://www.oac.cdlib.org/findaid/ark:/13030/tf3z09n6qm	Daingerfield Family Letters
http://www.oac.cdlib.org/findaid/ark:/13030/c8z89b49	Dainika ittephaka = Daily ittefaq
http://www.oac.cdlib.org/findaid/ark:/13030/k65q4t13	Dakin (Fred H.) papers
http://www.oac.cdlib.org/findaid/ark:/13030/kt709nf1s1	Dakin (H. S.) papers
http://www.oac.cdlib.org/findaid/ark:/13030/kt4k4033nm	Dakin (Susanna B.) A Scotch paisano: Hugo Reid's life in California (1832-1852)
http://www.oac.cdlib.org/findaid/ark:/13030/kt9t1nc2px	Daksergof (Marina) Collection
http://www.oac.cdlib.org/findaid/ark:/13030/tf0p3001pw	Dale (Frank K.) Collection
http://www.oac.cdlib.org/findaid/ark:/13030/kt5f59r8sn	Dalen (Ebba) collection
http://www.oac.cdlib.org/findaid/ark:/13030/ft158002jq	Daley (Dennis) Papers
http://www.oac.cdlib.org/findaid/ark:/13030/tf9199p03t	Dallin (Alexander) Papers
http://www.oac.cdlib.org/findaid/ark:/13030/tf096n978t	Dallin (David J.) Miscellaneous Papers
http://www.oac.cdlib.org/findaid/ark:/13030/tf3b69n6km	Dall-Oldroyd Correspondence
http://www.oac.cdlib.org/findaid/ark:/13030/kt2p30313d	Dal'nevostochnaia Respublika miscellaneous records
http://www.oac.cdlib.org/findaid/ark:/13030/tf5d5nb0qt	Dalton (Henry) Collection
http://www.oac.cdlib.org/findaid/ark:/13030/c8pn979m	Daly (Captain Robert W.) collection
http://www.oac.cdlib.org/findaid/ark:/13030/kt4n39q2gn	Daly (Carroll J.) Papers
http://www.oac.cdlib.org/findaid/ark:/13030/c8wd4293	Dam (Kenneth W.) diaries
http://www.oac.cdlib.org/findaid/ark:/13030/kt0s20293v	Damaras (von, Sergeant) papers
http://www.oac.cdlib.org/findaid/ark:/13030/kt309nf092	Damascus Majlis al-Shariah miscellaneous records
http://www.oac.cdlib.org/findaid/ark:/13030/kt5b69r803	Dambitis (Roberts) memorandum
http://www.oac.cdlib.org/findaid/ark:/13030/kt8z09q4t0	D'Amico (Jeanne) Papers
http://www.oac.cdlib.org/findaid/ark:/13030/kt9199s18k	Damm (Bertram von) letter
http://www.oac.cdlib.org/findaid/ark:/13030/tf600004t7	Dams : Papers Concerning Design and Construction
http://www.oac.cdlib.org/findaid/ark:/13030/kt1q2nc59j	Dan Curtis Productions Records
http://www.oac.cdlib.org/findaid/ark:/13030/kt4489p6pz	Dana (Gioia) Ephemera
http://www.oac.cdlib.org/findaid/ark:/13030/tf587004nr	Dana (Julian) - Photograph and Portrait Collection
http://www.oac.cdlib.org/findaid/ark:/13030/c80z74n0	Dana (Julian) Papers
http://www.oac.cdlib.org/findaid/ark:/13030/tf900008xn	Dana Point Syndicate Records of S.H. Woodruff
http://www.oac.cdlib.org/findaid/ark:/13030/tf4v19n97g	Dance Cards and Invitations from California
http://www.oac.cdlib.org/findaid/ark:/13030/kt7g5036nb	Dance Cards and Tango Cutouts
http://www.oac.cdlib.org/findaid/ark:/13030/c8ns0w94	Dance Department. Chair. Administrative files of Carol Scothorn.
http://www.oac.cdlib.org/findaid/ark:/13030/c8833tht	Dance Department. Master's theses.
http://www.oac.cdlib.org/findaid/ark:/13030/c8kp83hp	Dance Department. Scrapbooks.
http://www.oac.cdlib.org/findaid/ark:/13030/tf6b69n9x5	Dance Invitations from Massachusetts Collection
http://www.oac.cdlib.org/findaid/ark:/13030/tf8q2nb58d	Dance Photograph Collection
http://www.oac.cdlib.org/findaid/ark:/13030/tf396n99hb	Dance Productions - Photographs
http://www.oac.cdlib.org/findaid/ark:/13030/kt1b69p38p	Dance Program and Ephemera Collection
http://www.oac.cdlib.org/findaid/ark:/13030/ft200001h8	Dance Programs Collection
http://www.oac.cdlib.org/findaid/ark:/13030/kt3c600519	Daneau (Lambert) - Selva d'Aforismi Politici
http://www.oac.cdlib.org/findaid/ark:/13030/kt5h4nf5m1	Danforth (Charles Haskell) Correspondence with Dr. Mary Elbert Rawles
http://www.oac.cdlib.org/findaid/ark:/13030/c8hq40rs	Danforth (Russell E.) Collection
http://www.oac.cdlib.org/findaid/ark:/13030/c8s75gvz	Danforth (Russell E.) Scrapbook, 1918-1919
http://www.oac.cdlib.org/findaid/ark:/13030/kt5x0nf2nq	Danh (Binh) photographs from the Pulau Bidong Series
http://www.oac.cdlib.org/findaid/ark:/13030/c8cj8c58	Daniel Bennahmias oral history interviews
http://www.oac.cdlib.org/findaid/ark:/13030/kt709nf1tj	Daniel (E. G.) typescript
http://www.oac.cdlib.org/findaid/ark:/13030/c8ws8tw4	Daniel (Oliver) Correspondence with Ernst Krenek
http://www.oac.cdlib.org/findaid/ark:/13030/kt8j49s2xv	Daniell (Charles Penniman) Papers
http://www.oac.cdlib.org/findaid/ark:/13030/tf7t1nb2rj	Daniells (Truman G.) Papers
http://www.oac.cdlib.org/findaid/ark:/13030/tf3w10030r	Danielopol (Dumitru) Papers
http://www.oac.cdlib.org/findaid/ark:/13030/kt6h4nf2c8	Daniels (Helen D.) maps
http://www.oac.cdlib.org/findaid/ark:/13030/kt9p30371f	Daniloff (Karl B.) typescript
http://www.oac.cdlib.org/findaid/ark:/13030/kt000030gz	Danisman (Basri) typescript
http://www.oac.cdlib.org/findaid/ark:/13030/c82z13zz	Dank (Barry M.) Papers
http://www.oac.cdlib.org/findaid/ark:/13030/kt200030gk	Dankers (Oskars) miscellaneous papers
http://www.oac.cdlib.org/findaid/ark:/13030/c8wd415w	Dannreuther (Edward) Collection
http://www.oac.cdlib.org/findaid/ark:/13030/kt996nf4mg	Danquah (Joseph Boakye) writings
http://www.oac.cdlib.org/findaid/ark:/13030/kt5b69s0qj	Danton (J. Periam) Papers
http://www.oac.cdlib.org/findaid/ark:/13030/c8s75gwd	Dantzig (George B.) Papers
http://www.oac.cdlib.org/findaid/ark:/13030/c8gm88nx	Dargan (James F.) Civil War Diary and Scrapbook
http://www.oac.cdlib.org/findaid/ark:/13030/tf1s2001mt	Dark (Robert) Papers
http://www.oac.cdlib.org/findaid/ark:/13030/kt367nd9vj	Darling (Arthur B.) typescript
http://www.oac.cdlib.org/findaid/ark:/13030/tf4w1003g9	Darling (Ebin O.) Collection
http://www.oac.cdlib.org/findaid/ark:/13030/kt8k4015b8	Darling (Ernest William) Papers
http://www.oac.cdlib.org/findaid/ark:/13030/kt6g50341r	Darling (Jay N.) cartoon
http://www.oac.cdlib.org/findaid/ark:/13030/kt2d5nc6bw	Darling (Louise) Papers.
http://www.oac.cdlib.org/findaid/ark:/13030/kt0j49r3f5	Darling (William Lafayette) diary
http://www.oac.cdlib.org/findaid/ark:/13030/tf3q2nb06d	Darlington (Abraham) Papers
http://www.oac.cdlib.org/findaid/ark:/13030/kt9w10380q	Darlington (Charles F.) papers
http://www.oac.cdlib.org/findaid/ark:/13030/kt0g5030gp	Darre (Richard Walther) photographs
http://www.oac.cdlib.org/findaid/ark:/13030/c81g0nst	Darrell (Paul Burton) Papers
http://www.oac.cdlib.org/findaid/ark:/13030/tf9w100733	Dart (John P.) Papers
http://www.oac.cdlib.org/findaid/ark:/13030/c88k77jk	Dartau (Ol'ga) papers
http://www.oac.cdlib.org/findaid/ark:/13030/kt1z09r5dj	Dartigue (Esther) typescript
http://www.oac.cdlib.org/findaid/ark:/13030/kt0d5nc43p	Darwin (Charles) / Evolution Collection
http://www.oac.cdlib.org/findaid/ark:/13030/c8348m43	Das Jahr 1937 photograph album
http://www.oac.cdlib.org/findaid/ark:/13030/kt4489n8mf	Dashiell (David Cannon) Papers
http://www.oac.cdlib.org/findaid/ark:/13030/c8d79c12	Dashkevich (Igor Aleksandrovich) papers
http://www.oac.cdlib.org/findaid/ark:/13030/k69884xr	Data Center Poster Collection
http://www.oac.cdlib.org/findaid/ark:/13030/tf058003zq	Date Book
http://www.oac.cdlib.org/findaid/ark:/13030/c8p26zxc	Date Palm collection
http://www.oac.cdlib.org/findaid/ark:/13030/kt9779q6bf	Dated Documents from England, France, Italy, Spain, and Austria Collection
http://www.oac.cdlib.org/findaid/ark:/13030/tf6w1005bt	Daugherty (James) Collection
http://www.oac.cdlib.org/findaid/ark:/13030/tf409nb3dp	Daughters of American Colonists (Stockton, Calif. Chapter) Papers
http://www.oac.cdlib.org/findaid/ark:/13030/c89c6z56	Daughters of Bilitis records
http://www.oac.cdlib.org/findaid/ark:/13030/tf2580022d	Daughters of the American Revolution Blacklist controversy Papers
http://www.oac.cdlib.org/findaid/ark:/13030/kt109n97s8	Daughters of Union Veterans Jocelyn Morgan Kirkwood Memorial Collection
http://www.oac.cdlib.org/findaid/ark:/13030/ft387003cw	Daughters of Union Veterans of the Civil War, Department Of California &amp; Nevada Collection
http://www.oac.cdlib.org/findaid/ark:/13030/kt5r29r6w6	Dauzvardis (Petras Paulius) papers
http://www.oac.cdlib.org/findaid/ark:/13030/c8zs2twg	"Dave Eliot: Nudes" Exhibit Photographs
http://www.oac.cdlib.org/findaid/ark:/13030/kt5779s0hs	Dave Packard and Bill Hewlett: "Documentation" [videorecording]
http://www.oac.cdlib.org/findaid/ark:/13030/c8028qv4	Davenport (David) Papers
http://www.oac.cdlib.org/findaid/ark:/13030/kt7x0nf7g5	Davenport (Demorest) Papers
http://www.oac.cdlib.org/findaid/ark:/13030/kt367nd8q0	Davenport (Demorest) Papers
http://www.oac.cdlib.org/findaid/ark:/13030/kt0s20098j	Davenport (John) Papers
http://www.oac.cdlib.org/findaid/ark:/13030/tf4s200680	Davenport (Mildred) Dance Programs and Dance School Materials
http://www.oac.cdlib.org/findaid/ark:/13030/kt6t1nf0hb	Davenport (Tim) collection
http://www.oac.cdlib.org/findaid/ark:/13030/tf2w1002tc	Daves (Delmer) Papers
http://www.oac.cdlib.org/findaid/ark:/13030/c8ft8mp8	David (Edward E.) Papers, White House Central Files, 1969-1974
http://www.oac.cdlib.org/findaid/ark:/13030/kt5779r9d4	David (F. N.) papers
http://www.oac.cdlib.org/findaid/ark:/13030/kt9870413d	David (Leon Thomas) Collection of Stanford Photographs
http://www.oac.cdlib.org/findaid/ark:/13030/c8vm4b04	David Marvin oral history interview
http://www.oac.cdlib.org/findaid/ark:/13030/c8542q2s	David Tierney Alternative Comics
http://www.oac.cdlib.org/findaid/ark:/13030/kt9n39q51x	Davidson (Donald C.) Papers
http://www.oac.cdlib.org/findaid/ark:/13030/kt2f59s0jp	Davidson, Donald, J.C.C. McKinsey, and Patrick Suppes, "Outlines of a Formal Theory of Value, I"
http://www.oac.cdlib.org/findaid/ark:/13030/kt9n39r8bg	Davidson (Donald) Papers
http://www.oac.cdlib.org/findaid/ark:/13030/kt9v19s2zn	Davidson (Eugene) Collection
http://www.oac.cdlib.org/findaid/ark:/13030/tf1779n544	Davidson (George) Papers
http://www.oac.cdlib.org/findaid/ark:/13030/tf0k400380	Davidson (John) Collection of Musical Arrangements for Television
http://www.oac.cdlib.org/findaid/ark:/13030/c80v8dj9	Davidson (Jon W.) Papers
http://www.oac.cdlib.org/findaid/ark:/13030/kt5q2nf3tg	Davidson (Julius Ralph) papers
http://www.oac.cdlib.org/findaid/ark:/13030/c8mw2k8f	Davidson (Norman) Papers
http://www.oac.cdlib.org/findaid/ark:/13030/c8td9xxs	Davidson (Tom) drawings of apartment complex
http://www.oac.cdlib.org/findaid/ark:/13030/kt5d5nf0hd	Davies (Darlene Gould) Collection
http://www.oac.cdlib.org/findaid/ark:/13030/kt3t1nd886	Davies (E. Alfred) diary
http://www.oac.cdlib.org/findaid/ark:/13030/ft0m3n98pv	Davies (Edwin G.) Papers
http://www.oac.cdlib.org/findaid/ark:/13030/tf7z09n930	Davies (Godfrey) Papers
http://www.oac.cdlib.org/findaid/ark:/13030/kt767nf10f	Davies (Joseph) Edward letters
http://www.oac.cdlib.org/findaid/ark:/13030/tf3s200366	Davies (Lowell) Papers
http://www.oac.cdlib.org/findaid/ark:/13030/tf3v19n6d9	Davies (Margaret G.) Papers
http://www.oac.cdlib.org/findaid/ark:/13030/c8hh6jc5	Davies (Marion) Scrapbooks
http://www.oac.cdlib.org/findaid/ark:/13030/kt1x0nd0k1	Davies (Richard T.) Papers
http://www.oac.cdlib.org/findaid/ark:/13030/c8s75htx	Davies (Valentine) papers
http://www.oac.cdlib.org/findaid/ark:/13030/kt5v19q9mq	Davis (Angela) Academic Freedom Case &amp; Trial and Defense Movement Materials
http://www.oac.cdlib.org/findaid/ark:/13030/kt0x0nd93t	Davis (Benjamin B.) papers
http://www.oac.cdlib.org/findaid/ark:/13030/kt5b69r85p	Davis Boy Scout Troop No. 1 Photograph Album
http://www.oac.cdlib.org/findaid/ark:/13030/tf3r29n9hn	Davis Brothers Ledger
http://www.oac.cdlib.org/findaid/ark:/13030/c879432f	Davis (Calif.) Land Records Collection
http://www.oac.cdlib.org/findaid/ark:/13030/kt8d5nf1kv	Davis (Darius Alton) papers
http://www.oac.cdlib.org/findaid/ark:/13030/ft8w10083n	Davis (David R.) Papers
http://www.oac.cdlib.org/findaid/ark:/13030/kt609nf3cg	Davis (Donald E.) collection
http://www.oac.cdlib.org/findaid/ark:/13030/kt667nf4hb	Davis (Douglas Dewitt) Papers
http://www.oac.cdlib.org/findaid/ark:/13030/c8t1546j	Davis (Edward H.) Collection
http://www.oac.cdlib.org/findaid/ark:/13030/c8g73fjz	Davis (Edward H.) Collection
http://www.oac.cdlib.org/findaid/ark:/13030/c8m32xwq	Davis (Elizabeth G.) papers
http://www.oac.cdlib.org/findaid/ark:/13030/kt6779r77w	Davis (Elmer Holmes) sound recording
http://www.oac.cdlib.org/findaid/ark:/13030/c8vm4dm1	Davis (Grace Montanez) Papers
http://www.oac.cdlib.org/findaid/ark:/13030/kt600037fp	Davis (Grace) Photograph Albums Documenting Student Life
http://www.oac.cdlib.org/findaid/ark:/13030/kt3779s0zw	Davis (Grace) Photograph Albums Documenting Student Life
http://www.oac.cdlib.org/findaid/ark:/13030/kt5580046q	Davis (Harmer E.) Collection of Book Ephemera
http://www.oac.cdlib.org/findaid/ark:/13030/kt258033w0	Davis (Henry William Carless) printed material
http://www.oac.cdlib.org/findaid/ark:/13030/kt9c60081m	Davis (H.L.) Papers
http://www.oac.cdlib.org/findaid/ark:/13030/tf1s2001wz	Davis (Horace) Papers
http://www.oac.cdlib.org/findaid/ark:/13030/kt4x0nf35n	Davis (Horace) Photograph Album
http://www.oac.cdlib.org/findaid/ark:/13030/kt7g5037qv	Davis (H.P.) Papers on Haiti
http://www.oac.cdlib.org/findaid/ark:/13030/c8vq345j	Davis (Jennie C.) Collection
http://www.oac.cdlib.org/findaid/ark:/13030/tf0t1n97fp	Davis (Jerome C.) Collection
http://www.oac.cdlib.org/findaid/ark:/13030/kt2870333r	Davis (John E.) Log of H.M.S. Samarang
http://www.oac.cdlib.org/findaid/ark:/13030/tf3m3nb1v2	Davis (Joseph L.) Papers
http://www.oac.cdlib.org/findaid/ark:/13030/tf909nb37n	Davis (Joseph S.) Papers
http://www.oac.cdlib.org/findaid/ark:/13030/c8hq41kz	Davis (Justitia) Papers
http://www.oac.cdlib.org/findaid/ark:/13030/kt7z09s1z6	Davis (Kathryn R.) papers
http://www.oac.cdlib.org/findaid/ark:/13030/kt3b69q94k	Davis (Kingsley) Papers
http://www.oac.cdlib.org/findaid/ark:/13030/c8tm7cc9	Davis (L. Clarice) Collection
http://www.oac.cdlib.org/findaid/ark:/13030/tf2x0n98sm	Davis (Leverett G.) Papers
http://www.oac.cdlib.org/findaid/ark:/13030/kt887036h8	Davis (Loda Mae) papers,
http://www.oac.cdlib.org/findaid/ark:/13030/c85b03g1	Davis (M. E.) Collection 1987.01
http://www.oac.cdlib.org/findaid/ark:/13030/kt600037zf	Davis (Paul H.) Papers
http://www.oac.cdlib.org/findaid/ark:/13030/kt9199r320	Davis (Pauline L.) Papers
http://www.oac.cdlib.org/findaid/ark:/13030/tf5v19n8hf	Davis (Raymond E.) Papers
http://www.oac.cdlib.org/findaid/ark:/13030/kt009nd6g5	Davis (Richard Hallock) miscellaneous papers
http://www.oac.cdlib.org/findaid/ark:/13030/kt3h4nf079	Davis (Robert E.) reports
http://www.oac.cdlib.org/findaid/ark:/13030/tf1p3002f2	Davis (Ronald G.) Papers
http://www.oac.cdlib.org/findaid/ark:/13030/kt0t1nd6rj	Davis (Rosella Amelia) collection
http://www.oac.cdlib.org/findaid/ark:/13030/kt9h4nf2wz	Davis (Roy Loomer) papers
http://www.oac.cdlib.org/findaid/ark:/13030/tf4z09n72k	Davis (Russell G.) Papers
http://www.oac.cdlib.org/findaid/ark:/13030/kt4g5032cb	Davis (Sam) Collection, 1967-2006
http://www.oac.cdlib.org/findaid/ark:/13030/c8bv7jpg	Davis (Senator Ed) Collection
http://www.oac.cdlib.org/findaid/ark:/13030/kt7779r7qf	Davis (Spencer Edward) papers
http://www.oac.cdlib.org/findaid/ark:/13030/tf4n39n9f8	Davis (William H.) Copies of Manuscripts Holdings in the Calif. State Library, Sacramento
http://www.oac.cdlib.org/findaid/ark:/13030/tf3t1n99cj	Davis (William H.) Papers
http://www.oac.cdlib.org/findaid/ark:/13030/tf787007ks	Davis (William H.) Papers
http://www.oac.cdlib.org/findaid/ark:/13030/tf6v19n8rc	Davis (William H.) Papers
http://www.oac.cdlib.org/findaid/ark:/13030/c8hq41dq	Davis (William Heath) Collection
http://www.oac.cdlib.org/findaid/ark:/13030/tf7199n9c7	Dawdy (Doris O.) Papers
http://www.oac.cdlib.org/findaid/ark:/13030/kt1r29r5nv	Dawley (Ernest J.) papers
http://www.oac.cdlib.org/findaid/ark:/13030/c8ng4s42	Dawley (J. Searle) papers
http://www.oac.cdlib.org/findaid/ark:/13030/tf3k4006bd	Dawson Family Papers
http://www.oac.cdlib.org/findaid/ark:/13030/c83t9g55	Dawson Lime Kiln Photograph Collection
http://www.oac.cdlib.org/findaid/ark:/13030/kt8779r9sr	Dawson (Warrington) report
http://www.oac.cdlib.org/findaid/ark:/13030/tf129001m7	Dawson, Yukon Territory - Scenes
http://www.oac.cdlib.org/findaid/ark:/13030/tf9g5009d3	Dawson's Book Shop Records
http://www.oac.cdlib.org/findaid/ark:/13030/kt9s2021rm	Day (A.L.) Collection of Photographs of the Philippines
http://www.oac.cdlib.org/findaid/ark:/13030/kt796nd4cs	Day (Allen) Erotic Drawings, Correspondence and Other Materials
http://www.oac.cdlib.org/findaid/ark:/13030/c8cj8f8f	Day (Boysie E.) papers
http://www.oac.cdlib.org/findaid/ark:/13030/tf8g5006tj	Day (Clinton) Collection, 1876-1891
http://www.oac.cdlib.org/findaid/ark:/13030/ft5r29n892	Day (Dennis) Collection of music for radio
http://www.oac.cdlib.org/findaid/ark:/13030/kt3t1nd9rx	Day (Donald) letter
http://www.oac.cdlib.org/findaid/ark:/13030/kt4g5033nz	Day (George Martin) papers
http://www.oac.cdlib.org/findaid/ark:/13030/c8s75hbn	Day (Robert L.) Collection
http://www.oac.cdlib.org/findaid/ark:/13030/kt9489s06q	Day (Thomas J.) photograph collection
http://www.oac.cdlib.org/findaid/ark:/13030/kt6199s0nv	Daye (Pierre) memoirs
http://www.oac.cdlib.org/findaid/ark:/13030/c89c6vvx	Dayhoff, Paul S. Collection
http://www.oac.cdlib.org/findaid/ark:/13030/tf9q2nb3kd	Days of '49 Collection
http://www.oac.cdlib.org/findaid/ark:/13030/tf9p3007cx	Dayton Brown Collection of Portrait Etchings
http://www.oac.cdlib.org/findaid/ark:/13030/kt1779r7dx	Díaz Pérez (Nicolás and Viriato) papers
http://www.oac.cdlib.org/findaid/ark:/13030/tf0779n7hg	De Altedo. Incipit Orthographia
http://www.oac.cdlib.org/findaid/ark:/13030/c8gx4c5g	De Andreis (Robert) Papers
http://www.oac.cdlib.org/findaid/ark:/13030/kt0b69r4nf	De Basily (Lascelle Meserve) papers
http://www.oac.cdlib.org/findaid/ark:/13030/kt738nf3vp	De Borchgrave (Arnaud) speech
http://www.oac.cdlib.org/findaid/ark:/13030/kt1n39r7h3	de Broff (L.H.), "Ray Lyman Wilbur, M.D. of Stanford: The Formative Years"
http://www.oac.cdlib.org/findaid/ark:/13030/kt5p3033dz	De Caux (E.) typescript
http://www.oac.cdlib.org/findaid/ark:/13030/kt0d5n9826	De Cecco (John Paul) Papers
http://www.oac.cdlib.org/findaid/ark:/13030/kt9d5nd5g3	De Courcy (Kenneth Hugh) papers
http://www.oac.cdlib.org/findaid/ark:/13030/tf0r29n3wh	De Ford (Miriam A.) Papers
http://www.oac.cdlib.org/findaid/ark:/13030/c837782q	De Forest (Lee) (1873-1961) Scrapbook, 1919-1924
http://www.oac.cdlib.org/findaid/ark:/13030/c8js9r0x	de Forest (Lee and Marie) Papers
http://www.oac.cdlib.org/findaid/ark:/13030/tf6w1007vj	de Forest Research, Inc. collection of television scripts
http://www.oac.cdlib.org/findaid/ark:/13030/tf0w1000pq	De Fremery (Don) Collection
http://www.oac.cdlib.org/findaid/ark:/13030/kt0q2nc225	De Herrera (Gloria) Papers
http://www.oac.cdlib.org/findaid/ark:/13030/tf896nb2tm	De Hooghe (Romeyn) Etchings
http://www.oac.cdlib.org/findaid/ark:/13030/c83x884w	de Kramer (John) Personal Papers and Photographs
http://www.oac.cdlib.org/findaid/ark:/13030/c89p32c3	De la Guerra (Delfina) Papers
http://www.oac.cdlib.org/findaid/ark:/13030/c8z89d61	De la Guerra Studios Scrapbooks
http://www.oac.cdlib.org/findaid/ark:/13030/tf0199n420	De la Mare (Walter) Papers
http://www.oac.cdlib.org/findaid/ark:/13030/kt3w1036kp	de la Rocha (Michael)
http://www.oac.cdlib.org/findaid/ark:/13030/c8319xjj	De Laurentiis Entertainment Group photographs
http://www.oac.cdlib.org/findaid/ark:/13030/tf7290063r	De Lorenzo (Nicola) Musical Compositions
http://www.oac.cdlib.org/findaid/ark:/13030/tf2779n4zc	De Losada (Dorothy E.) Oral History
http://www.oac.cdlib.org/findaid/ark:/13030/c89w0h7m	De Losada (Dorothy Elizabeth "Betty") Oral History
http://www.oac.cdlib.org/findaid/ark:/13030/tf6p30071t	De Man (Paul) papers
http://www.oac.cdlib.org/findaid/ark:/13030/kt0x0nf2dj	De Merritt (David A.) Papers
http://www.oac.cdlib.org/findaid/ark:/13030/tf4p3005vn	De Mille (Agnes) Papers
http://www.oac.cdlib.org/findaid/ark:/13030/kt6z09n8nt	De Mille (Richard) Collection
http://www.oac.cdlib.org/findaid/ark:/13030/tf1j49n55m	de Pichon Family Papers
http://www.oac.cdlib.org/findaid/ark:/13030/kt1c603333	De Planque (Eileen Gail) papers
http://www.oac.cdlib.org/findaid/ark:/13030/tf65800586	De Quille (Dan) Papers
http://www.oac.cdlib.org/findaid/ark:/13030/c82v2gp8	De Rose (Michael) drawings of the Robert Emmons house
http://www.oac.cdlib.org/findaid/ark:/13030/kt3489q4sp	de Saisset Family Papers
http://www.oac.cdlib.org/findaid/ark:/13030/c8pk0gqs	de Saisset (Pedro) Family Collection
http://www.oac.cdlib.org/findaid/ark:/13030/c86m37mp	De Shields Family Papers
http://www.oac.cdlib.org/findaid/ark:/13030/kt6j49r7zq	De Standaard newspaper issue
http://www.oac.cdlib.org/findaid/ark:/13030/kt4f59q2d9	de Trobriand (Philippe Régis Denis de Keredern) Collection
http://www.oac.cdlib.org/findaid/ark:/13030/kt5t1nf15b	De Valera (Eamonn) speech
http://www.oac.cdlib.org/findaid/ark:/13030/kt7z09r3q3	De Vincenzi (John) Papers
http://www.oac.cdlib.org/findaid/ark:/13030/k62z13f4	De Vos (George) papers
http://www.oac.cdlib.org/findaid/ark:/13030/tf2p3002mz	De Voto (Bernard A.) Papers
http://www.oac.cdlib.org/findaid/ark:/13030/tf7h4nb2k0	De Voto (Bernard Augustine) Papers
http://www.oac.cdlib.org/findaid/ark:/13030/hb8d5nc08g	de Vries (Alfred H.) Papers.
http://www.oac.cdlib.org/findaid/ark:/13030/c8qr4zms	de Vries (Bob) Collection
http://www.oac.cdlib.org/findaid/ark:/13030/c8hd7w7v	De Westerborker newsletter collection
http://www.oac.cdlib.org/findaid/ark:/13030/kt1k40361t	De Witt (Alfred) Papers
http://www.oac.cdlib.org/findaid/ark:/13030/kt6779r7gh	De Witt (Nicholas) papers
http://www.oac.cdlib.org/findaid/ark:/13030/kt9f59q7wh	De Young Family Business Papers
http://www.oac.cdlib.org/findaid/ark:/13030/tf4n39n72m	De Young Memorial Museum Collection
http://www.oac.cdlib.org/findaid/ark:/13030/c8qr4z4h	Deaf AIDS Center Collection
http://www.oac.cdlib.org/findaid/ark:/13030/c8s75gz9	Deakin (Edwin) Mission Sketches
http://www.oac.cdlib.org/findaid/ark:/13030/tf6199p3r5	Deakin Tract of Mining and Timber Lands, Located in Butte, Plumas and Tehama Counties, California, ca. 1889 - Views
http://www.oac.cdlib.org/findaid/ark:/13030/tf9v19p3g6	Dean (Jean F.) Papers
http://www.oac.cdlib.org/findaid/ark:/13030/c8s46tnr	Dean (Jessie E.) papers
http://www.oac.cdlib.org/findaid/ark:/13030/c89c6xz3	Dean (John W.), III Papers, White House Special Files, 07/09/1970 - 04/30/1973
http://www.oac.cdlib.org/findaid/ark:/13030/kt8v19s3jm	Dean of Students, Student Affairs Records (University of California, Irvine)
http://www.oac.cdlib.org/findaid/ark:/13030/tf638nb1sp	Dean of the Undergraduate Division, University of California, Berkeley Records
http://www.oac.cdlib.org/findaid/ark:/13030/kt2c60352v	Dean (Ray) Scrapbook
http://www.oac.cdlib.org/findaid/ark:/13030/c8891728	Dean (Roy) Photographs
http://www.oac.cdlib.org/findaid/ark:/13030/kt6m3nf2n2	Deane (Ernest Cecil) letters
http://www.oac.cdlib.org/findaid/ark:/13030/kt3b69p5zm	Dearing (Vinton A.) Reproductions of Eighteenth Century Imprints
http://www.oac.cdlib.org/findaid/ark:/13030/kt6779r7f0	Deat (Marcel) writings
http://www.oac.cdlib.org/findaid/ark:/13030/tf6h4nb1dm	Death of Stalin: motion picture film
http://www.oac.cdlib.org/findaid/ark:/13030/c8862f5f	Death Valley 49ers Committee Records
http://www.oac.cdlib.org/findaid/ark:/13030/tf367nb34j	Death Valley Automobile Trip
http://www.oac.cdlib.org/findaid/ark:/13030/tf987013wk	Death Valley Days collection of scripts
http://www.oac.cdlib.org/findaid/ark:/13030/kt238nd8zn	Death Valley days: videotape series
http://www.oac.cdlib.org/findaid/ark:/13030/kt2489r50d	Deaver &amp; Hannaford, Inc. Records
http://www.oac.cdlib.org/findaid/ark:/13030/kt2c60258h	DeBach (Paul H.) Papers
http://www.oac.cdlib.org/findaid/ark:/13030/kt696nf0tq	Debonnet (Maurice G.) typescript
http://www.oac.cdlib.org/findaid/ark:/13030/c8bk1b2w	Debora Sessler oral history interviews
http://www.oac.cdlib.org/findaid/ark:/13030/kt358025dk	Debreu (Gerard) Papers
http://www.oac.cdlib.org/findaid/ark:/13030/c8377bw9	DeBrier (Samson) papers
http://www.oac.cdlib.org/findaid/ark:/13030/kt2q2nd9c8	Debs (Eugene V.) letters
http://www.oac.cdlib.org/findaid/ark:/13030/kt0w103395	DeCamp (David): Jamaican creole tape recordings
http://www.oac.cdlib.org/findaid/ark:/13030/kt0r29r3hh	DeCaprio (Albrecio) Papers
http://www.oac.cdlib.org/findaid/ark:/13030/kt5k4026v1	DeCelle (Edward) papers
http://www.oac.cdlib.org/findaid/ark:/13030/kt587039vz	DeChancie (John) papers
http://www.oac.cdlib.org/findaid/ark:/13030/kt8b69r9nb	Dechy (Maurice de.) photographs
http://www.oac.cdlib.org/findaid/ark:/13030/c8sj1npc	Deck (Father Alan, S.J.) Letter Collection
http://www.oac.cdlib.org/findaid/ark:/13030/tf1870018c	Decker (Benton C.) Papers
http://www.oac.cdlib.org/findaid/ark:/13030/tf9v19p0nb	Decker (Benton W.) Albums
http://www.oac.cdlib.org/findaid/ark:/13030/tf1t1n98g0	Decker (Benton Weaver) Papers
http://www.oac.cdlib.org/findaid/ark:/13030/c8t1549w	Decker (Bruce) Papers
http://www.oac.cdlib.org/findaid/ark:/13030/tf029000b9	Decker-Jewett Bank Papers
http://www.oac.cdlib.org/findaid/ark:/13030/kt3q2nd7p8	Declaration commune sur la situation politique typescript
http://www.oac.cdlib.org/findaid/ark:/13030/kt0s20164g	DeConde (Alexander) Papers
http://www.oac.cdlib.org/findaid/ark:/13030/kt9s203954	DeConde (Alexander) typescript
http://www.oac.cdlib.org/findaid/ark:/13030/kt8c6039gv	Decora Ceramics Records
http://www.oac.cdlib.org/findaid/ark:/13030/c8g73ffm	Decorative architectural pieces and photographs from the Jackling house designed by George Washington Smith
http://www.oac.cdlib.org/findaid/ark:/13030/kt2199q1dk	Decorative Designers Firm - Collection of Materials by and Relating to
http://www.oac.cdlib.org/findaid/ark:/13030/ft709nb32t	DeCou (Branson) Archive
http://www.oac.cdlib.org/findaid/ark:/13030/kt6n39r0xg	Deddeh (Wadie P.) Papers
http://www.oac.cdlib.org/findaid/ark:/13030/kt6w10399x	Dedicated Vessel Research Program Records
http://www.oac.cdlib.org/findaid/ark:/13030/kt8c6039pz	Dedication of the Frank E. Buck Jade Collection Photograph Album
http://www.oac.cdlib.org/findaid/ark:/13030/kt1r29r5pc	Deering (Mary Jo) typescript
http://www.oac.cdlib.org/findaid/ark:/13030/kt1b69q2wz	Defenders Television Series - Scripts and Set Plans
http://www.oac.cdlib.org/findaid/ark:/13030/ft838nb449	DeForest (Charlotte B.) Papers
http://www.oac.cdlib.org/findaid/ark:/13030/tf4199n689	DeForest (Charlotte B.) Papers
http://www.oac.cdlib.org/findaid/ark:/13030/kt9c6036h7	DeForest (John L.) typescript
http://www.oac.cdlib.org/findaid/ark:/13030/tf2489n5t4	deForest (Lockwood) Collection, 1920-1949
http://www.oac.cdlib.org/findaid/ark:/13030/kt0v19r74d	DeFrank (Billy) LGBT Silicon Valley Community Center Records
http://www.oac.cdlib.org/findaid/ark:/13030/c8zp47mk	Degler (Carl) Papers
http://www.oac.cdlib.org/findaid/ark:/13030/tf300005zv	Degnan (June Oppen) Papers
http://www.oac.cdlib.org/findaid/ark:/13030/tf1f59n87f	Degnan (Michael L.) Papers
http://www.oac.cdlib.org/findaid/ark:/13030/kt1m3nd8rh	Degras (Jane Tabrisky) typescript
http://www.oac.cdlib.org/findaid/ark:/13030/kt9q2nf3q5	Deichmann (Paul) typescript
http://www.oac.cdlib.org/findaid/ark:/13030/kt7290224k	Deirup (Anne Weymouth) Collection on the Desegregation of Berkeley Schools
http://www.oac.cdlib.org/findaid/ark:/13030/tf3w1003kj	Deitrick (James) Papers
http://www.oac.cdlib.org/findaid/ark:/13030/kt6q2nf46z	DeKay (John Wesley) printed material
http://www.oac.cdlib.org/findaid/ark:/13030/kt887036nb	DeKovner-Mayer (Barbara) papers
http://www.oac.cdlib.org/findaid/ark:/13030/kt3c60201s	Del Amo Estate Company Collection
http://www.oac.cdlib.org/findaid/ark:/13030/kt4q2nc808	Del Amo Foundation Collection
http://www.oac.cdlib.org/findaid/ark:/13030/kt2h4nb8nq	Del Amo Foundation Spanish Civil War Collection
http://www.oac.cdlib.org/findaid/ark:/13030/kt909nd15w	Del Amo Nurseries Collection
http://www.oac.cdlib.org/findaid/ark:/13030/kt8j49s2b2	Del Carlo (Arnold) Photograph Collection
http://www.oac.cdlib.org/findaid/ark:/13030/kt7870289c	Del Giudice (Luisa) and Tuttle (Edward) Collection
http://www.oac.cdlib.org/findaid/ark:/13030/kt2x0nf084	Del Monte Golf Booklet
http://www.oac.cdlib.org/findaid/ark:/13030/kt2v19n5w3	Del Rio Colony (Llano) Papers?
http://www.oac.cdlib.org/findaid/ark:/13030/kt4d5nf4wq	Del Rio Winery Board of Directors Meeting Minutes
http://www.oac.cdlib.org/findaid/ark:/13030/c81j9bj2	del Solar (Daniel) papers
http://www.oac.cdlib.org/findaid/ark:/13030/c8251kns	Del Valle Collection, ca.1870s-1900
http://www.oac.cdlib.org/findaid/ark:/13030/c8c827qr	Del Valle Family Papers
http://www.oac.cdlib.org/findaid/ark:/13030/kt9290377m	Delage (Jean) papers
http://www.oac.cdlib.org/findaid/ark:/13030/kt0h4nd8bb	DeLancey (Mark) collection
http://www.oac.cdlib.org/findaid/ark:/13030/kt6779r7cz	Delavignette (Robert Louis) papers
http://www.oac.cdlib.org/findaid/ark:/13030/c88w3bp6	Delawie (Homer) Papers
http://www.oac.cdlib.org/findaid/ark:/13030/kt0f59r869	DeLay (Theodore S.) collection of Armed Forces Radio Service memorandums, reports, and other material
http://www.oac.cdlib.org/findaid/ark:/13030/kt3c6010w8	Delbrück (Max) Papers
http://www.oac.cdlib.org/findaid/ark:/13030/kt400025hp	Delegations of Authority (University of California, Irvine) Records
http://www.oac.cdlib.org/findaid/ark:/13030/tf1b69n4df	Delepine (Alphonse A.) Papers
http://www.oac.cdlib.org/findaid/ark:/13030/c8q81dws	Deleval (Charles) Receipt Book
http://www.oac.cdlib.org/findaid/ark:/13030/tf3h4nb30f	Delgado de Torres (Demetrio) papers
http://www.oac.cdlib.org/findaid/ark:/13030/tf9199p0f0	Delkin (James L.) Papers
http://www.oac.cdlib.org/findaid/ark:/13030/c8bp04zq	Dell (Paul) collection of documents pertaining to IBRO (International Brain Research Organization)
http://www.oac.cdlib.org/findaid/ark:/13030/tf8x0nb356	Della Bella (Stefano) Etchings
http://www.oac.cdlib.org/findaid/ark:/13030/c89k4c07	Dellums (Cottrell Laurence) Papers
http://www.oac.cdlib.org/findaid/ark:/13030/kt0x0nd908	Dellums (Ronald V.) Congressional Papers
http://www.oac.cdlib.org/findaid/ark:/13030/kt596nf194	Delmont (Alcide) speech
http://www.oac.cdlib.org/findaid/ark:/13030/kt296nd810	Delmotte (Guy) typescript
http://www.oac.cdlib.org/findaid/ark:/13030/tf829005pc	DeLong (Charles E.) Collection
http://www.oac.cdlib.org/findaid/ark:/13030/kt2g5032tf	DeLong (Vaughn Russell) papers
http://www.oac.cdlib.org/findaid/ark:/13030/kt6r29p7r1	Delovaia komissiia pomoshchi russkim (Tubabao) Records
http://www.oac.cdlib.org/findaid/ark:/13030/c8td9vs5	Delp, Paul S. (academic papers)
http://www.oac.cdlib.org/findaid/ark:/13030/kt6q2nf4m5	Delphian Study Club Records
http://www.oac.cdlib.org/findaid/ark:/13030/c84x56r9	Delta Kappa Gamma Society International, Delta Omicron Chapter Records
http://www.oac.cdlib.org/findaid/ark:/13030/c85t3n5k	Delta Line collection
http://www.oac.cdlib.org/findaid/ark:/13030/kt0q2nf1h9	Delta Upsilon Alumni Association at Stanford University, Records
http://www.oac.cdlib.org/findaid/ark:/13030/kt6q2nf2vt	Deluc (Emile) collection
http://www.oac.cdlib.org/findaid/ark:/13030/kt28703306	Delzell (Charles F.) speeches and writings
http://www.oac.cdlib.org/findaid/ark:/13030/c8st7qc6	DeMarais (Virginia) Anza Borrego Region Collection
http://www.oac.cdlib.org/findaid/ark:/13030/tf6w1008th	Demarest Family Collection
http://www.oac.cdlib.org/findaid/ark:/13030/kt75803497	DeMars (Vernon) Collection, 1933-2005
http://www.oac.cdlib.org/findaid/ark:/13030/kt767nf12g	Demetropoulos (Constantine) postage stamp collection
http://www.oac.cdlib.org/findaid/ark:/13030/c8kp83g7	DeMille (Cecil B.) photographs
http://www.oac.cdlib.org/findaid/ark:/13030/kt009nd6fn	Demjanowicz (Eugenjusz) miscellany
http://www.oac.cdlib.org/findaid/ark:/13030/kt9f59q833	Democracy and Unification in Korea collection
http://www.oac.cdlib.org/findaid/ark:/13030/kt258032jb	Democracy: video tape
http://www.oac.cdlib.org/findaid/ark:/13030/kt1q2nd6vr	Democratic revolution in Czechoslovakia conference proceedings
http://www.oac.cdlib.org/findaid/ark:/13030/tf5489n70m	Democratic State Central Committee Records
http://www.oac.cdlib.org/findaid/ark:/13030/kt2h4nd9f0	Demokraticheskaia Rossiia records
http://www.oac.cdlib.org/findaid/ark:/13030/c8gf0vb5	Den, Bell, and Luton Families Papers
http://www.oac.cdlib.org/findaid/ark:/13030/kt067nd8v4	Den family papers
http://www.oac.cdlib.org/findaid/ark:/13030/c8kk9dg9	Deng Zumou papers
http://www.oac.cdlib.org/findaid/ark:/13030/kt438nf0v9	Denikin (Anton Ivanovich) typescript
http://www.oac.cdlib.org/findaid/ark:/13030/kt0g5030mr	Denikina (Kseniia) typescript
http://www.oac.cdlib.org/findaid/ark:/13030/kt8z09r8sv	Denisov (S. V. (Sviatoslav Varlaamovich)) Papers
http://www.oac.cdlib.org/findaid/ark:/13030/kt2h4nf0zv	Denkschrift aus Deutsch-Osterreich printed material
http://www.oac.cdlib.org/findaid/ark:/13030/c8xp7655	Denman Family Photograph Collection
http://www.oac.cdlib.org/findaid/ark:/13030/tf729005j0	Denman (William) Papers
http://www.oac.cdlib.org/findaid/ark:/13030/kt3779s13f	Dennis (Faith) Travel Journals and Scrapbooks
http://www.oac.cdlib.org/findaid/ark:/13030/tf7n39n994	Dennis (Lawrence) Papers
http://www.oac.cdlib.org/findaid/ark:/13030/kt4z09r87b	Dennis (William Cullen) papers
http://www.oac.cdlib.org/findaid/ark:/13030/c8rv0pdm	Dennis (William M.) Collection
http://www.oac.cdlib.org/findaid/ark:/13030/tf6g5005j9	Denny (William) Collection
http://www.oac.cdlib.org/findaid/ark:/13030/kt300016z4	Denslow (Jack) Collection
http://www.oac.cdlib.org/findaid/ark:/13030/c8n58pgq	Denslow (Pat) papers
http://www.oac.cdlib.org/findaid/ark:/13030/c8z31xn9	Densmore (Frances) Papers
http://www.oac.cdlib.org/findaid/ark:/13030/c89887j5	Dent (Harry S.) Papers, White House Special Files, 1969-1972
http://www.oac.cdlib.org/findaid/ark:/13030/ft5t1nb0tc	Dent (J.M.) &amp; Sons - File Copies of Printed Books
http://www.oac.cdlib.org/findaid/ark:/13030/tf6q2nb578	Dental Oral History Project Records
http://www.oac.cdlib.org/findaid/ark:/13030/tf009nb0j2	Dental Oral History Project Transcripts
http://www.oac.cdlib.org/findaid/ark:/13030/c8w66n51	Dentistry (School of). Publications.
http://www.oac.cdlib.org/findaid/ark:/13030/kt196nd9gw	Denton Family Papers
http://www.oac.cdlib.org/findaid/ark:/13030/tf3n39n99w	Denton Ranch Collection (Jacume, Baja California Norte, Mexico)
http://www.oac.cdlib.org/findaid/ark:/13030/kt5489r88x	Dentz (Henri Fernand) typescript
http://www.oac.cdlib.org/findaid/ark:/13030/c8f191s1	Dentzel (Carl S.) Collection
http://www.oac.cdlib.org/findaid/ark:/13030/c89g5krx	Dentzel (Carl S.) Photograph Collection of the American West
http://www.oac.cdlib.org/findaid/ark:/13030/tf667nb151	Denver (James W.) Letters
http://www.oac.cdlib.org/findaid/ark:/13030/tf9m3nb430	Denver (James William) Papers
http://www.oac.cdlib.org/findaid/ark:/13030/kt587034vj	DePalma (Anthony) papers
http://www.oac.cdlib.org/findaid/ark:/13030/c8sj1jbn	DePaoli (Geri) Papers
http://www.oac.cdlib.org/findaid/ark:/13030/tf5489n83n	Department of Anthropology Records
http://www.oac.cdlib.org/findaid/ark:/13030/c8sf2wz6	Department of Anthropology (University of California, Irvine) Motion Pictures
http://www.oac.cdlib.org/findaid/ark:/13030/tf267n98x3	Department of Art Records
http://www.oac.cdlib.org/findaid/ark:/13030/kt9q2nf2ch	Department of Drama Publications, University of California, Irvine
http://www.oac.cdlib.org/findaid/ark:/13030/kt9h4nb5mx	Department of English and Comparative Literature Publications (University of California, Irvine)
http://www.oac.cdlib.org/findaid/ark:/13030/kt396nf1xt	Department of Environmental Health Records
http://www.oac.cdlib.org/findaid/ark:/13030/kt900008kt	Department of History Course Materials
http://www.oac.cdlib.org/findaid/ark:/13030/c8q81bsm	Department of History Records (University of California, Irvine)
http://www.oac.cdlib.org/findaid/ark:/13030/c8833qrq	Department of Information and Computer Sciences Records (University of California, Irvine)
http://www.oac.cdlib.org/findaid/ark:/13030/c8tx3gvd	Department of Medical Pathology Oral History Recordings
http://www.oac.cdlib.org/findaid/ark:/13030/kt3f59q9cv	Department of Music Publications, University of California, Irvine
http://www.oac.cdlib.org/findaid/ark:/13030/c8fb54b1	Department of Natural Resources report
http://www.oac.cdlib.org/findaid/ark:/13030/kt9v19s3ng	Department of Philosophy Records (University of California, Irvine)
http://www.oac.cdlib.org/findaid/ark:/13030/tf5s2005bv	Department of Physics Records
http://www.oac.cdlib.org/findaid/ark:/13030/kt6r29s3x1	Department of Social Science Photographs (University of California, Irvine)
http://www.oac.cdlib.org/findaid/ark:/13030/kt5n39r7kc	Department of Studio Art Publications, University of California, Irvine
http://www.oac.cdlib.org/findaid/ark:/13030/kt996nf4kz	Depelchin (Jacques) speeches
http://www.oac.cdlib.org/findaid/ark:/13030/c8ms3tbk	Dependency Among Mission-established Institutions
http://www.oac.cdlib.org/findaid/ark:/13030/kt1779r3p4	Depew (Ann Miller) papers
http://www.oac.cdlib.org/findaid/ark:/13030/kt129009tj	Deportations of 14 June 1941: Crimes against Humanity Conference Materials
http://www.oac.cdlib.org/findaid/ark:/13030/kt5t1nf12s	Derakhshesh (Mohammad) writings
http://www.oac.cdlib.org/findaid/ark:/13030/tf8j49p2rk	Derby (Howard) Collection
http://www.oac.cdlib.org/findaid/ark:/13030/tf2s2005sn	Dering (Richard) Letters
http://www.oac.cdlib.org/findaid/ark:/13030/kt6g5018zr	Derkum (Adam C.) papers
http://www.oac.cdlib.org/findaid/ark:/13030/kt0b69p857	Derleth, Charles
http://www.oac.cdlib.org/findaid/ark:/13030/tf687005w5	Derleth (Charles) Papers
http://www.oac.cdlib.org/findaid/ark:/13030/tf0q2nb1hm	Derleth (Charles) Papers - Photographs of the San Francisco Earthquake and Fire, 1868-1908, bulk 1906-1908
http://www.oac.cdlib.org/findaid/ark:/13030/kt1t1nc3t0	Derman (Lou) papers
http://www.oac.cdlib.org/findaid/ark:/13030/c8xd134f	DeRome (Albert Walton) Papers
http://www.oac.cdlib.org/findaid/ark:/13030/c8nc6065	Derrah (Robert Vincent) papers
http://www.oac.cdlib.org/findaid/ark:/13030/tf6d5nb406	Derrick (Clarence J.) Papers
http://www.oac.cdlib.org/findaid/ark:/13030/c86q1z2g	Derrick (Hubert G.) Papers
http://www.oac.cdlib.org/findaid/ark:/13030/c8z60mrk	Derrida (Jacques) Listserv Collection
http://www.oac.cdlib.org/findaid/ark:/13030/tf3q2nb26c	Derrida (Jacques) Papers
http://www.oac.cdlib.org/findaid/ark:/13030/kt187031nr	Derthick (Lawrence G.) papers
http://www.oac.cdlib.org/findaid/ark:/13030/tf496nb2cn	Des Marais (Paul) Collection of Music Manuscripts
http://www.oac.cdlib.org/findaid/ark:/13030/tf8g500646	DeSantis (Robert G.) Papers
http://www.oac.cdlib.org/findaid/ark:/13030/kt4h4nf0zg	Desbons (Georges) typescript
http://www.oac.cdlib.org/findaid/ark:/13030/kt8r29r2nk	The Desegregation Collection
http://www.oac.cdlib.org/findaid/ark:/13030/c88c9wwm	Desi del Valle Collection of International Lesbian and Gay Association Records
http://www.oac.cdlib.org/findaid/ark:/13030/kt8n39r9xf	Design and Construction Services Architectural Renderings (University of California, Irvine)
http://www.oac.cdlib.org/findaid/ark:/13030/kt9r29q8qc	Desmond (Paul) Papers
http://www.oac.cdlib.org/findaid/ark:/13030/tf8z09p28z	Desti (Mary) Collection on Isadora Duncan
http://www.oac.cdlib.org/findaid/ark:/13030/kt5779q4kv	Desti (Mary) Papers
http://www.oac.cdlib.org/findaid/ark:/13030/kt1c603244	Dettmann (Ludwig) printed reproductions of paintings
http://www.oac.cdlib.org/findaid/ark:/13030/kt587034w2	Detwiler (Donald S.) papers
http://www.oac.cdlib.org/findaid/ark:/13030/tf4h4nb0bg	Deutsch (Monroe E.) Papers
http://www.oac.cdlib.org/findaid/ark:/13030/tf9s2007nq	Deutsch (Monroe E.) Papers: Additions
http://www.oac.cdlib.org/findaid/ark:/13030/kt3z09r6c4	Deutsche Forschungsgemeinschaft correspondence
http://www.oac.cdlib.org/findaid/ark:/13030/kt0779r3wx	Deutsche Freiheitsliga leaflets
http://www.oac.cdlib.org/findaid/ark:/13030/kt6199s0tf	Deutsche National-Zeitung (Munich) newspaper issue
http://www.oac.cdlib.org/findaid/ark:/13030/kt6r29r9tx	Deutsche Union minutes
http://www.oac.cdlib.org/findaid/ark:/13030/ft8n39n9gd	Deutscher Schriftsteller-Verband Mitteilungen
http://www.oac.cdlib.org/findaid/ark:/13030/ft6r29n859	Deutsches Raketen- und Raumfahrt Museum Records
http://www.oac.cdlib.org/findaid/ark:/13030/tf1v19n53j	Deveike (Jone) Papers
http://www.oac.cdlib.org/findaid/ark:/13030/kt9779s469	Developmental Disabilities Council Records
http://www.oac.cdlib.org/findaid/ark:/13030/kt6p3042g8	Devendorf (Ada) Botanical drawings
http://www.oac.cdlib.org/findaid/ark:/13030/kt6j49s06d	Devendorf (Ada) Photographs
http://www.oac.cdlib.org/findaid/ark:/13030/tf2489n5bw	DeVries (Marion) Papers
http://www.oac.cdlib.org/findaid/ark:/13030/c8nc62p8	Dewar (John) Correspondence and Catalog
http://www.oac.cdlib.org/findaid/ark:/13030/kt1m3nf39t	Dewell (Benjamin) Papers
http://www.oac.cdlib.org/findaid/ark:/13030/tf2f59n5hf	Dewey (Charles S.) Papers
http://www.oac.cdlib.org/findaid/ark:/13030/c8zs2x2z	DeWolf (Wallace L.) Etchings
http://www.oac.cdlib.org/findaid/ark:/13030/kt5b69q3q3	DeWolfe (Barbara B.) Papers
http://www.oac.cdlib.org/findaid/ark:/13030/kt1t1nd7ns	Di Tella (Torcato S.) collection
http://www.oac.cdlib.org/findaid/ark:/13030/kt3w1034g5	Diamant (David) collection
http://www.oac.cdlib.org/findaid/ark:/13030/kt5m3nf0b4	Diamante (John C.) collection
http://www.oac.cdlib.org/findaid/ark:/13030/c8d50p5g	Diamond Jubilee procession photograph album
http://www.oac.cdlib.org/findaid/ark:/13030/kt767nf0wd	Diamond (Larry Jay) clippings collection
http://www.oac.cdlib.org/findaid/ark:/13030/kt058032tv	Diamond (Larry) Papers
http://www.oac.cdlib.org/findaid/ark:/13030/kt6b69s194	Diamond (Luryier) Opera Collection
http://www.oac.cdlib.org/findaid/ark:/13030/kt109nc9pk	Diamond (Marian Cleeves) Papers
http://www.oac.cdlib.org/findaid/ark:/13030/c8gx49jk	Diamond Match bulletins and matchbook designs
http://www.oac.cdlib.org/findaid/ark:/13030/c8tq62h1	Diana Press records
http://www.oac.cdlib.org/findaid/ark:/13030/c8pc33wj	Diane Jane Honodel papers
http://www.oac.cdlib.org/findaid/ark:/13030/c88917jj	Diane Solomon Civil Rights and Viet Nam War Era Button Collection
http://www.oac.cdlib.org/findaid/ark:/13030/kt0v19p2wg	Diary of a Farmwoman
http://www.oac.cdlib.org/findaid/ark:/13030/kt9j49s0jh	Diasamidze (David Dursunovich) papers
http://www.oac.cdlib.org/findaid/ark:/13030/kt438nf0wt	Diaz (Adolfo) statement
http://www.oac.cdlib.org/findaid/ark:/13030/kt6b69r9r8	Diaz (Felix) printed material
http://www.oac.cdlib.org/findaid/ark:/13030/kt5z09r7c7	Diaz (Nidia) papers
http://www.oac.cdlib.org/findaid/ark:/13030/kt5v19s0vw	Diaz (Ulises) Adobe LA Archive
http://www.oac.cdlib.org/findaid/ark:/13030/kt6h4nc9sz	Dibner (Eric) Papers
http://www.oac.cdlib.org/findaid/ark:/13030/tf3w1005nj	Dick (Hugh G.) Papers
http://www.oac.cdlib.org/findaid/ark:/13030/tf2v19n5f1	Dick (J. J. and Anna) Papers
http://www.oac.cdlib.org/findaid/ark:/13030/kt0c6034t4	Dick (Philip K.) (Collection on)
http://www.oac.cdlib.org/findaid/ark:/13030/tf6k4004zp	Dick (Philip K.) Papers
http://www.oac.cdlib.org/findaid/ark:/13030/kt167nc8zj	"Dick" Whittington Studio Collection of Negatives and Photographs
http://www.oac.cdlib.org/findaid/ark:/13030/tf0p3003mt	Dickens (Charles) Playbills Relating to
http://www.oac.cdlib.org/findaid/ark:/13030/c8tx3h4d	Dickens Fellowship Collection
http://www.oac.cdlib.org/findaid/ark:/13030/ft2199n4wd	Dickenson California Water Issues Collection
http://www.oac.cdlib.org/findaid/ark:/13030/c8xd13rh	Dickerman (Albert) Scrapbooks
http://www.oac.cdlib.org/findaid/ark:/13030/c8h70h9t	Dickerson (Warren C.) (1853-1936) Collection, circa 1890-1920
http://www.oac.cdlib.org/findaid/ark:/13030/kt0m3nc4mr	Dickey (Anna Ryder) Collection
http://www.oac.cdlib.org/findaid/ark:/13030/tf9199p2x6	Dickey (Donald R.) Papers
http://www.oac.cdlib.org/findaid/ark:/13030/kt5779r872	Dickey (Donald R.) Personal Photo Album
http://www.oac.cdlib.org/findaid/ark:/13030/kt509nc7nb	Dickey (Donald Ryder) Field Notes
http://www.oac.cdlib.org/findaid/ark:/13030/kt358035p5	Dickey (Donald Ryder) Personal Papers
http://www.oac.cdlib.org/findaid/ark:/13030/kt867nd59w	Dickey (Donald Ryder) Photographic Collection
http://www.oac.cdlib.org/findaid/ark:/13030/c86d5rfb	Dickey (William) Poems
http://www.oac.cdlib.org/findaid/ark:/13030/kt6t1nf0kc	Dickie (Jean Kellogg) collection
http://www.oac.cdlib.org/findaid/ark:/13030/c8hh6mdf	Dickie (John W.) &amp; Son records
http://www.oac.cdlib.org/findaid/ark:/13030/kt1b69r5gn	Dickinson (Dwight) letters
http://www.oac.cdlib.org/findaid/ark:/13030/kt1x0nd7z3	Dickinson (Dwight) papers
http://www.oac.cdlib.org/findaid/ark:/13030/kt7t1nf2t8	Dickinson (Thomas H.) history
http://www.oac.cdlib.org/findaid/ark:/13030/c88w3dv8	Dickison (Roland Bishop) Papers
http://www.oac.cdlib.org/findaid/ark:/13030/kt6s203558	Dickson (Dick) motion picture scripts
http://www.oac.cdlib.org/findaid/ark:/13030/kt9m3nf3ng	Dickson (Edward A.) Cuneiform Tablet collection
http://www.oac.cdlib.org/findaid/ark:/13030/tf9x0nb6dk	Dickson (Edward A.) Papers
http://www.oac.cdlib.org/findaid/ark:/13030/c8jd4z9r	Dickson (John Forrest) M.D., family correspondence.
http://www.oac.cdlib.org/findaid/ark:/13030/kt0h4nd999	Die Deutsche Ernahrungswirtschaft und die Lebensmittelkarten-Verteilung Gross-Berlins in den Kriegsjahren 1914-1918 und in der Ubergangszeit bis ende Marz 1922 typescript
http://www.oac.cdlib.org/findaid/ark:/13030/kt4199r6xt	Die Deutsche Jugendfuhrung in der Neuordnung typescript
http://www.oac.cdlib.org/findaid/ark:/13030/kt287032xp	Die Deutsche Mark von 1 Mark bis zur Billion: currency album
http://www.oac.cdlib.org/findaid/ark:/13030/kt6d5nf67g	Die Luft der Freihet weht - On and Off; On the Origins and History of the Stanford Motto
http://www.oac.cdlib.org/findaid/ark:/13030/kt1b69r5wv	Die Revolution in der deutschen Erziehung typescript
http://www.oac.cdlib.org/findaid/ark:/13030/kt0g50032k	Die-Cut Advertising Literature Collection
http://www.oac.cdlib.org/findaid/ark:/13030/c8k9390r	Diegueño Vocabulary
http://www.oac.cdlib.org/findaid/ark:/13030/kt2q2nd8s0	Diemer (Emma Lou) Papers, 1943- 2008
http://www.oac.cdlib.org/findaid/ark:/13030/kt8d5nc8kb	Diemer (Robert B.) papers
http://www.oac.cdlib.org/findaid/ark:/13030/kt1n39r5zv	Dienstaltersliste I des deutschen Heeres nach dem Stande vom 1. Mai 1943 printed material
http://www.oac.cdlib.org/findaid/ark:/13030/kt587033jd	Dietel (Werner) diary
http://www.oac.cdlib.org/findaid/ark:/13030/kt867nc9vn	Dieterle Family Records of French Art Galleries
http://www.oac.cdlib.org/findaid/ark:/13030/tf9z09p3vj	Dietrich &amp;amp; Leistner Realtors Records
http://www.oac.cdlib.org/findaid/ark:/13030/tf5t1nb1fs	Dietrick (James) Correspondence
http://www.oac.cdlib.org/findaid/ark:/13030/kt6g50347v	Diewerge (Wolfgang) typescript
http://www.oac.cdlib.org/findaid/ark:/13030/c8br8thw	A Different Light Bookstore in West Hollywood Records
http://www.oac.cdlib.org/findaid/ark:/13030/c83b61ch	Digest of the Laws of Kingdoms of the Indies
http://www.oac.cdlib.org/findaid/ark:/13030/kt0x0nd97w	Diggins (John P.) letters
http://www.oac.cdlib.org/findaid/ark:/13030/kt0t1nc9fw	Digital Equipment Corporation PDP-1 Computer Materials
http://www.oac.cdlib.org/findaid/ark:/13030/kt1m3nd12s	Dignity/San Francisco Records
http://www.oac.cdlib.org/findaid/ark:/13030/kt638nd4bn	Dignity/USA Records
http://www.oac.cdlib.org/findaid/ark:/13030/kt0199r29b	Dike (Phil) Collection
http://www.oac.cdlib.org/findaid/ark:/13030/kt3c6002s7	Dill (David Bruce) Harvard Fatigue Laboratory Reprints
http://www.oac.cdlib.org/findaid/ark:/13030/tf6q2nb1cd	Dill (Marshall, Sr.) Papers
http://www.oac.cdlib.org/findaid/ark:/13030/kt4j49s016	Diller (Phyllis) papers
http://www.oac.cdlib.org/findaid/ark:/13030/tf3779n6x4	Dilling (Margaret W.) Collection
http://www.oac.cdlib.org/findaid/ark:/13030/c8zs2x93	Dillingham (Walter Francis) Papers and Addenda
http://www.oac.cdlib.org/findaid/ark:/13030/kt0w101047	Dillon (Emil J.) Papers
http://www.oac.cdlib.org/findaid/ark:/13030/kt0m3nb5dp	Dillon (Fannie C.) papers
http://www.oac.cdlib.org/findaid/ark:/13030/ft987007xz	Dillon (Fannie Charles) collection of manuscripts, transparencies, and ozalid reproductions
http://www.oac.cdlib.org/findaid/ark:/13030/ft0580018s	Dillon (Richard H.) Collection of Photographs of San Francisco and the Mother Lode
http://www.oac.cdlib.org/findaid/ark:/13030/ft8f59n980	Dillon (Richard H.) papers
http://www.oac.cdlib.org/findaid/ark:/13030/kt6h4nc8z2	Dills (Ralph C.) Papers
http://www.oac.cdlib.org/findaid/ark:/13030/tf1d5n985q	Dilworth (Hiram P.) Papers
http://www.oac.cdlib.org/findaid/ark:/13030/kt3q2nb015	Diman Family Papers
http://www.oac.cdlib.org/findaid/ark:/13030/kt6v19s1qm	Dime Novel catalogs and publications
http://www.oac.cdlib.org/findaid/ark:/13030/c8j9684z	Dime Novels and General Pulps
http://www.oac.cdlib.org/findaid/ark:/13030/tf287001z1	Dimitrov (Georgi M.) Writings
http://www.oac.cdlib.org/findaid/ark:/13030/tf1t1n98w6	Dimmick (Kimball H.) Papers
http://www.oac.cdlib.org/findaid/ark:/13030/kt4r29r5b4	Dimon (W. Eugene) papers
http://www.oac.cdlib.org/findaid/ark:/13030/kt6f59r8rf	Dinges (John) papers
http://www.oac.cdlib.org/findaid/ark:/13030/c8c24vdv	Dinh (Anh-Thai Quang) Photographs of Refugee Camps in Malaysia, Indonesia, and Hong Kong
http://www.oac.cdlib.org/findaid/ark:/13030/kt8r29r9fv	Dinter (Artur) papers
http://www.oac.cdlib.org/findaid/ark:/13030/kt5779s12j	Diocesan Heritage Series collection
http://www.oac.cdlib.org/findaid/ark:/13030/c80k2b08	Diocese of Rochester Record Book
http://www.oac.cdlib.org/findaid/ark:/13030/kt2199r81q	Diplomatic Documents, 1404-1781
http://www.oac.cdlib.org/findaid/ark:/13030/tf0f59n4vh	Diplomatic Papers of Philip Dormer Stanhope, 4th Earl of Chesterfield
http://www.oac.cdlib.org/findaid/ark:/13030/tf22900568	DiPrima (Diane) Afterword (for the last bear)
http://www.oac.cdlib.org/findaid/ark:/13030/kt6d5nf66z	Director of Campus Organizations and Community Service Records (University of California, Irvine, Students Affairs)
http://www.oac.cdlib.org/findaid/ark:/13030/kt929029xg	Diridon (Rod) Papers
http://www.oac.cdlib.org/findaid/ark:/13030/c8hm5b3r	Dirks (George and William) papers
http://www.oac.cdlib.org/findaid/ark:/13030/hb4c6009sk	Disability Rights Education and Defense Fund, Inc., Washington, D.C. Office Records
http://www.oac.cdlib.org/findaid/ark:/13030/c8td9vq8	Disability Rights Education and Defense Fund Records
http://www.oac.cdlib.org/findaid/ark:/13030/kt400019dm	Disability Rights Leadership Archive Video Collection
http://www.oac.cdlib.org/findaid/ark:/13030/kt7f59r9np	Disabled Officers Association miscellaneous records
http://www.oac.cdlib.org/findaid/ark:/13030/kt2c60199h	Disabled Students Program Photograph Collection
http://www.oac.cdlib.org/findaid/ark:/13030/kt4g5005m2	Disabled Students' Program Records
http://www.oac.cdlib.org/findaid/ark:/13030/kt6j49s0jk	Discovery Claims of Scholes Quartz Sedge Scott Valley
http://www.oac.cdlib.org/findaid/ark:/13030/kt6f59s2pz	Diseños : maps and plans of ranchos of Southern California, mostly within Los Angeles and Orange counties
http://www.oac.cdlib.org/findaid/ark:/13030/kt438nf0ts	Disney (Stanley E.) papers
http://www.oac.cdlib.org/findaid/ark:/13030/c89p334c	Disney Transparency Collection, ca.1940
http://www.oac.cdlib.org/findaid/ark:/13030/c8d21z54	Disney (Walt) Collection
http://www.oac.cdlib.org/findaid/ark:/13030/tf0n39n6m5	Disneyland Employee and Promotional Materials Collection
http://www.oac.cdlib.org/findaid/ark:/13030/tf9r29p1gk	Displaced Homemakers Center Archives Collection
http://www.oac.cdlib.org/findaid/ark:/13030/kt6199n824	Dissertations on Greek and Roman Antiquity Collection
http://www.oac.cdlib.org/findaid/ark:/13030/kt2g50325m	Dissolved Companies Files (Great Britain Board of Trade)
http://www.oac.cdlib.org/findaid/ark:/13030/tf5779n73t	Districts Securities Commission Records
http://www.oac.cdlib.org/findaid/ark:/13030/kt8s2036fh	Diterichs (Agnes M. ) Papers
http://www.oac.cdlib.org/findaid/ark:/13030/kt8779s3wv	Div. of Interp., Education and Partnership
http://www.oac.cdlib.org/findaid/ark:/13030/kt4c6038nq	Div. of Maintenance and Construction Records
http://www.oac.cdlib.org/findaid/ark:/13030/kt6199s4wd	Div. of Resource Management and Science Records
http://www.oac.cdlib.org/findaid/ark:/13030/kt9m3nf6wj	Diversity in U. S. Medical Schools Oral History Collection
http://www.oac.cdlib.org/findaid/ark:/13030/kt9g5023zq	Dividing the Waters Collection
http://www.oac.cdlib.org/findaid/ark:/13030/kt596nf30f	Division of Agriculture Records
http://www.oac.cdlib.org/findaid/ark:/13030/kt1489q206	Dix (Richard) Photograph Collection
http://www.oac.cdlib.org/findaid/ark:/13030/c8rj4k1v	Dixon, Amzi Clarence: Archival Collection on Microfiche
http://www.oac.cdlib.org/findaid/ark:/13030/tf5199n9qs	Dixon (Compton C.) vs. State of Calif. Transcripts
http://www.oac.cdlib.org/findaid/ark:/13030/c870834r	Dixon (Joseph S.) papers
http://www.oac.cdlib.org/findaid/ark:/13030/kt0199p858	Dixon (Julian C.) Papers
http://www.oac.cdlib.org/findaid/ark:/13030/tf7t1nb5xk	Dixon (Laurence Belmont) Papers
http://www.oac.cdlib.org/findaid/ark:/13030/c87w6css	Dixon (Maynard) Collection
http://www.oac.cdlib.org/findaid/ark:/13030/tf8c600741	Dixon (Maynard) Papers
http://www.oac.cdlib.org/findaid/ark:/13030/tf2r29n9xj	Dixon (Robert E.) Papers
http://www.oac.cdlib.org/findaid/ark:/13030/tf567nb35p	Dixon (William H.) Papers
http://www.oac.cdlib.org/findaid/ark:/13030/c81n8029	DjeDje (Jacqueline Cogdell) Collection =
http://www.oac.cdlib.org/findaid/ark:/13030/c82b90hq	Djerassi (Carl) Papers
http://www.oac.cdlib.org/findaid/ark:/13030/kt529036wq	Djerassi (Pamela) Visiting Artist: Barbara Ross Greenberg [videorecording]
http://www.oac.cdlib.org/findaid/ark:/13030/kt0x0nd98d	Djibouti subject collection
http://www.oac.cdlib.org/findaid/ark:/13030/kt0x0nd95v	Djilas (Milovan) writings
http://www.oac.cdlib.org/findaid/ark:/13030/kt209nd874	Djordjevich (Dusan J.) interview transcripts
http://www.oac.cdlib.org/findaid/ark:/13030/kt9489s08r	Djurdjevic (Robert Slobodan) papers
http://www.oac.cdlib.org/findaid/ark:/13030/kt6q2nf2wb	Dmitrievskii (Sergei Vasil'evich) typescript
http://www.oac.cdlib.org/findaid/ark:/13030/kt4b69r8bz	Dmowski (Roman) typescript
http://www.oac.cdlib.org/findaid/ark:/13030/kt8k4028cp	Do (Dinh Tuan) Collection of Vietnamese Periodicals.
http://www.oac.cdlib.org/findaid/ark:/13030/kt4z09r86t	Doan (Van Toai) miscellany
http://www.oac.cdlib.org/findaid/ark:/13030/kt0r29r868	Doane (Rennie Wilbur) Correspondence
http://www.oac.cdlib.org/findaid/ark:/13030/tf467n99rm	Dobbin (Hamilton H.) Collection
http://www.oac.cdlib.org/findaid/ark:/13030/kt7c6037n5	Dobbins (Dick) Collection on the Pacific Coast League
http://www.oac.cdlib.org/findaid/ark:/13030/tf1q2n98kw	Dobie (Charles C.) Papers
http://www.oac.cdlib.org/findaid/ark:/13030/kt7s20144p	Dobkevich (Anton Antonovich) Papers
http://www.oac.cdlib.org/findaid/ark:/13030/kt200014h4	Doble (Abner) Papers
http://www.oac.cdlib.org/findaid/ark:/13030/kt3p30193p	Doble Steam Motors Corporation photograph collection
http://www.oac.cdlib.org/findaid/ark:/13030/kt9w10382r	Dobriansky (Lev E.) papers
http://www.oac.cdlib.org/findaid/ark:/13030/c82v2gvh	Dobrin (Michael) photograph collection
http://www.oac.cdlib.org/findaid/ark:/13030/kt5x0nf09k	Dobrynin (Vasilii A.) typescript
http://www.oac.cdlib.org/findaid/ark:/13030/kt7290353z	Dobson (Helen Cutter) papers
http://www.oac.cdlib.org/findaid/ark:/13030/kt9m3nf3hd	Dobson (Richard B.) conference papers
http://www.oac.cdlib.org/findaid/ark:/13030/c85q4z46	Dobson (Sylvia) papers
http://www.oac.cdlib.org/findaid/ark:/13030/c8251js5	Docker, Jr. (Charles Fyner) sea journal
http://www.oac.cdlib.org/findaid/ark:/13030/c8708267	Dockweiler Family Collection
http://www.oac.cdlib.org/findaid/ark:/13030/kt6v19r77t	Dockweiler Family Papers
http://www.oac.cdlib.org/findaid/ark:/13030/kt9f59r9f6	Dockweiler (John Henry) Papers, Water Resources Collection
http://www.oac.cdlib.org/findaid/ark:/13030/tf729005gz	Documentos de la Comisión Confidencial [Vega, Plácido]
http://www.oac.cdlib.org/findaid/ark:/13030/tf2m3n998c	Documentos de la Secretara de Relaciones Exteriores de Mexico, 1764-1921
http://www.oac.cdlib.org/findaid/ark:/13030/tf9k4007f9	Documentos originales para la historia de la Baja California y sobre todo de la Colonia Militar de la Frontera
http://www.oac.cdlib.org/findaid/ark:/13030/tf3580037s	Documentos para la historia de California
http://www.oac.cdlib.org/findaid/ark:/13030/tf7s20060s	Documentos para la historia de California, 1749-1850 [Carillo, Domingo A.I.]
http://www.oac.cdlib.org/findaid/ark:/13030/tf1d5n989s	Documentos para la historia de California, 1799-1845 [Carillo, Jos]
http://www.oac.cdlib.org/findaid/ark:/13030/tf4199n6ph	Documentos para la historia de California, 1801-1851 [Carillo, Pedro C.]
http://www.oac.cdlib.org/findaid/ark:/13030/tf3290034k	Documentos para la Historia de California, 1802-1847 [Olvera, Agustín]
http://www.oac.cdlib.org/findaid/ark:/13030/tf8v19p0cw	Documentos para la historia de California, 1821-1872 [Coronel, Antonio F.]
http://www.oac.cdlib.org/findaid/ark:/13030/tf4m3nb0m8	Documentos para la historia de California, 1827-1858 [Fitch, Henry D.]
http://www.oac.cdlib.org/findaid/ark:/13030/tf0779n4jj	Documentos para la historia de California, 1827-1873 [Avila, Miguel]
http://www.oac.cdlib.org/findaid/ark:/13030/tf967nb45d	Documentos para la historia de California, 1828-1875 [Castro, Manuel de colección]
http://www.oac.cdlib.org/findaid/ark:/13030/tf9k4007ds	Documentos para la historia de California, 1846-1847, and especially concerning the Battle of San Pascual: 1846-1876
http://www.oac.cdlib.org/findaid/ark:/13030/tf729005hg	Documentos para la historia de California, 1878 [Del Valle, Ignacio]
http://www.oac.cdlib.org/findaid/ark:/13030/tf7h4nb2q2	Documentos para la historia de California [Bonilla, José M.]
http://www.oac.cdlib.org/findaid/ark:/13030/tf0q2n982t	Documentos para la historia de California: colección del Sr. Don Rafael Pinto
http://www.oac.cdlib.org/findaid/ark:/13030/tf5z09n82c	Documentos relativos a las misiones del Nuevo Mexico
http://www.oac.cdlib.org/findaid/ark:/13030/tf7p3006ct	Documents Concerning Government Affairs in Mexico
http://www.oac.cdlib.org/findaid/ark:/13030/kt0f59r628	Documents for the history of Mexico
http://www.oac.cdlib.org/findaid/ark:/13030/c83j3c9p	Documents for the History of Nineteenth-Century Los Angeles, 1846-1908
http://www.oac.cdlib.org/findaid/ark:/13030/tf400003m1	Documents for the history of the conquest of California
http://www.oac.cdlib.org/findaid/ark:/13030/c8k64jtr	Documents for the History of the Daniel Freeman Family and the Rancho Centinela.
http://www.oac.cdlib.org/findaid/ark:/13030/c82b8zkt	Documents for the History of the Machado Family and the Rancho la Ballona
http://www.oac.cdlib.org/findaid/ark:/13030/tf096nb0hh	Documents of the San Diego Mayor
http://www.oac.cdlib.org/findaid/ark:/13030/tf1d5n9888	Documents reflecting relations of Indians and Spaniards over tribute, wool mills, treatment of the natives, and government regulations, 1544-1608 (Morelia, Mexico)
http://www.oac.cdlib.org/findaid/ark:/13030/tf7p300688	Documents Relating to British West Indies
http://www.oac.cdlib.org/findaid/ark:/13030/tf400003hg	Documents relating to Coahuila, Coahuila and Tejas, and Neuvo León y Coahuila
http://www.oac.cdlib.org/findaid/ark:/13030/c8d50ns4	Documents Relating to John Woodhouse Audubon Drawings at the Southwest Museum
http://www.oac.cdlib.org/findaid/ark:/13030/tf9m3nb472	Documents relating to land transactions in Baja California
http://www.oac.cdlib.org/findaid/ark:/13030/tf2k4002vx	Documents relating to Missions of the Californias
http://www.oac.cdlib.org/findaid/ark:/13030/tf5p3004xh	Documents Relating to Peru
http://www.oac.cdlib.org/findaid/ark:/13030/tf409nb043	Documents Relating to Saint-Barthelemy
http://www.oac.cdlib.org/findaid/ark:/13030/tf7c600626	Documents Relating to Texas
http://www.oac.cdlib.org/findaid/ark:/13030/tf4n39n7c8	Documents relating to the Juzgado de Indios
http://www.oac.cdlib.org/findaid/ark:/13030/tf8g5009kc	Dodd (David) Grateful Dead Collection
http://www.oac.cdlib.org/findaid/ark:/13030/kt258019w0	Dodd (Lawrence E.) Papers
http://www.oac.cdlib.org/findaid/ark:/13030/kt4s203455	Dodd (Norris E.) papers
http://www.oac.cdlib.org/findaid/ark:/13030/ft2x0nb0bv	Dodd (Paul A.) Papers
http://www.oac.cdlib.org/findaid/ark:/13030/kt7c6041r8	Dodds (John Wendel) Papers
http://www.oac.cdlib.org/findaid/ark:/13030/kt538nd9hb	Dodge (Alice Sinclair) collection
http://www.oac.cdlib.org/findaid/ark:/13030/c8sf2xnk	Dodge City Cowboy Band and Jack Sinclair Collection
http://www.oac.cdlib.org/findaid/ark:/13030/kt7489r9fm	Dodge (Frank) Scrapbook
http://www.oac.cdlib.org/findaid/ark:/13030/kt2f59s071	Dodge (Melvin G) Photograph Album
http://www.oac.cdlib.org/findaid/ark:/13030/tf2v19n9bd	Dodge-Drullard Family Collection
http://www.oac.cdlib.org/findaid/ark:/13030/kt1p3033qc	Doeberitz miscellany
http://www.oac.cdlib.org/findaid/ark:/13030/kt75803633	Doerr (Claudia Owen) collection
http://www.oac.cdlib.org/findaid/ark:/13030/tf1w1001tk	Doerr (Harriet) Papers
http://www.oac.cdlib.org/findaid/ark:/13030/tf738nb4bq	Doheny (Estelle) Miscellanea
http://www.oac.cdlib.org/findaid/ark:/13030/tf4n39n7ds	Dohrmann (Fred W.) -- Letters of condolence on his death
http://www.oac.cdlib.org/findaid/ark:/13030/tf100001g2	Dohrmann (Frederick W.) Family Papers
http://www.oac.cdlib.org/findaid/ark:/13030/kt6m3nf2pk	Dokumentacni centrum A. Z. video tapes
http://www.oac.cdlib.org/findaid/ark:/13030/kt3199r8tx	Dokumentation uber die im KZ-Lager Auschwitz erfolgte Entziehung der Wertgegenstande und deren Verbringung nach Berlin, ferner uber die Begleitumstande der Deportation ungarischer verfolgten im Jahre 1944 typescript,
http://www.oac.cdlib.org/findaid/ark:/13030/kt9x0nf3fb	Dolan (John A.) papers
http://www.oac.cdlib.org/findaid/ark:/13030/tf6n39n91p	Dolbeer Carson Lumber Company Records
http://www.oac.cdlib.org/findaid/ark:/13030/kt1k4033hm	Dolbezhev (Konstantin Vladimirovich) processed volume
http://www.oac.cdlib.org/findaid/ark:/13030/tf0s200127	Dole (George H.) Papers
http://www.oac.cdlib.org/findaid/ark:/13030/c8dr2xkc	Dole, Gertrude letters
http://www.oac.cdlib.org/findaid/ark:/13030/kt896nf7mm	Dole (Hazel Traphagen) Scrapbook
http://www.oac.cdlib.org/findaid/ark:/13030/c880545s	Dole (William) papers
http://www.oac.cdlib.org/findaid/ark:/13030/kt9199s01g	Dolgorouky (Princess Barbara) memoirs
http://www.oac.cdlib.org/findaid/ark:/13030/tf0g5003mh	Dolinsky (Meyer) Television and Motion Picture Scripts
http://www.oac.cdlib.org/findaid/ark:/13030/tf596nb1cg	Dollar (Robert) Papers
http://www.oac.cdlib.org/findaid/ark:/13030/c8jm2bch	Dollar (Robert Stanley) Christmas card and Marco Polo club membership card.
http://www.oac.cdlib.org/findaid/ark:/13030/kt909nf8wk	Dollens (Morris Scott) papers
http://www.oac.cdlib.org/findaid/ark:/13030/c82j6cn0	Dolores del Río "Ramona" Film Stills
http://www.oac.cdlib.org/findaid/ark:/13030/tf700004zm	Dolwig (Richard J.) Collection
http://www.oac.cdlib.org/findaid/ark:/13030/kt5j49r99j	Dolzhenkova (Nataliia Nikolaevna) typescript
http://www.oac.cdlib.org/findaid/ark:/13030/tf9q2nb3t1	Dom Polskich Dzieci Records
http://www.oac.cdlib.org/findaid/ark:/13030/kt309nf0c3	Domanenko (General) holograph
http://www.oac.cdlib.org/findaid/ark:/13030/kt5v19q52h	Dominguez Family Title Insurance and Trust Company Records
http://www.oac.cdlib.org/findaid/ark:/13030/kt2b69r70p	Dominguez Land Corporation Collection
http://www.oac.cdlib.org/findaid/ark:/13030/kt258019rx	Dominguez Water Corporation Collection
http://www.oac.cdlib.org/findaid/ark:/13030/kt000030m1	Domke (Paul C.) audiovisual materials
http://www.oac.cdlib.org/findaid/ark:/13030/tf1d5nb04s	Don Fedderson Productions Collection of Television Production Material
http://www.oac.cdlib.org/findaid/ark:/13030/kt958036jf	Donaho (Glynn Robert) papers
http://www.oac.cdlib.org/findaid/ark:/13030/c8j967wd	Donahue (Lester) Performing Arts Collection
http://www.oac.cdlib.org/findaid/ark:/13030/c85q4ts2	"Donald B. Tresidder, Stanford's Overlooked Treasure" Research Materials
http://www.oac.cdlib.org/findaid/ark:/13030/c8j964rc	Donald Bren Events Center Construction Photograph Album (University of California, Irvine)
http://www.oac.cdlib.org/findaid/ark:/13030/c89p3311	Donald Pippin Collection
http://www.oac.cdlib.org/findaid/ark:/13030/kt2489n7sx	Donaldson (Will) Collection of Material by Theodore Dreiser and Dreiseriana
http://www.oac.cdlib.org/findaid/ark:/13030/kt0z09r2br	Donat (Hans von.) typescript
http://www.oac.cdlib.org/findaid/ark:/13030/kt8h4nf5kf	Donated Oral Histories collection
http://www.oac.cdlib.org/findaid/ark:/13030/kt5g5035mq	Donati (Enrico) Letters received and manuscripts
http://www.oac.cdlib.org/findaid/ark:/13030/kt838nf5vz	Donato (Eugenio) Papers
http://www.oac.cdlib.org/findaid/ark:/13030/c8m32xdf	Donen (Stanley) papers
http://www.oac.cdlib.org/findaid/ark:/13030/kt2h4nd9bf	Dong (Wonmo) conference papers
http://www.oac.cdlib.org/findaid/ark:/13030/c87w6d0w	Dongyuan da dui ge ming wei yuan hui. Qing dui xiao zu miscellaneous records
http://www.oac.cdlib.org/findaid/ark:/13030/kt4779r7bt	Donhauser (Anton) typescript
http://www.oac.cdlib.org/findaid/ark:/13030/kt338nf0fs	Donis (Alex) Collection
http://www.oac.cdlib.org/findaid/ark:/13030/kt238nd8wm	Donitz (Karl) writings,
http://www.oac.cdlib.org/findaid/ark:/13030/c8jw8fhk	The Donna Reed Show Collection
http://www.oac.cdlib.org/findaid/ark:/13030/kt5w1035rd	Donnelly (Dorothy Dody H.) Papers
http://www.oac.cdlib.org/findaid/ark:/13030/kt229032c3	Donohoe (Christine) collection
http://www.oac.cdlib.org/findaid/ark:/13030/tf9x0nb471	Donohue Kelly Kelly &amp; Co. Records
http://www.oac.cdlib.org/findaid/ark:/13030/tf8s2006kw	Donovan (James B.) Papers
http://www.oac.cdlib.org/findaid/ark:/13030/kt8c6036mg	Dony (Franciscus Lucien Marie) papers
http://www.oac.cdlib.org/findaid/ark:/13030/tf509nb66b	Dooley (E. T.) Arbor Villa: the Home of Mr. &amp; Mrs. F. M. Smith, 1902
http://www.oac.cdlib.org/findaid/ark:/13030/c8280986	Doolittle (Harold L.) collection of art prints
http://www.oac.cdlib.org/findaid/ark:/13030/kt2870353q	Doolittle (John) Papers
http://www.oac.cdlib.org/findaid/ark:/13030/tf0v19n7xm	Doolittle (Russell) Biochemistry Laboratory Records
http://www.oac.cdlib.org/findaid/ark:/13030/tf938nb3cc	Dooman (Eugene Hoffman) Papers
http://www.oac.cdlib.org/findaid/ark:/13030/c88p617q	Door frame from the Edward Heller house designed by George Washington Smith
http://www.oac.cdlib.org/findaid/ark:/13030/kt0199r698	Doran (Phil) papers
http://www.oac.cdlib.org/findaid/ark:/13030/kt2199q0ss	Dorbin (Sanford) Papers
http://www.oac.cdlib.org/findaid/ark:/13030/kt8m3nf7h1	Dorje (Hungkar) interview
http://www.oac.cdlib.org/findaid/ark:/13030/kt5s2034vt	Dormidontova (N. V.) interview transcript
http://www.oac.cdlib.org/findaid/ark:/13030/kt4w1021v8	Dorn (Arlene) Papers
http://www.oac.cdlib.org/findaid/ark:/13030/c8154fdt	Dorn (Edward) papers
http://www.oac.cdlib.org/findaid/ark:/13030/tf8f59n9h7	Dorn (Frank) Papers
http://www.oac.cdlib.org/findaid/ark:/13030/kt4n39s19g	Dornbusch (Sanford M.) Papers
http://www.oac.cdlib.org/findaid/ark:/13030/kt0t1nd6ph	Dorogoi tragedii Rossii holograph
http://www.oac.cdlib.org/findaid/ark:/13030/c8x63kx7	Dorothy Luckenbach Quinn (built 1919; freighter) logbook
http://www.oac.cdlib.org/findaid/ark:/13030/c8mg7q25	Dorr (Louis L.) papers
http://www.oac.cdlib.org/findaid/ark:/13030/tf5s2004q2	Dorr (William R.) California railroad clubs : photograph albums
http://www.oac.cdlib.org/findaid/ark:/13030/kt9s203975	Dorrian (Cecil) papers
http://www.oac.cdlib.org/findaid/ark:/13030/kt0v19r78g	Dorset (Helen) Photograph Album
http://www.oac.cdlib.org/findaid/ark:/13030/kt9v19r2r3	Dorsett (Graham C.) photograph collection
http://www.oac.cdlib.org/findaid/ark:/13030/tf8j49p2s3	Dorsey (Daniel A.) Civil War Scrapbook &amp; Memorabilia
http://www.oac.cdlib.org/findaid/ark:/13030/kt4t1nf07k	Dorten (Hans Adam) papers
http://www.oac.cdlib.org/findaid/ark:/13030/kt700021b3	Dos Passos (John) Letters
http://www.oac.cdlib.org/findaid/ark:/13030/kt3c6033hx	Dossier PG-Rapatries printed material
http://www.oac.cdlib.org/findaid/ark:/13030/kt4f59q9h7	Dothard (Robert L.) Collection
http://www.oac.cdlib.org/findaid/ark:/13030/c8pn9679	Dothee (Albert) drawings of the Hayes house
http://www.oac.cdlib.org/findaid/ark:/13030/kt8z09r951	Dotsenko (Paul) miscellaneous papers
http://www.oac.cdlib.org/findaid/ark:/13030/c83j3bc5	Dotson (Stephen) AIDS Project Los Angeles Candlelight Vigil Photographs
http://www.oac.cdlib.org/findaid/ark:/13030/kt22900422	Doty (Edward R.) Collection
http://www.oac.cdlib.org/findaid/ark:/13030/kt5w10371h	Doub (William Offutt) papers
http://www.oac.cdlib.org/findaid/ark:/13030/kt5t1nf579	Doud (Francis) Papers
http://www.oac.cdlib.org/findaid/ark:/13030/kt5779q5jt	Dougan (Olive Constant) Collection
http://www.oac.cdlib.org/findaid/ark:/13030/kt1m3nd0zr	Dougan (Robert O.) Collection
http://www.oac.cdlib.org/findaid/ark:/13030/tf900006bw	Dougherty Family Correspondence
http://www.oac.cdlib.org/findaid/ark:/13030/tf4h4nb2k2	Dougherty (John) Papers
http://www.oac.cdlib.org/findaid/ark:/13030/kt067nd8s3	Douglas (Charles B.) photographs
http://www.oac.cdlib.org/findaid/ark:/13030/kt838nf0sh	Douglas (Howard T.) Records
http://www.oac.cdlib.org/findaid/ark:/13030/kt6c6027qf	Douglas (James Russell) Correspondence
http://www.oac.cdlib.org/findaid/ark:/13030/tf500003vz	Douglas (James S.) Miscellaneous Papers
http://www.oac.cdlib.org/findaid/ark:/13030/kt1870339j	Douglas (Lord Alfred) Collection
http://www.oac.cdlib.org/findaid/ark:/13030/tf196nb0cr	Douglas (Norman) Papers
http://www.oac.cdlib.org/findaid/ark:/13030/c8736rnm	Douglas (Walter) Portrait and Oral History Collection
http://www.oac.cdlib.org/findaid/ark:/13030/tf496nb330	Douglass (Robert) Army Discharge Certificate
http://www.oac.cdlib.org/findaid/ark:/13030/tf3x0nb297	Doumani (Roy and Carol) Papers
http://www.oac.cdlib.org/findaid/ark:/13030/c86972wm	Douthit (James L.) photographs and oral histories
http://www.oac.cdlib.org/findaid/ark:/13030/kt2j49p4bt	Dow (Arthur W.) and Students of the UCLA Dow Assn. Collection of Material
http://www.oac.cdlib.org/findaid/ark:/13030/c8cr5rrc	Dow (Elizabeth) Photograph Album
http://www.oac.cdlib.org/findaid/ark:/13030/tf058004z6	Dow (Wallace H.) Souvenir of Blue Lakes, Lake Co., Calif. Views, ca. 1895
http://www.oac.cdlib.org/findaid/ark:/13030/c84j0gnk	Dowd (Nancy) papers
http://www.oac.cdlib.org/findaid/ark:/13030/tf5m3nb0v6	Dowd (Patrick) Papers
http://www.oac.cdlib.org/findaid/ark:/13030/kt9w1022xb	Dowdy (Andrew H.) Collection of Material about John F. Kennedy
http://www.oac.cdlib.org/findaid/ark:/13030/kt696nf4n2	Dowley (Edith) and the Bing Nursery School Collection
http://www.oac.cdlib.org/findaid/ark:/13030/c8pg1sjm	Dowling (Adrienne Van Holt) Collection
http://www.oac.cdlib.org/findaid/ark:/13030/tf8779n9mg	Downey (Sheridan) Papers
http://www.oac.cdlib.org/findaid/ark:/13030/c8474bd6	Downey (William) Papers
http://www.oac.cdlib.org/findaid/ark:/13030/c8tm7bv5	Downie (Harry) Scrapbook
http://www.oac.cdlib.org/findaid/ark:/13030/tf9p3013xq	Downieville - Panorama ca. 1860-ca. 1870
http://www.oac.cdlib.org/findaid/ark:/13030/tf8c6005xz	Dowrick (Thomas) Collection
http://www.oac.cdlib.org/findaid/ark:/13030/kt7n39s58t	Doyle (Anastasia) Correspondence
http://www.oac.cdlib.org/findaid/ark:/13030/tf1j49n7qv	Doyle (Arthur Conan) Sign of the four
http://www.oac.cdlib.org/findaid/ark:/13030/kt638nf1tw	Doyle (Denis P.) papers
http://www.oac.cdlib.org/findaid/ark:/13030/tf0h4n97j8	Doyle (Dorothy) Collection: Blacklisted Teachers in Los Angeles (Interviews)
http://www.oac.cdlib.org/findaid/ark:/13030/kt0m3nd5gm	Doyle (Helen R.) pitcher
http://www.oac.cdlib.org/findaid/ark:/13030/tf2f59n58t	Doyle (John T.) Collection
http://www.oac.cdlib.org/findaid/ark:/13030/tf3779n5m0	Doyle (John T.) Papers
http://www.oac.cdlib.org/findaid/ark:/13030/tf6199p0n5	Doyle (Kirby) Poetry Typescripts
http://www.oac.cdlib.org/findaid/ark:/13030/tf996nb3g7	Dozer (Donald M.) Papers
http://www.oac.cdlib.org/findaid/ark:/13030/kt1489n4pm	Dozer (Donald M.) Papers
http://www.oac.cdlib.org/findaid/ark:/13030/kt9p30409n	Dr. Ehrlich's Magic Bullet, script and production research materials
http://www.oac.cdlib.org/findaid/ark:/13030/tf1000043t	Dr. Seuss Collection
http://www.oac.cdlib.org/findaid/ark:/13030/kt1j49r6pj	Dr. Walter Feuereisen papers
http://www.oac.cdlib.org/findaid/ark:/13030/kt6p3042zh	Dr. Walther Heess Certificate of Appointment
http://www.oac.cdlib.org/findaid/ark:/13030/kt3r29r5mz	Drachkovitch (Milorad M.) papers
http://www.oac.cdlib.org/findaid/ark:/13030/kt2q2nd9br	Drachler (Norman) papers
http://www.oac.cdlib.org/findaid/ark:/13030/kt9k403818	Drag (Francis L.) papers
http://www.oac.cdlib.org/findaid/ark:/13030/tf1t1n98fg	Dragnich (Alex N.) Papers
http://www.oac.cdlib.org/findaid/ark:/13030/kt367nd9z3	Drake (Belle U.) letter
http://www.oac.cdlib.org/findaid/ark:/13030/kt4t1nc772	Drake (William A.) Papers
http://www.oac.cdlib.org/findaid/ark:/13030/tf8k4006j2	Drama Department Records
http://www.oac.cdlib.org/findaid/ark:/13030/tf3779n87r	Dramatic Arts Sales Catalog Collection
http://www.oac.cdlib.org/findaid/ark:/13030/tf6000046x	Draper (Anne P.) Papers
http://www.oac.cdlib.org/findaid/ark:/13030/tf429003fj	Draper (Anne) Papers
http://www.oac.cdlib.org/findaid/ark:/13030/kt2q2nb7nj	Draper (Barbara) Papers
http://www.oac.cdlib.org/findaid/ark:/13030/tf0z09n45f	Draper (Theodore) Papers
http://www.oac.cdlib.org/findaid/ark:/13030/kt6580355b	Dratsenko (D. P.) miscellaneous papers
http://www.oac.cdlib.org/findaid/ark:/13030/c8qv3n5w	Drawing of a proposed parking facility for El Paseo
http://www.oac.cdlib.org/findaid/ark:/13030/kt8h4nd0m3	Drawings of Indians and California Scenery
http://www.oac.cdlib.org/findaid/ark:/13030/tf6z09n8jx	Drayton (William A.) Papers
http://www.oac.cdlib.org/findaid/ark:/13030/kt967nf6dp	"Dreams of a City: Creating East Palo Alto" [videorecording]
http://www.oac.cdlib.org/findaid/ark:/13030/tf0n39n6np	Dreier (Hans) Collection of Motion Picture Set Designs
http://www.oac.cdlib.org/findaid/ark:/13030/kt0g5030h6	Drell (Sidney D.) Miscellaneous Papers
http://www.oac.cdlib.org/findaid/ark:/13030/kt6g5013m5	Drenikoff (Kyril) papers
http://www.oac.cdlib.org/findaid/ark:/13030/kt587038z1	Drenton (Theodore) Papers
http://www.oac.cdlib.org/findaid/ark:/13030/tf2w1002g6	Dresel (Ellis L.) Papers
http://www.oac.cdlib.org/findaid/ark:/13030/tf596nb0q5	Dresser (Robert B.) Papers
http://www.oac.cdlib.org/findaid/ark:/13030/tf138n97hf	Dressler (Albert) Collection
http://www.oac.cdlib.org/findaid/ark:/13030/tf2n39p0hs	Dressler's Pioneer Place, ca. 1920s
http://www.oac.cdlib.org/findaid/ark:/13030/kt609nf6bd	Drew (Gerald Augustin) papers
http://www.oac.cdlib.org/findaid/ark:/13030/kt887036mt	Drewes (Steven) motion picture film collection
http://www.oac.cdlib.org/findaid/ark:/13030/c8mp543w	Drewry Tournament of Roses Collection, ca. 1953-1969
http://www.oac.cdlib.org/findaid/ark:/13030/c8z039tt	Drews (William P.) Papers
http://www.oac.cdlib.org/findaid/ark:/13030/kt2z09r4jf	Dreyer (William J.) papers
http://www.oac.cdlib.org/findaid/ark:/13030/kt7m3nf5nt	Driggs (Edwin Ogden) Papers
http://www.oac.cdlib.org/findaid/ark:/13030/ft6k4007zh	Dring (Harry) Papers
http://www.oac.cdlib.org/findaid/ark:/13030/tf6s2005hr	Dring (Harry) Photographs
http://www.oac.cdlib.org/findaid/ark:/13030/tf0489n4gv	Drips (Andrew) Papers
http://www.oac.cdlib.org/findaid/ark:/13030/kt3w100345	Driscoll (Thomas) Collection
http://www.oac.cdlib.org/findaid/ark:/13030/tf896nb3gx	Drobish (Harry E.) Papers
http://www.oac.cdlib.org/findaid/ark:/13030/tf738nb5fr	Drobish (Harry Everett) Papers - Migrant Labor Camp Photographs, 1935-1936
http://www.oac.cdlib.org/findaid/ark:/13030/tf1290021x	Drought and Water Conservation Collection
http://www.oac.cdlib.org/findaid/ark:/13030/kt000030p2	Drozdowski (Marian Marek) collection
http://www.oac.cdlib.org/findaid/ark:/13030/kt2q2nf236	Drug Abuse and Alcoholism collection
http://www.oac.cdlib.org/findaid/ark:/13030/kt9x0nc8mf	Druks (Renate) Collection of Material by and Relating to Anaïs Nin
http://www.oac.cdlib.org/findaid/ark:/13030/kt3p3033zm	Drummond (Harold D.) papers
http://www.oac.cdlib.org/findaid/ark:/13030/c86d5rz2	Drummond (Katherine) Shakespeare Collection
http://www.oac.cdlib.org/findaid/ark:/13030/kt9m3nf3gw	Drumright (Everett F.) letters
http://www.oac.cdlib.org/findaid/ark:/13030/kt8h4nf2x5	Drums and Chants of Fighting Biafra sound recording
http://www.oac.cdlib.org/findaid/ark:/13030/c8319x7h	Drums of Sacrifice: a Three Act Mayan Music-Drama of the Eleventh Century
http://www.oac.cdlib.org/findaid/ark:/13030/c84x58f3	Drunk on Cum Records
http://www.oac.cdlib.org/findaid/ark:/13030/kt7d5nc180	Drury (Allen) papers
http://www.oac.cdlib.org/findaid/ark:/13030/tf367nb2vx	Drury Papers on 19th c. California Parochial Colleges &amp; Academies
http://www.oac.cdlib.org/findaid/ark:/13030/tf4m3nb0kr	Drury (Wells) Papers
http://www.oac.cdlib.org/findaid/ark:/13030/kt5k403434	Druschki (Herbert) papers
http://www.oac.cdlib.org/findaid/ark:/13030/c8183858	Dryer (John) Upton Sinclair photographs, clippings, and other materials
http://www.oac.cdlib.org/findaid/ark:/13030/c83r0tng	Du Shane Collection
http://www.oac.cdlib.org/findaid/ark:/13030/c8td9w25	Du Toit (Brian M.) Papua New Guinea Research Materials
http://www.oac.cdlib.org/findaid/ark:/13030/tf9n39p2n0	Duarte (Calif.) Chamber of Commerce Minutes
http://www.oac.cdlib.org/findaid/ark:/13030/tf1g5003nb	Duarte Reading Circle Records
http://www.oac.cdlib.org/findaid/ark:/13030/kt6b69s1sc	DuBay (William H.) papers
http://www.oac.cdlib.org/findaid/ark:/13030/tf7h4nb21q	Dubin (Arthur D.) Collection
http://www.oac.cdlib.org/findaid/ark:/13030/kt2489r3h6	Dublin (William Brooks) Papers
http://www.oac.cdlib.org/findaid/ark:/13030/c8fj2j81	DuBois (Constance Goddard) Mission Indian Papers
http://www.oac.cdlib.org/findaid/ark:/13030/kt8n39r1z3	Dubois (Mark) papers
http://www.oac.cdlib.org/findaid/ark:/13030/kt8w1014rz	DuBridge (Lee A.) Papers
http://www.oac.cdlib.org/findaid/ark:/13030/kt0s20332w	Dubs (Michel) Papers
http://www.oac.cdlib.org/findaid/ark:/13030/tf3489n5wg	Duca (George I.) Papers
http://www.oac.cdlib.org/findaid/ark:/13030/kt158031k2	Duca (I. G.) papers
http://www.oac.cdlib.org/findaid/ark:/13030/kt587012vp	Duchacek (Ivo D.) Papers
http://www.oac.cdlib.org/findaid/ark:/13030/tf6h4nb27h	Duckles (Vincent H.) Collection
http://www.oac.cdlib.org/findaid/ark:/13030/c8n8792f	Ducommun (Charles Louis) Collection
http://www.oac.cdlib.org/findaid/ark:/13030/c82r3sf6	Dudes and Dolls Square Dancing Club Photographs and Records
http://www.oac.cdlib.org/findaid/ark:/13030/c8mw2fkt	Dudley (Paul H.), Geology of the South Flank of the Santa Ana Mountains
http://www.oac.cdlib.org/findaid/ark:/13030/tf7c6005nh	Dudley (Thomas H.) Collection
http://www.oac.cdlib.org/findaid/ark:/13030/kt9h4nf7m7	Dudley (William Russell) Papers
http://www.oac.cdlib.org/findaid/ark:/13030/kt7d5nf2mj	Dudzinski (Andrzej) artwork
http://www.oac.cdlib.org/findaid/ark:/13030/kt1n39q6dm	Duenewald (Ralph M.) Collection
http://www.oac.cdlib.org/findaid/ark:/13030/tf8v19n9s0	Duff (Edward G.) Papers
http://www.oac.cdlib.org/findaid/ark:/13030/kt8489r0cj	Duff (Howard) Collection
http://www.oac.cdlib.org/findaid/ark:/13030/kt258032d8	Duff, J. Arthur (James Arthur) papers
http://www.oac.cdlib.org/findaid/ark:/13030/kt3n39r9st	Duff (Warren) scripts
http://www.oac.cdlib.org/findaid/ark:/13030/tf5k4004vt	Duffus (Robert L.) Papers
http://www.oac.cdlib.org/findaid/ark:/13030/tf9s20079j	Duffus (Robert Luther) Papers
http://www.oac.cdlib.org/findaid/ark:/13030/kt938nc8ck	Duffy (Jean Moorhead) Papers
http://www.oac.cdlib.org/findaid/ark:/13030/kt5k4036mv	Duffy (Julia) papers
http://www.oac.cdlib.org/findaid/ark:/13030/c87s7m4h	Dugan (Emma Frances) Memoirs
http://www.oac.cdlib.org/findaid/ark:/13030/kt129018rg	Duggan (Robert D.) Communist Party Collection
http://www.oac.cdlib.org/findaid/ark:/13030/kt300031mf	Duhalde (Eduardo Alberto) speeches and writings
http://www.oac.cdlib.org/findaid/ark:/13030/tf2d5n98ps	Duits Ltd. (Gallery: London, England) Records
http://www.oac.cdlib.org/findaid/ark:/13030/c8kd1zfq	Duke dos Santos (Maria Iris ) Chicana Literature Collection
http://www.oac.cdlib.org/findaid/ark:/13030/kt0t1nd6wm	Dukes (Paul, Sir) papers
http://www.oac.cdlib.org/findaid/ark:/13030/kt5z09p6v3	Dulja (Boris Michailovich) Papers
http://www.oac.cdlib.org/findaid/ark:/13030/kt5c6033z8	Dulles (John Foster) Centennial Conference papers
http://www.oac.cdlib.org/findaid/ark:/13030/kt9k40384t	Dulles (John Foster) press conference excerpts
http://www.oac.cdlib.org/findaid/ark:/13030/kt8v19s3q6	Dulley (Frederick Louis) Collection
http://www.oac.cdlib.org/findaid/ark:/13030/kt6s2035nh	Duma (George) papers
http://www.oac.cdlib.org/findaid/ark:/13030/tf9d5nb3gw	Dumbacher (Joseph) Papers
http://www.oac.cdlib.org/findaid/ark:/13030/tf5779n77w	Dumke (Glenn S.) Papers
http://www.oac.cdlib.org/findaid/ark:/13030/c8r49s5w	Dummatzen (Fred) Golden Gate Bridge Construction Photograph Album
http://www.oac.cdlib.org/findaid/ark:/13030/kt396nd25g	DuMond (Jesse W. M.) papers
http://www.oac.cdlib.org/findaid/ark:/13030/c87p8zzr	Duncan (Dr. Carl) and Patricia Whiting Papers
http://www.oac.cdlib.org/findaid/ark:/13030/tf8h4nb5d5	Duncan (Isadora) Dance Programs and Ephemera
http://www.oac.cdlib.org/findaid/ark:/13030/c8222vj3	Duncan (James F.) Letter
http://www.oac.cdlib.org/findaid/ark:/13030/kt6489s2p0	Duncan (Lee Francis) Personal Collection
http://www.oac.cdlib.org/findaid/ark:/13030/tf0n39n4d3	Duncan (Raymond) Papers
http://www.oac.cdlib.org/findaid/ark:/13030/kt9489r9pv	Duncan (Robert) Papers
http://www.oac.cdlib.org/findaid/ark:/13030/tf0199n73z	Duncan (Robert) Poetry Manuscripts
http://www.oac.cdlib.org/findaid/ark:/13030/kt9g5041zn	Duncan (W. Bryan), Memorabilia
http://www.oac.cdlib.org/findaid/ark:/13030/c85b0405	Duncan (William Allen) Papers
http://www.oac.cdlib.org/findaid/ark:/13030/kt9j49s0k1	Duncan (William Young) papers
http://www.oac.cdlib.org/findaid/ark:/13030/kt8q2nf3qv	Dunckel (Earl B.) papers
http://www.oac.cdlib.org/findaid/ark:/13030/c8tb159w	Dundes (Alan) articles
http://www.oac.cdlib.org/findaid/ark:/13030/kt0q2nd7j8	Dunford House Cobden Memorial Association circular letters
http://www.oac.cdlib.org/findaid/ark:/13030/tf967nb42v	Dunham, Carrigan and Hayden Records
http://www.oac.cdlib.org/findaid/ark:/13030/kt0290243v	Dunham, Katherine (photograph collection on)
http://www.oac.cdlib.org/findaid/ark:/13030/c8j967s2	Dunham (Theodore) Papers
http://www.oac.cdlib.org/findaid/ark:/13030/kt6f59q6fc	Dunkel (John) Collection of Radio Scripts
http://www.oac.cdlib.org/findaid/ark:/13030/c8sj1mm2	Dunkel (John) Scripts and Papers
http://www.oac.cdlib.org/findaid/ark:/13030/tf496n99r8	Dunlap (John F.) Papers
http://www.oac.cdlib.org/findaid/ark:/13030/kt8f59s3qk	Dunlap (John "Sky") Collection
http://www.oac.cdlib.org/findaid/ark:/13030/c8ks6q0p	Dunlap (Jonathan D.) Papers
http://www.oac.cdlib.org/findaid/ark:/13030/kt509nf483	Dunlap (Margaret S.) Papers
http://www.oac.cdlib.org/findaid/ark:/13030/kt9v19r9b8	Dunlop (John B.) collection
http://www.oac.cdlib.org/findaid/ark:/13030/c8dz0986	Dunn (Frederick L) Papers
http://www.oac.cdlib.org/findaid/ark:/13030/c8gm8829	Dunn (John S.) Papers
http://www.oac.cdlib.org/findaid/ark:/13030/kt5m3nf09m	Dunn (Joyce Black) miscellaneous papers
http://www.oac.cdlib.org/findaid/ark:/13030/c86h4jrj	Dunn (Linwood G.) papers
http://www.oac.cdlib.org/findaid/ark:/13030/kt3q2nc2mc	Dunne (John G.) papers
http://www.oac.cdlib.org/findaid/ark:/13030/c89c6w4x	Dunne, S.J. (George Harold) Papers
http://www.oac.cdlib.org/findaid/ark:/13030/c8x34w6w	Dunne, S.J. (Peter Masten) Papers
http://www.oac.cdlib.org/findaid/ark:/13030/kt087029vz	Dunner (Joseph) typescript
http://www.oac.cdlib.org/findaid/ark:/13030/c82b8zqm	Dunnigan (Captain L. A.) scrapbook
http://www.oac.cdlib.org/findaid/ark:/13030/kt000030sm	Dunning (George) icons
http://www.oac.cdlib.org/findaid/ark:/13030/tf7199p20m	Dunphy (John E.) Papers
http://www.oac.cdlib.org/findaid/ark:/13030/c83b61tb	Dunson (Ida) Videotape Collection
http://www.oac.cdlib.org/findaid/ark:/13030/kt8779s193	Dunten (George L.) processed item
http://www.oac.cdlib.org/findaid/ark:/13030/tf8x0nb3r0	Durand (William F.) Papers
http://www.oac.cdlib.org/findaid/ark:/13030/kt4f59s0sx	Durand (William Frederick) House Specifications
http://www.oac.cdlib.org/findaid/ark:/13030/kt600033pc	DuRay (Dennice) and Gladys L. Ragan Letters Received
http://www.oac.cdlib.org/findaid/ark:/13030/kt9w10384s	Durbrow (Elbridge) papers
http://www.oac.cdlib.org/findaid/ark:/13030/tf7k4008h6	Durdin (Frank Tillman) Papers
http://www.oac.cdlib.org/findaid/ark:/13030/c8v40wk1	Durham (Charles H.) Diaries
http://www.oac.cdlib.org/findaid/ark:/13030/kt167nc2gd	Durham (Philip) Index and Bibliography Collection
http://www.oac.cdlib.org/findaid/ark:/13030/kt9t1nb5t0	Durham (Philip) Papers
http://www.oac.cdlib.org/findaid/ark:/13030/kt8779q6p9	Durham Women's Club records
http://www.oac.cdlib.org/findaid/ark:/13030/kt6f59r8v0	Durighello (A.) dispatches
http://www.oac.cdlib.org/findaid/ark:/13030/c8833tc1	Durkee (Captain A.H. ) journals from voyages on the Vortigern (built 1892, screw schooner)
http://www.oac.cdlib.org/findaid/ark:/13030/kt9z09s65b	Durkee (Captain Alfred H.) papers
http://www.oac.cdlib.org/findaid/ark:/13030/tf7h4nb2jg	Durkin (Robert E.) International Organization of Masters, Mates and Pilots, Local 90 Collection
http://www.oac.cdlib.org/findaid/ark:/13030/tf067n977n	Durlacher Bros. records
http://www.oac.cdlib.org/findaid/ark:/13030/kt6k4035rr	Duron (Armando) Papers
http://www.oac.cdlib.org/findaid/ark:/13030/kt8q2nd18q	Durrell (Lawrence) Papers
http://www.oac.cdlib.org/findaid/ark:/13030/kt1f59r2z3	Dusart (Albert) collection
http://www.oac.cdlib.org/findaid/ark:/13030/c84m952b	DuShane Stock Certificate Collection
http://www.oac.cdlib.org/findaid/ark:/13030/c8513wzv	Dust Bowl Migration Archive
http://www.oac.cdlib.org/findaid/ark:/13030/kt7z09q607	Dutch East Indies Photograph Album
http://www.oac.cdlib.org/findaid/ark:/13030/kt967nf5wf	Dutch East Indies Photograph Albums, ca. 1902-1919 [bulk dates 1908-1913]
http://www.oac.cdlib.org/findaid/ark:/13030/c8kh0mnx	Dutch East Indies Photograph Albums, ca. 1920s
http://www.oac.cdlib.org/findaid/ark:/13030/kt6f59r1dw	Dutch Flat Hotel Guestbook
http://www.oac.cdlib.org/findaid/ark:/13030/kt3779s0dm	Dutch New Guinea Photograph Album
http://www.oac.cdlib.org/findaid/ark:/13030/kt909nf34s	Dutilh-van Vollenhoven (Cornelia) diary
http://www.oac.cdlib.org/findaid/ark:/13030/c89024b6	Dutilleul Mission Valley Journal
http://www.oac.cdlib.org/findaid/ark:/13030/kt1b69r92c	Dutton (Harry A.) Papers
http://www.oac.cdlib.org/findaid/ark:/13030/kt1q2nf03x	Dutton (Harry A.) Photograph Album
http://www.oac.cdlib.org/findaid/ark:/13030/kt287036sj	Duus (Peter) Papers
http://www.oac.cdlib.org/findaid/ark:/13030/kt000030vn	DuVal (Miles Percy) papers
http://www.oac.cdlib.org/findaid/ark:/13030/kt8m3nf96b	Duvall (Marius) Papers
http://www.oac.cdlib.org/findaid/ark:/13030/kt3n39n6jd	Duveen Brothers Records
http://www.oac.cdlib.org/findaid/ark:/13030/c83j3dsc	Duveen Brothers stock photographs and records
http://www.oac.cdlib.org/findaid/ark:/13030/kt6j49p70b	Duveneck (Frank B. and Josephine) collection
http://www.oac.cdlib.org/findaid/ark:/13030/c89p30zw	Dwan Gallery Publications and Ephemera, 1959-1971
http://www.oac.cdlib.org/findaid/ark:/13030/c8jd4xsm	Dwan (Robert) papers
http://www.oac.cdlib.org/findaid/ark:/13030/kt3j49p5q9	Dwiggins (Clare V.) papers
http://www.oac.cdlib.org/findaid/ark:/13030/tf3b69n5rq	Dwinelle (John W.) Papers
http://www.oac.cdlib.org/findaid/ark:/13030/kt9c6040pc	Dwinelle (John Whipple) Papers
http://www.oac.cdlib.org/findaid/ark:/13030/c8rr21c1	Dwyer (Sandy) papers
http://www.oac.cdlib.org/findaid/ark:/13030/kt0x0nc3cm	Dyer (Brainerd) Papers
http://www.oac.cdlib.org/findaid/ark:/13030/kt1p3024w0	Dyer (Ephraim) Photograph Album
http://www.oac.cdlib.org/findaid/ark:/13030/tf3k40035c	Dyer (Francis J.) Papers
http://www.oac.cdlib.org/findaid/ark:/13030/kt3b69r5tf	Dyer (Susan Louise) papers
http://www.oac.cdlib.org/findaid/ark:/13030/tf6n39p0wq	Dykstra (Clarence A.) Papers
http://www.oac.cdlib.org/findaid/ark:/13030/kt9v19r9d9	Dyment (Colin B.) papers
http://www.oac.cdlib.org/findaid/ark:/13030/kt358004g7	Dyson (Verne) Papers

