rel=cannonical	title
http://www.oac.cdlib.org/findaid/ark:/13030/c80k29xz	E. B. Dunnells Company ledger
http://www.oac.cdlib.org/findaid/ark:/13030/tf038nb0sb	E Clampus Vitus Archives
http://www.oac.cdlib.org/findaid/ark:/13030/tf4m3nb2st	E Clampus Vitus Records
http://www.oac.cdlib.org/findaid/ark:/13030/kt5489s1np	E! Entertainment Library Collection of Picture Files and Tabloids
http://www.oac.cdlib.org/findaid/ark:/13030/tf667nb4m6	"Eagal (John H., Sr.) Collection"
http://www.oac.cdlib.org/findaid/ark:/13030/tf5b69n761	Eagle (Arnold) Papers and Films Related to Hans Richter
http://www.oac.cdlib.org/findaid/ark:/13030/kt4c60390c	Eagle (Schooner?) Papers
http://www.oac.cdlib.org/findaid/ark:/13030/kt829040m2	Eagleton (George D.) Stereoview Collection
http://www.oac.cdlib.org/findaid/ark:/13030/kt6489s2qh	Eakland (Martha ) Collection Documenting Stanford Women's Basketball
http://www.oac.cdlib.org/findaid/ark:/13030/c8vd701h	Eames (Charles &amp; Ray) ephemera and photographs
http://www.oac.cdlib.org/findaid/ark:/13030/c8c53mp6	"Earhart (Amelia) (1898-1937) Collection, 1928-1937, 1945"
http://www.oac.cdlib.org/findaid/ark:/13030/c8gq6wgd	Earhart (Amelia) Papers
http://www.oac.cdlib.org/findaid/ark:/13030/kt2x0nd6tv	Earl of Roden CommonPlace Book
http://www.oac.cdlib.org/findaid/ark:/13030/kt0199p7jg	Early American Documents Collection
http://www.oac.cdlib.org/findaid/ark:/13030/c8sq91cn	Early California residents' portraits
http://www.oac.cdlib.org/findaid/ark:/13030/kt0r29p3hm	Early Campus Photograph Albums
http://www.oac.cdlib.org/findaid/ark:/13030/c8s75h3h	Early Days in Arizona as Seen by Thomas Thompson Hunter
http://www.oac.cdlib.org/findaid/ark:/13030/c8r78gjr	Early Los Angeles Court Transcript Collection
http://www.oac.cdlib.org/findaid/ark:/13030/c8zw1n46	Early Los Angeles photograph album
http://www.oac.cdlib.org/findaid/ark:/13030/c851419c	Early Manuscripts and Engravings Collection
http://www.oac.cdlib.org/findaid/ark:/13030/c8wq032z	Early Mexican Imprint Collection
http://www.oac.cdlib.org/findaid/ark:/13030/c8p55mv0	Early Printing Examples Collection
http://www.oac.cdlib.org/findaid/ark:/13030/c8jd4xh1	Early Railroad and Locomotive Photo Collection
http://www.oac.cdlib.org/findaid/ark:/13030/tf467nb12v	Early Santa Clara County and Other Views
http://www.oac.cdlib.org/findaid/ark:/13030/tf3c60030g	Early Tall Buildings: Original Drawing of California Urban Scenes
http://www.oac.cdlib.org/findaid/ark:/13030/kt8t1nf6v1	Earnest (Dr. Sue) Papers
http://www.oac.cdlib.org/findaid/ark:/13030/kt900009h8	Earnest (John W.) California Gold Rush and Civil War Manuscript
http://www.oac.cdlib.org/findaid/ark:/13030/kt6t1nf4c6	Earnest (Lester) Papers
http://www.oac.cdlib.org/findaid/ark:/13030/tf058001gh	Earplay Collection
http://www.oac.cdlib.org/findaid/ark:/13030/tf5j49p0gj	"Earthquake Damage in Santa Barbara, California - Views"
http://www.oac.cdlib.org/findaid/ark:/13030/tf6m3nb186	Earthquake (Governor's Interagency Council) Records
http://www.oac.cdlib.org/findaid/ark:/13030/c82j6ch6	Earthquake Photographs Collection
http://www.oac.cdlib.org/findaid/ark:/13030/kt2489r81c	The Earthquake Story of Stanford University Photograph Album
http://www.oac.cdlib.org/findaid/ark:/13030/c8gf0sv2	"Earthquakes Scrapbook, 1925-1927"
http://www.oac.cdlib.org/findaid/ark:/13030/tf700005gv	East Asia Collection
http://www.oac.cdlib.org/findaid/ark:/13030/kt838nb2s4	East Asian Artifacts Collection
http://www.oac.cdlib.org/findaid/ark:/13030/c85q4xft	East Asian Languages and Cultures Department. Administrative files.
http://www.oac.cdlib.org/findaid/ark:/13030/kt4s2006s3	East Asian Photograph Collection
http://www.oac.cdlib.org/findaid/ark:/13030/c85m66p0	East Bay Negro Historical Society Records
http://www.oac.cdlib.org/findaid/ark:/13030/kt1c603202	East European Constitutionalism Teacher-Training Project records
http://www.oac.cdlib.org/findaid/ark:/13030/ft538nb0c2	East German art collection
http://www.oac.cdlib.org/findaid/ark:/13030/tf1n39n537	East German Movie Posters
http://www.oac.cdlib.org/findaid/ark:/13030/tf900008z5	East Irvine Historic Resources Documentation Photographs
http://www.oac.cdlib.org/findaid/ark:/13030/kt4779s0dx	East Palo Alto Women's Club Records
http://www.oac.cdlib.org/findaid/ark:/13030/kt7t1nf35x	East San Diego Chamber of Commerce Records
http://www.oac.cdlib.org/findaid/ark:/13030/tf1489n74f	"East West Players (Los Angeles, Calif.) Records"
http://www.oac.cdlib.org/findaid/ark:/13030/kt138n9874	East West Research Files
http://www.oac.cdlib.org/findaid/ark:/13030/kt6290337r	East West Trade Associates records
http://www.oac.cdlib.org/findaid/ark:/13030/kt0q2nf01k	Easterbrook (Ernest Fred) papers
http://www.oac.cdlib.org/findaid/ark:/13030/c8fj2jnz	Easterby Family Papers
http://www.oac.cdlib.org/findaid/ark:/13030/kt2h4nd98d	Eastern European Oral History Project interviews
http://www.oac.cdlib.org/findaid/ark:/13030/tf387002f2	Eastland (Thomas B.) Papers
http://www.oac.cdlib.org/findaid/ark:/13030/tf6w100646	Eastman (J.H.) Collection
http://www.oac.cdlib.org/findaid/ark:/13030/kt8z09r94h	Eastman (Joseph Houston) papers
http://www.oac.cdlib.org/findaid/ark:/13030/kt367nf2p1	Easton (Robert E.) Collection
http://www.oac.cdlib.org/findaid/ark:/13030/kt0h4nf0vp	Easton (Robert O.) Collection
http://www.oac.cdlib.org/findaid/ark:/13030/kt28703348	Eastwood (Alice) Papers
http://www.oac.cdlib.org/findaid/ark:/13030/tf4199n757	Eastwood (John Samuel) Papers
http://www.oac.cdlib.org/findaid/ark:/13030/kt0m3nd9tq	Eaton (J. Lloyd) papers
http://www.oac.cdlib.org/findaid/ark:/13030/c8bg2md1	Eaton (John) Papers
http://www.oac.cdlib.org/findaid/ark:/13030/tf7v19n97d	Eaton (William) Papers
http://www.oac.cdlib.org/findaid/ark:/13030/kt0z09r3x1	Eaves (Gerald R.) Papers
http://www.oac.cdlib.org/findaid/ark:/13030/tf900009kz	Eberhart (Richard) Letters
http://www.oac.cdlib.org/findaid/ark:/13030/kt5b69s24q	Eberhart (Roland) Collection
http://www.oac.cdlib.org/findaid/ark:/13030/tf8c6009g5	Eberson (Frederick) Papers
http://www.oac.cdlib.org/findaid/ark:/13030/tf7w1008k6	Ebsworth (Joseph W.) Papers
http://www.oac.cdlib.org/findaid/ark:/13030/tf8n39n9j2	Echeverría Martínez (Rodolfo) Collection
http://www.oac.cdlib.org/findaid/ark:/13030/c8t154fp	Echo (barkentine) logbook
http://www.oac.cdlib.org/findaid/ark:/13030/tf4h4nb0c0	Echo Lakes Association Papers
http://www.oac.cdlib.org/findaid/ark:/13030/kt067nf07d	Eckart (Dietrich) printed material
http://www.oac.cdlib.org/findaid/ark:/13030/tf4290044c	"Eckbo (Garrett) Collection, 1933-1996"
http://www.oac.cdlib.org/findaid/ark:/13030/c8jw8fg4	"Eckbo, Royston &amp; Williams drawings"
http://www.oac.cdlib.org/findaid/ark:/13030/kt4f59r7ns	Eckert (Jerry) papers
http://www.oac.cdlib.org/findaid/ark:/13030/kt8580383c	Eckert (John Edward) Papers
http://www.oac.cdlib.org/findaid/ark:/13030/tf8d5nb2w9	Eckhardt (Tibor) Papers
http://www.oac.cdlib.org/findaid/ark:/13030/kt0v19r481	Eckhardt (William) writings
http://www.oac.cdlib.org/findaid/ark:/13030/kt6n39n8fr	Eckstein (Hans) Research Files
http://www.oac.cdlib.org/findaid/ark:/13030/kt3s2037cd	Eckstein (Harry) Papers
http://www.oac.cdlib.org/findaid/ark:/13030/c8bk1b3b	Ecology Action Records
http://www.oac.cdlib.org/findaid/ark:/13030/kt7r29s1pr	The Ecology of Nuclear War [videorecording]
http://www.oac.cdlib.org/findaid/ark:/13030/kt0t1nd8tj	Economic and Business Development Department Records
http://www.oac.cdlib.org/findaid/ark:/13030/kt7k4037cb	Economic and Financial Conference records
http://www.oac.cdlib.org/findaid/ark:/13030/kt7m3nf5pb	Economic and Youth Opportunities Agency of Greater Los Angeles records
http://www.oac.cdlib.org/findaid/ark:/13030/kt258032kv	Economic conditions of Kuban Black Sea region typescript
http://www.oac.cdlib.org/findaid/ark:/13030/tf08700093	Economic Opportunity Office Records
http://www.oac.cdlib.org/findaid/ark:/13030/kt067nd99b	"Economic Research Bureau, Records of"
http://www.oac.cdlib.org/findaid/ark:/13030/kt0r29r8bb	Economics Club of Leland Stanford Junior University Records
http://www.oac.cdlib.org/findaid/ark:/13030/c8c24x5j	Ecuador Figurine Drawing Collection
http://www.oac.cdlib.org/findaid/ark:/13030/c81z42s4	Eddelman (William) Interview and Lecture
http://www.oac.cdlib.org/findaid/ark:/13030/c8xd13mq	Eddy (Nelson) collection compiled by Val Davison
http://www.oac.cdlib.org/findaid/ark:/13030/c8dn43gt	Edelman (Ed) Photographs
http://www.oac.cdlib.org/findaid/ark:/13030/c8hq40j3	Edelman (Edmund D.) Papers
http://www.oac.cdlib.org/findaid/ark:/13030/kt4g50067v	Edelstein (J.M.) Correspondence
http://www.oac.cdlib.org/findaid/ark:/13030/c8668gbr	Edgar G. Ulmer papers
http://www.oac.cdlib.org/findaid/ark:/13030/kt6k403909	Edgar Spalsbury Portrait Album
http://www.oac.cdlib.org/findaid/ark:/13030/kt4199s0mq	Edgerton (Lucile Selk) Papers
http://www.oac.cdlib.org/findaid/ark:/13030/c8kd1x82	Edgewood Records
http://www.oac.cdlib.org/findaid/ark:/13030/tf1q2n97z3	Edinger and Johnston Company Collection
http://www.oac.cdlib.org/findaid/ark:/13030/kt067nd8rk	Edison (J.) photographs
http://www.oac.cdlib.org/findaid/ark:/13030/c8xk8gsw	Edison (Thomas A.) Photograph
http://www.oac.cdlib.org/findaid/ark:/13030/c8zk5hc3	Edison (Thomas A.) Photographs
http://www.oac.cdlib.org/findaid/ark:/13030/kt8g50380s	Editions stereoscopiques de guerre slides
http://www.oac.cdlib.org/findaid/ark:/13030/kt3g50347x	Edmiston (Eleanor) Collection
http://www.oac.cdlib.org/findaid/ark:/13030/c82j6d4p	Edmondson (Hugh A.) papers
http://www.oac.cdlib.org/findaid/ark:/13030/tf1z09n4rj	Edmondson (Mildred) Oral History
http://www.oac.cdlib.org/findaid/ark:/13030/tf3b69n77x	Edmunds (John) Papers
http://www.oac.cdlib.org/findaid/ark:/13030/kt938nf5mn	Edouart (Alexander F.) papers
http://www.oac.cdlib.org/findaid/ark:/13030/kt4d5nd2zb	Edsall (Thomas Byrne) Papers
http://www.oac.cdlib.org/findaid/ark:/13030/tf629007gm	Edson (Katherine P.) Papers
http://www.oac.cdlib.org/findaid/ark:/13030/kt9q2nf7v5	Eduard Seelig papers
http://www.oac.cdlib.org/findaid/ark:/13030/c88c9xmf	Education and Information Studies (Graduate School of). Center X. Administrative files.
http://www.oac.cdlib.org/findaid/ark:/13030/tf4m3n99zb	Education Dept. -- School Apportionments and Reports Bureau Records
http://www.oac.cdlib.org/findaid/ark:/13030/tf3779n5p1	Education Dept. Records
http://www.oac.cdlib.org/findaid/ark:/13030/c8sx6fk7	Education (Graduate School of). Administrative files.
http://www.oac.cdlib.org/findaid/ark:/13030/tf4x0nb2t9	Education (Graduate School of). Assistant Dean for Programs. Administrative files of Marjorie Day.
http://www.oac.cdlib.org/findaid/ark:/13030/c8x34zqf	Education (Graduate School of). Dean. Administrative files of John Goodlad.
http://www.oac.cdlib.org/findaid/ark:/13030/c8n01820	Education (Graduate School of). Publications.
http://www.oac.cdlib.org/findaid/ark:/13030/c81j98hs	"Education Opportunity Program Records (University of California, Irvine)"
http://www.oac.cdlib.org/findaid/ark:/13030/c8rb75z2	Education (School of). Reports.
http://www.oac.cdlib.org/findaid/ark:/13030/tf000000fr	Education Subject Collection
http://www.oac.cdlib.org/findaid/ark:/13030/kt5779r71g	Educational Research Council of America records
http://www.oac.cdlib.org/findaid/ark:/13030/tf9489p0g5	Educators and Librarians Collection
http://www.oac.cdlib.org/findaid/ark:/13030/kt7q2nf7bs	Edward L. Schreiber papers
http://www.oac.cdlib.org/findaid/ark:/13030/kt000033dc	Edwards (Amy Ferguson) Photograph Albums
http://www.oac.cdlib.org/findaid/ark:/13030/tf458005ps	Edwards (Anne) papers
http://www.oac.cdlib.org/findaid/ark:/13030/ft0n39n3xr	Edwards (Arthur C.) Collection of musical compositions
http://www.oac.cdlib.org/findaid/ark:/13030/tf1k40042p	Edwards (Charles) Papers
http://www.oac.cdlib.org/findaid/ark:/13030/kt096nc5sv	Edwards (Don) Congressional Papers
http://www.oac.cdlib.org/findaid/ark:/13030/kt1d5nf0s9	Edwards (Edna) Interviews
http://www.oac.cdlib.org/findaid/ark:/13030/kt029030xs	Edwards (Gordon) typescript
http://www.oac.cdlib.org/findaid/ark:/13030/c8sj1j1m	Edwards (John W.) Papers
http://www.oac.cdlib.org/findaid/ark:/13030/kt5q2nf31k	Edwards (Lee) papers
http://www.oac.cdlib.org/findaid/ark:/13030/kt3m3nd8bx	Edwards (Marvin R.) papers
http://www.oac.cdlib.org/findaid/ark:/13030/c8w66mbv	"Edwards, Morgan: Sermons"
http://www.oac.cdlib.org/findaid/ark:/13030/kt2z09q747	Edwards (Neil) Photography Collection
http://www.oac.cdlib.org/findaid/ark:/13030/kt8199s125	Edwards (Paul C.) miscellaneous papers
http://www.oac.cdlib.org/findaid/ark:/13030/kt067nf1zr	Edwards (Paul C.) Papers
http://www.oac.cdlib.org/findaid/ark:/13030/c8h70gjj	Edwards (Peter) drawing of the Hidalgo Plumbing building
http://www.oac.cdlib.org/findaid/ark:/13030/c8mw2hrw	"Edwards, Plunkett &amp; Howell drawings"
http://www.oac.cdlib.org/findaid/ark:/13030/c8h41s2b	Edwards-Pitman drawings
http://www.oac.cdlib.org/findaid/ark:/13030/c8j9674j	Edwin Ehrhardt Photograph Collection
http://www.oac.cdlib.org/findaid/ark:/13030/tf409nb0hs	Eel River Water Council Collection
http://www.oac.cdlib.org/findaid/ark:/13030/kt029030z9	Eendracht is Macht records
http://www.oac.cdlib.org/findaid/ark:/13030/c8ft8jdv	Eesti NSV Riikliku Julgeoleku Komitee records
http://www.oac.cdlib.org/findaid/ark:/13030/tf8c60066k	Efimov (Avenir G.) Papers
http://www.oac.cdlib.org/findaid/ark:/13030/kt5d5nf3d9	Efimovskiĭ (Evgeniĭ Amvrosievich) papers
http://www.oac.cdlib.org/findaid/ark:/13030/ft7x0nb3gx	Efraín Gutiérrez Papers
http://www.oac.cdlib.org/findaid/ark:/13030/tf9k4009f8	Egan (Richard) Manuscript Maps of Orange County
http://www.oac.cdlib.org/findaid/ark:/13030/kt7j49r9f7	Egbert (Donald Drew) typescript
http://www.oac.cdlib.org/findaid/ark:/13030/tf858005vm	Egbert (Edward H.) Papers
http://www.oac.cdlib.org/findaid/ark:/13030/kt4q2nd9bc	Egerskii vestnik bulletins
http://www.oac.cdlib.org/findaid/ark:/13030/c8k0760x	Egerton (Henry C.) Papers
http://www.oac.cdlib.org/findaid/ark:/13030/kt9j49p8qm	Eggers (John H.) Papers
http://www.oac.cdlib.org/findaid/ark:/13030/kt038nd786	Eggertsen (Claude A.) papers
http://www.oac.cdlib.org/findaid/ark:/13030/tf2580023x	Eggleston (Arthur D.) Papers
http://www.oac.cdlib.org/findaid/ark:/13030/tf3290032j	Eggleston (William G.) Papers
http://www.oac.cdlib.org/findaid/ark:/13030/kt7m3nf2c7	Egle (William H.) Collection
http://www.oac.cdlib.org/findaid/ark:/13030/kt4v19q9nx	Egly (Paul) Papers
http://www.oac.cdlib.org/findaid/ark:/13030/c8fn16zh	Egypt (antiquities of) photograph album
http://www.oac.cdlib.org/findaid/ark:/13030/kt5m3nf0cn	Egypt. Delegation for Negotiations with Great Britain memorandum
http://www.oac.cdlib.org/findaid/ark:/13030/kt1x0nb74s	Egypt Photograph Album
http://www.oac.cdlib.org/findaid/ark:/13030/kt9p3015rf	Egyptian Manuscripts in Arabic Collection
http://www.oac.cdlib.org/findaid/ark:/13030/kt409nd9z3	Egyptian subject collection
http://www.oac.cdlib.org/findaid/ark:/13030/c8hm57f0	Ehmcke (Caspar Johann) papers
http://www.oac.cdlib.org/findaid/ark:/13030/kt3t1n99q2	Ehrenberg (Felipe) Papers
http://www.oac.cdlib.org/findaid/ark:/13030/kt800038sz	Ehrhorn (Jack) collection of Stone Boat Yard naval architectural drawings
http://www.oac.cdlib.org/findaid/ark:/13030/c8p84b6t	Ehrhorn (Jack) collection of Stone Boat Yard photographs
http://www.oac.cdlib.org/findaid/ark:/13030/kt3r29r8pf	Ehrlich (Paul) Papers
http://www.oac.cdlib.org/findaid/ark:/13030/c8kw5hd7	Ehrlich (Richard) Holocaust Archives Series Photograph Collection
http://www.oac.cdlib.org/findaid/ark:/13030/c8ws8tss	Ehrlich (Richard) Photographs of the Holocaust Museum
http://www.oac.cdlib.org/findaid/ark:/13030/c89w0g2z	"Ehrlichman (John D.) Papers, White House Special Files, 01/20/1969 - 04/30/1973"
http://www.oac.cdlib.org/findaid/ark:/13030/tf7w1005vw	Ehrlichman (John) Papers
http://www.oac.cdlib.org/findaid/ark:/13030/c87h1k6z	Eibhlyn (Arawn) Papers
http://www.oac.cdlib.org/findaid/ark:/13030/c8j67jnb	Eichelberger (Major-General R. L.) Papers
http://www.oac.cdlib.org/findaid/ark:/13030/tf5p300721	Eichelberger (Robert L.) Papers
http://www.oac.cdlib.org/findaid/ark:/13030/kt0k4009rg	Eichhem (Henry) Papers
http://www.oac.cdlib.org/findaid/ark:/13030/c8cv4grq	Eichler (Alfred) papers
http://www.oac.cdlib.org/findaid/ark:/13030/kt7f59r9r7	Eichmann (Adolf) trial excerpts
http://www.oac.cdlib.org/findaid/ark:/13030/kt7m3nf1wh	"Eichrodt, Joan Beecher collection"
http://www.oac.cdlib.org/findaid/ark:/13030/kt2r29r8w7	Eickhoff (Henry) Photographs of Stanford University
http://www.oac.cdlib.org/findaid/ark:/13030/kt5199r8jd	Eidel'man (N. IA.) typescript
http://www.oac.cdlib.org/findaid/ark:/13030/kt8x0nf3tq	Eidgenossische Technische Hochschule Zurich collection
http://www.oac.cdlib.org/findaid/ark:/13030/kt358033m5	Eifler (Carl Frederick) papers
http://www.oac.cdlib.org/findaid/ark:/13030/kt3g5036x7	Eighmy (J. W.) Notebook
http://www.oac.cdlib.org/findaid/ark:/13030/c8q23z81	Eighteenth Century French Plays
http://www.oac.cdlib.org/findaid/ark:/13030/kt4k40336w	Eigner (Larry) Papers
http://www.oac.cdlib.org/findaid/ark:/13030/kt296nd80g	Eiler (Keith E.)
http://www.oac.cdlib.org/findaid/ark:/13030/kt8v19s0kp	Eilers (William L.) miscellany
http://www.oac.cdlib.org/findaid/ark:/13030/c8v69mqm	Einreinhofer (Bill) Collection
http://www.oac.cdlib.org/findaid/ark:/13030/tf0n39n51w	Einstein (Alfred) Memorabilia
http://www.oac.cdlib.org/findaid/ark:/13030/tf0779n59d	Einstein (Alfred) Papers
http://www.oac.cdlib.org/findaid/ark:/13030/tf567nb1ct	Einstein (Hans A.) Flow Collection
http://www.oac.cdlib.org/findaid/ark:/13030/tf0779n5bx	Einstein (Hans A.) Papers
http://www.oac.cdlib.org/findaid/ark:/13030/tf5t1nb1wh	Einstein (Hans A.) Sediment Transport Collection
http://www.oac.cdlib.org/findaid/ark:/13030/kt6r29s3sz	Eisele(Robert)scripts
http://www.oac.cdlib.org/findaid/ark:/13030/kt267nc4mr	Eisenberg (Frances R.) L.A. City Schools Loyalty Oath Collection
http://www.oac.cdlib.org/findaid/ark:/13030/tf0c6000rg	Eisenberg (Francis R.) Papers: Blacklisted Teachers in Los Angeles
http://www.oac.cdlib.org/findaid/ark:/13030/c8833sq3	Eisenhower (Dwight D.) Ephemera Collection
http://www.oac.cdlib.org/findaid/ark:/13030/kt867nc9cd	Eisenman (Peter) Architectural drawings for House VI
http://www.oac.cdlib.org/findaid/ark:/13030/kt3x0nf1fh	Eisenman (Peter) Architectural Drawings for House VI
http://www.oac.cdlib.org/findaid/ark:/13030/kt5870386n	Eisenshtat (Sidney) Papers
http://www.oac.cdlib.org/findaid/ark:/13030/c8b27vxd	"Eisinger (Jean) Papers, White House Central Files, 1969-1974"
http://www.oac.cdlib.org/findaid/ark:/13030/kt8q2nf6bm	Eisler (Dorothy) Collection
http://www.oac.cdlib.org/findaid/ark:/13030/kt5t1nf4bc	Eisler (Hanns) papers
http://www.oac.cdlib.org/findaid/ark:/13030/kt6w1037bg	Eisner (Betty Grover) Papers
http://www.oac.cdlib.org/findaid/ark:/13030/kt7f59s38j	Eisner (Elliot W.) Papers
http://www.oac.cdlib.org/findaid/ark:/13030/kt5489p58k	Eisner (Milton D.) Papers
http://www.oac.cdlib.org/findaid/ark:/13030/kt2r29n5td	Eissler (Fred) Collection
http://www.oac.cdlib.org/findaid/ark:/13030/tf6g50051j	Eitel (William W.) Papers
http://www.oac.cdlib.org/findaid/ark:/13030/kt7580360j	Eizans (Andrejs) papers
http://www.oac.cdlib.org/findaid/ark:/13030/kt5489r86w	Ekonomicheskoe polizhenie Sov. Rossii typescript
http://www.oac.cdlib.org/findaid/ark:/13030/c82r3t17	Ekstrand (Kasia) Photographs of San Jose
http://www.oac.cdlib.org/findaid/ark:/13030/kt909nf427	Ekstrom (Clarence E.) papers
http://www.oac.cdlib.org/findaid/ark:/13030/c83b5xhp	El Cajon Horticultural Society Records
http://www.oac.cdlib.org/findaid/ark:/13030/tf896nb6tj	El Dorado Co. (Calif.) Gold Rush Papers
http://www.oac.cdlib.org/findaid/ark:/13030/kt6h4nb1kj	El Dorado County Archives?
http://www.oac.cdlib.org/findaid/ark:/13030/tf296n98fh	El Dorado County Deeds
http://www.oac.cdlib.org/findaid/ark:/13030/tf9s2007ck	El Espectador : Weekly Spanish Language Newspaper
http://www.oac.cdlib.org/findaid/ark:/13030/tf8199n9hm	El Malcriado : Spanish language newspaper
http://www.oac.cdlib.org/findaid/ark:/13030/kt0z09r611	El Nido Services and Lodges records
http://www.oac.cdlib.org/findaid/ark:/13030/kt700034m4	El Paladin (Newspaper) Collection
http://www.oac.cdlib.org/findaid/ark:/13030/c8z039sc	El Paseo Scrapbooks
http://www.oac.cdlib.org/findaid/ark:/13030/kt3000252n	El Paso (built 1924; ferry) postcard
http://www.oac.cdlib.org/findaid/ark:/13030/c88c9x1t	El Paso (built 1924; ferry) records
http://www.oac.cdlib.org/findaid/ark:/13030/c8xw4hsw	El Teatro Campesino Archives
http://www.oac.cdlib.org/findaid/ark:/13030/kt7d5nf2jh	El Toro Airport (Collection on the Development of)
http://www.oac.cdlib.org/findaid/ark:/13030/kt3n39r62h	Elachich (S. A.) typescript
http://www.oac.cdlib.org/findaid/ark:/13030/c8668g8v	Elbogen (Paul) Papers
http://www.oac.cdlib.org/findaid/ark:/13030/kt1k4031qr	El'darova (Margarita Khristoforovna) holograph
http://www.oac.cdlib.org/findaid/ark:/13030/ft4s20047w	Elder (Paul) and Company Collection
http://www.oac.cdlib.org/findaid/ark:/13030/kt08703287	Eldred Family Papers
http://www.oac.cdlib.org/findaid/ark:/13030/kt738nb41d	Eldredge (Helen W.) Papers
http://www.oac.cdlib.org/findaid/ark:/13030/c8pz59km	Elections Committee of the County of Orange (ECCO) Records
http://www.oac.cdlib.org/findaid/ark:/13030/kt8m3nf57x	Elections et les partis typescript
http://www.oac.cdlib.org/findaid/ark:/13030/kt0j49r990	Elias Aelion oral history interview
http://www.oac.cdlib.org/findaid/ark:/13030/c87d2vrs	Elias (Paul) field notes
http://www.oac.cdlib.org/findaid/ark:/13030/kt6p3038k8	Eliashev typescript
http://www.oac.cdlib.org/findaid/ark:/13030/tf8r29n9dn	Eliel (Harriet J.) Oral History
http://www.oac.cdlib.org/findaid/ark:/13030/kt60003432	Eliel (Paul) miscellaneous papers
http://www.oac.cdlib.org/findaid/ark:/13030/kt7g5034xh	Eliot (T. S.) Papers
http://www.oac.cdlib.org/findaid/ark:/13030/tf8f59n9k8	Eliseev (Fedor I.) Memoirs
http://www.oac.cdlib.org/findaid/ark:/13030/tf6p30058g	Elk River Mill and Lumber Co. Records
http://www.oac.cdlib.org/findaid/ark:/13030/tf596nb18x	Elkins (Kate F.) Collection
http://www.oac.cdlib.org/findaid/ark:/13030/tf2x0n99s3	Elkus (Albert Israel) Papers
http://www.oac.cdlib.org/findaid/ark:/13030/tf187002bw	Elkus (Albert) Papers
http://www.oac.cdlib.org/findaid/ark:/13030/tf8q2nb3q5	Elkus (Bertha K.) Scrapbooks
http://www.oac.cdlib.org/findaid/ark:/13030/tf4199n736	Elkus (Elizabeth) Papers
http://www.oac.cdlib.org/findaid/ark:/13030/tf4p3004fz	Elkus (Jonathan) Papers
http://www.oac.cdlib.org/findaid/ark:/13030/c8sf2z9h	Ellacuría (Ignacio) Collection
http://www.oac.cdlib.org/findaid/ark:/13030/kt3p303414	Elleman (Bruce A.) papers
http://www.oac.cdlib.org/findaid/ark:/13030/kt20002907	Ellenberger (Allan R.) Collection on Ramon Novarro
http://www.oac.cdlib.org/findaid/ark:/13030/kt309nf44d	Ellenwood (Cecilia Freeman Atherton) Class Notes
http://www.oac.cdlib.org/findaid/ark:/13030/kt0n39r8vf	Ellenwood (Frank Oakes) materials on Stanford and William F. Durand
http://www.oac.cdlib.org/findaid/ark:/13030/c8s183t1	Ellerbe (Rose L.) Papers
http://www.oac.cdlib.org/findaid/ark:/13030/tf4j49n77j	Ellet Family Papers
http://www.oac.cdlib.org/findaid/ark:/13030/tf0x0nb147	Ellingham (Lewis). POET BE LIKE GOD
http://www.oac.cdlib.org/findaid/ark:/13030/kt000030hg	Ellington (Richard) papers
http://www.oac.cdlib.org/findaid/ark:/13030/c8f76f9n	Elliot (Bradford W.) Papers
http://www.oac.cdlib.org/findaid/ark:/13030/c8j104xk	Elliot (Stephen F.) Papers
http://www.oac.cdlib.org/findaid/ark:/13030/c8mk6fk7	Elliott (Doug) papers
http://www.oac.cdlib.org/findaid/ark:/13030/kt9c60401j	Elliott (Ellen Coit) Papers
http://www.oac.cdlib.org/findaid/ark:/13030/tf8g500604	Elliott Family Papers
http://www.oac.cdlib.org/findaid/ark:/13030/c8mp5410	Elliott (Harold F.) Papers
http://www.oac.cdlib.org/findaid/ark:/13030/kt109nd6v5	Elliott (John Elbert) papers
http://www.oac.cdlib.org/findaid/ark:/13030/kt7n39s5jz	Elliott (Orrin Leslie) Correspondence
http://www.oac.cdlib.org/findaid/ark:/13030/kt9n39s1v9	Elliott (Orrin Leslie) Papers
http://www.oac.cdlib.org/findaid/ark:/13030/tf6b69p0s6	Elliott (Robert) Papers
http://www.oac.cdlib.org/findaid/ark:/13030/tf1199n4gh	Elliott (William Yandell) papers
http://www.oac.cdlib.org/findaid/ark:/13030/tf4f59n9k1	Ellis Booksellers Records
http://www.oac.cdlib.org/findaid/ark:/13030/tf809nb537	Ellis Club of Los Angeles Collection of Musical Arrangements and Papers
http://www.oac.cdlib.org/findaid/ark:/13030/tf167n97q6	Ellis (Emory L.) Papers
http://www.oac.cdlib.org/findaid/ark:/13030/kt7f59s09m	Ellis Family Theater Memorabilia Collection
http://www.oac.cdlib.org/findaid/ark:/13030/tf4d5nb2jw	Ellis (Havelock) Papers
http://www.oac.cdlib.org/findaid/ark:/13030/tf5w1004m5	Ellis (Henry H.) Papers
http://www.oac.cdlib.org/findaid/ark:/13030/kt3z09q4pc	Ellis (James L.) Papers
http://www.oac.cdlib.org/findaid/ark:/13030/kt029030qp	Ellis (Leon Hubbard) papers
http://www.oac.cdlib.org/findaid/ark:/13030/tf9s2007j5	Ellis (P. B.) Papers
http://www.oac.cdlib.org/findaid/ark:/13030/kt3t1nc48t	Ellison (Harlan) Collection
http://www.oac.cdlib.org/findaid/ark:/13030/kt1p3024xh	Ellison (Ralph) Collection
http://www.oac.cdlib.org/findaid/ark:/13030/c85q4wq0	Elmadjian (Fred) Collection
http://www.oac.cdlib.org/findaid/ark:/13030/tf196n98f6	Elmer (Minnie) Collection
http://www.oac.cdlib.org/findaid/ark:/13030/c8wq02rh	Elmhurst (ship) journal
http://www.oac.cdlib.org/findaid/ark:/13030/kt0w1010kz	Elmslie (Kenward) Papers
http://www.oac.cdlib.org/findaid/ark:/13030/kt6m3nd4p3	Eloesser (Leo) Papers
http://www.oac.cdlib.org/findaid/ark:/13030/kt8f59r9jf	Eloesser (Nina Franstead) papers
http://www.oac.cdlib.org/findaid/ark:/13030/kt1d5nd6qq	Elsbree (Langdon) Papers
http://www.oac.cdlib.org/findaid/ark:/13030/tf1h4n98bz	Elsen (Albert Edward) Papers
http://www.oac.cdlib.org/findaid/ark:/13030/kt5z09r7bq	Elstad (Peter Howard) collection
http://www.oac.cdlib.org/findaid/ark:/13030/kt1779r46c	Elster (Arlene) Papers
http://www.oac.cdlib.org/findaid/ark:/13030/tf8s2009dr	Elster (Ernestine S.) Files of the Calif. State Resources Commission
http://www.oac.cdlib.org/findaid/ark:/13030/kt1b69p3w0	Elston (Allan V.) Papers
http://www.oac.cdlib.org/findaid/ark:/13030/tf5870051x	Elston (Arnold) Musical Compositions amd Papers
http://www.oac.cdlib.org/findaid/ark:/13030/kt7g50364k	Eltse (Ruth Ricci) papers
http://www.oac.cdlib.org/findaid/ark:/13030/tf4v19n75g	Elwell (Cyril F.) Papers
http://www.oac.cdlib.org/findaid/ark:/13030/tf0g5000dz	Ely (Louise F.) Diary
http://www.oac.cdlib.org/findaid/ark:/13030/ft1g5002n7	Ely (Northcutt)
http://www.oac.cdlib.org/findaid/ark:/13030/kt42903374	Ely (Northcutt) typescript
http://www.oac.cdlib.org/findaid/ark:/13030/tf4q2nb0dt	"Ely (Walter R., Jr.) Papers"
http://www.oac.cdlib.org/findaid/ark:/13030/c86q1vp9	Elysian Fields Collection
http://www.oac.cdlib.org/findaid/ark:/13030/c8cr5snf	Emancipation Proclamation
http://www.oac.cdlib.org/findaid/ark:/13030/kt2q2nf2kf	Emanu-El Residence Club of San Francisco records
http://www.oac.cdlib.org/findaid/ark:/13030/kt42903395	Embree (Edwin Rogers) mimeograph
http://www.oac.cdlib.org/findaid/ark:/13030/tf9h4nb3n4	Emel'ianov (Ivan V.) Papers
http://www.oac.cdlib.org/findaid/ark:/13030/kt196nd538	Emergency Medical Services Authority Records
http://www.oac.cdlib.org/findaid/ark:/13030/c8sj1n0d	Emeriti Association. Administrative files.
http://www.oac.cdlib.org/findaid/ark:/13030/kt1p3033tx	Emerson (Edwin) letter
http://www.oac.cdlib.org/findaid/ark:/13030/kt9v19s3qh	Emerson (Eloise) papers
http://www.oac.cdlib.org/findaid/ark:/13030/kt3t1nd9kb	Emerson (George H.) papers
http://www.oac.cdlib.org/findaid/ark:/13030/kt6t1nb227	Emerson (Nathaniel B.) Papers?
http://www.oac.cdlib.org/findaid/ark:/13030/kt2p3017kn	"Emerson (Ralph W.) Letter, 1859"
http://www.oac.cdlib.org/findaid/ark:/13030/kt1d5nc41z	"Emerson (Ralph W.) Letter, 1861"
http://www.oac.cdlib.org/findaid/ark:/13030/tf7f59p2jh	Emerson (Ralph Waldo) letter
http://www.oac.cdlib.org/findaid/ark:/13030/c8p270bj	Emerson (Rebecca) Papers
http://www.oac.cdlib.org/findaid/ark:/13030/kt738nf3sn	Emery (Jacob Adams) letters
http://www.oac.cdlib.org/findaid/ark:/13030/kt5g50343g	Emin (Vahan) collection
http://www.oac.cdlib.org/findaid/ark:/13030/c8cr5wf0	Emler (Mahala E.) Diary Collection
http://www.oac.cdlib.org/findaid/ark:/13030/c89k4cr3	Emler (Ron) Photographs and Greeting Cards
http://www.oac.cdlib.org/findaid/ark:/13030/ft6z09n9c6	Emma Lazarus Jewish Women's Clubs of Los Angeles Records
http://www.oac.cdlib.org/findaid/ark:/13030/tf8n39n9kk	Emmerson (John K.) Papers
http://www.oac.cdlib.org/findaid/ark:/13030/tf209n98fj	Emmet (Christopher T.) papers
http://www.oac.cdlib.org/findaid/ark:/13030/tf1t1n98dz	Emmons (Delos C.) Papers
http://www.oac.cdlib.org/findaid/ark:/13030/c8x92bx0	Emmy Awards Collection of Music Scores
http://www.oac.cdlib.org/findaid/ark:/13030/kt3199r7fr	EMNID-Institut fur Meinungsforschung und Sozialforschung records
http://www.oac.cdlib.org/findaid/ark:/13030/kt1489r5qz	Emparan (Madie Brown) papers
http://www.oac.cdlib.org/findaid/ark:/13030/tf4s2003pr	Empey (William Y.) Papers
http://www.oac.cdlib.org/findaid/ark:/13030/tf2m3n98hh	Empire Mill and Mining Company Collection
http://www.oac.cdlib.org/findaid/ark:/13030/kt3v19n6jq	Empire Mine State Historic Park Collection
http://www.oac.cdlib.org/findaid/ark:/13030/c8df6s66	Employers' Associations Collection
http://www.oac.cdlib.org/findaid/ark:/13030/tf9m3nb3fp	Employment Dept. -- Social Workers Placement Service Records
http://www.oac.cdlib.org/findaid/ark:/13030/kt3r29q8dv	Employment Dept. and Human Resources Development Dept. Records
http://www.oac.cdlib.org/findaid/ark:/13030/tf6m3nb19q	Employment Stabilization Commission Records
http://www.oac.cdlib.org/findaid/ark:/13030/kt1b69r7mp	en la Mira (America)
http://www.oac.cdlib.org/findaid/ark:/13030/kt2m3nf111	en L.A. (Vista) Archive
http://www.oac.cdlib.org/findaid/ark:/13030/c84x58dn	Encore (schooner) logbook
http://www.oac.cdlib.org/findaid/ark:/13030/c8hx1dwg	Enderlin (Calvin Charles) Enegineering Reports on Mining and Metallurgy
http://www.oac.cdlib.org/findaid/ark:/13030/kt2p30043h	Endore (S. Guy) Papers
http://www.oac.cdlib.org/findaid/ark:/13030/tf938nb32q	Energy Commission -- Siting and Environmental Division Records
http://www.oac.cdlib.org/findaid/ark:/13030/tf896nb2mh	Energy Commission Records
http://www.oac.cdlib.org/findaid/ark:/13030/c8ww7jb9	"Energy Policy Office Papers, White House Central Files, 1973-1974"
http://www.oac.cdlib.org/findaid/ark:/13030/tf100000tr	Engel (Edward J.) Collection
http://www.oac.cdlib.org/findaid/ark:/13030/c8cz38v7	Engel (Fred) family photograph collection
http://www.oac.cdlib.org/findaid/ark:/13030/kt3b69q9qc	Engel (Mark) Papers
http://www.oac.cdlib.org/findaid/ark:/13030/ft3n39n626	Engelbart (Douglas C.) Papers
http://www.oac.cdlib.org/findaid/ark:/13030/kt8r29s45r	Engelbart (Douglas) Symposia Records
http://www.oac.cdlib.org/findaid/ark:/13030/kt200017t7	Engelke (Marian E.) Printing Ephemera Collection
http://www.oac.cdlib.org/findaid/ark:/13030/kt0s2032h4	Engelman (Harry) papers
http://www.oac.cdlib.org/findaid/ark:/13030/kt9489s3g9	Engelmore (Robert) Papers
http://www.oac.cdlib.org/findaid/ark:/13030/c89w0g6r	"Engh (Michael, S.J.) Collection of Mary Julia Workman Research Materials"
http://www.oac.cdlib.org/findaid/ark:/13030/c87p90rv	Engineering and Applied Science (School of). Accreditation Board for Engineering and Technology (ABET) files.
http://www.oac.cdlib.org/findaid/ark:/13030/c8cz38j6	Engineering and Applied Science (School of). Course proposal files.
http://www.oac.cdlib.org/findaid/ark:/13030/c8n87bkk	Engineering and Applied Science (School of). Dean. Administrative Files.
http://www.oac.cdlib.org/findaid/ark:/13030/c8vd70tt	Engineering and Applied Science (School of). Engineering Executive Program. Records.
http://www.oac.cdlib.org/findaid/ark:/13030/c8nc62kx	Engineering and Applied Science (School of). Executive Committee. Records.
http://www.oac.cdlib.org/findaid/ark:/13030/c8mw2jh5	Engineering and Applied Science (School of). Graduate Policy Committee. Records.
http://www.oac.cdlib.org/findaid/ark:/13030/tf529005x2	Engineering and Applied Science (School of). Hazardous Substances Control Research Center. Records.
http://www.oac.cdlib.org/findaid/ark:/13030/c8w0979x	Engineering and Applied Science (School of). Nuclear Energy Laboratory. Records.
http://www.oac.cdlib.org/findaid/ark:/13030/c8k64kqt	Engineering and Applied Science (School of). Publications and reports.
http://www.oac.cdlib.org/findaid/ark:/13030/tf8779p28c	Engineering (College of). Administrative files of C. [Charles] Martin Duke.
http://www.oac.cdlib.org/findaid/ark:/13030/tf1r29n7mm	Engineering (College of). Outgoing administrative correspondence of Charles Martin Duke.
http://www.oac.cdlib.org/findaid/ark:/13030/kt2s2035sb	Engineering Courses at Stanford University Correspondence
http://www.oac.cdlib.org/findaid/ark:/13030/c8w95bjw	"Engineering, Science, and Management War Training (ESMWT). Announcement and brochures."
http://www.oac.cdlib.org/findaid/ark:/13030/c84t6kc8	Engineer’s Report Photographs
http://www.oac.cdlib.org/findaid/ark:/13030/tf458003jr	"England : Documents, 1461-1871"
http://www.oac.cdlib.org/findaid/ark:/13030/kt2b69r56t	England (Robert) mimeograph
http://www.oac.cdlib.org/findaid/ark:/13030/kt4199r6t8	"Engle (Shirley H.) papers,"
http://www.oac.cdlib.org/findaid/ark:/13030/kt7x0nc73k	Englekirk (John E.) Papers
http://www.oac.cdlib.org/findaid/ark:/13030/kt6h4nf2f9	Engleman (Finis Ewing) papers
http://www.oac.cdlib.org/findaid/ark:/13030/kt8j49s1tt	"English Almanacs, 1767"
http://www.oac.cdlib.org/findaid/ark:/13030/kt0d5nf155	"English Almanacs, 1772"
http://www.oac.cdlib.org/findaid/ark:/13030/c8gh9gxb	English Chapbook Collection
http://www.oac.cdlib.org/findaid/ark:/13030/kt8d5nf5wf	English court and peerage letters (Collection of)
http://www.oac.cdlib.org/findaid/ark:/13030/kt8p30286r	English Department. Chair. Administrative files.
http://www.oac.cdlib.org/findaid/ark:/13030/c8xp769z	"English Department. Editorial files for ""Nineteenth-Century Fiction."""
http://www.oac.cdlib.org/findaid/ark:/13030/kt1v19q19z	English Photo Album
http://www.oac.cdlib.org/findaid/ark:/13030/kt5w1036js	English (Robert A.) Collection
http://www.oac.cdlib.org/findaid/ark:/13030/c87p9074	English-Seneca dictionary notes
http://www.oac.cdlib.org/findaid/ark:/13030/kt1h4nc4md	Englund (Ken) Papers
http://www.oac.cdlib.org/findaid/ark:/13030/kt7h4nc9s8	Englund (Ken) Papers
http://www.oac.cdlib.org/findaid/ark:/13030/c8nc61v3	"Engman (Lewis) Papers, White House Central Files, 1970-1974"
http://www.oac.cdlib.org/findaid/ark:/13030/kt2b69n58h	Engravings (Hand-Colored Wood) of Fairgrounds Collection
http://www.oac.cdlib.org/findaid/ark:/13030/c82v2ffq	Engravings of theaters and stage sets collection
http://www.oac.cdlib.org/findaid/ark:/13030/c8qj7kc5	"Engravings, Portraits. Collection."
http://www.oac.cdlib.org/findaid/ark:/13030/c8vt1qff	Engsworth (Augustus S.) Ledger
http://www.oac.cdlib.org/findaid/ark:/13030/kt80003598	Enke (Stephen) printed reports
http://www.oac.cdlib.org/findaid/ark:/13030/kt4290336m	Ennes (James M.) papers
http://www.oac.cdlib.org/findaid/ark:/13030/tf996nb384	Enochs (James) Papers
http://www.oac.cdlib.org/findaid/ark:/13030/kt5g5022k9	Enochs (James) Papers
http://www.oac.cdlib.org/findaid/ark:/13030/kt0v19q7b2	"Enrollment Services publications (University of California, Irvine)"
http://www.oac.cdlib.org/findaid/ark:/13030/kt4s200606	Ensemble Theatre archives
http://www.oac.cdlib.org/findaid/ark:/13030/kt8v19s4b0	Entitled Opinions (About Life and Literature) with Robert Harrison
http://www.oac.cdlib.org/findaid/ark:/13030/c88s4rt9	"Entomological Society of America, Pacific Branch. Records."
http://www.oac.cdlib.org/findaid/ark:/13030/tf629007h4	Entzmann (Arnold) Papers
http://www.oac.cdlib.org/findaid/ark:/13030/kt5n39r92k	Environmental Affairs Agency Records
http://www.oac.cdlib.org/findaid/ark:/13030/c82806xg	Environmental Coalition of Orange County Records
http://www.oac.cdlib.org/findaid/ark:/13030/kt9g503007	"Environmental Health and Safety publications (University of California, Irvine)"
http://www.oac.cdlib.org/findaid/ark:/13030/kt3p3034qg	Environmental Issues Collection
http://www.oac.cdlib.org/findaid/ark:/13030/c88c9tp3	Environmental Protection Agency Records
http://www.oac.cdlib.org/findaid/ark:/13030/kt0g5034dk	Epel (David) Papers
http://www.oac.cdlib.org/findaid/ark:/13030/c8qz2bz4	Ephemera Collection
http://www.oac.cdlib.org/findaid/ark:/13030/c80r9pzb	Ephemera Collection
http://www.oac.cdlib.org/findaid/ark:/13030/c8pr7xc2	Ephemera from the Wheelhouse of the Eureka (built 1890; ferry)
http://www.oac.cdlib.org/findaid/ark:/13030/kt4t1nb894	Ephemeral Mexican Popular Literature Published by Antonio Vanegas Arroyo Collection
http://www.oac.cdlib.org/findaid/ark:/13030/tf4r29n7pk	EPIC campaign material
http://www.oac.cdlib.org/findaid/ark:/13030/kt2199p4c2	Epitome Publications Records
http://www.oac.cdlib.org/findaid/ark:/13030/tf1q2nb1dc	Epstein (Arnold Leonard and Trude Scarlett) Papers
http://www.oac.cdlib.org/findaid/ark:/13030/kt8t1nf38s	Epstein (Fritz Theodore) papers
http://www.oac.cdlib.org/findaid/ark:/13030/c87946tj	Epstein (Julius J.) papers
http://www.oac.cdlib.org/findaid/ark:/13030/tf7w1005xx	Epstein (Julius) Papers
http://www.oac.cdlib.org/findaid/ark:/13030/kt6z09p7b4	Epstein (Paul Sophus) Papers
http://www.oac.cdlib.org/findaid/ark:/13030/kt8r29q7m1	Epstein (Samuel) Papers
http://www.oac.cdlib.org/findaid/ark:/13030/kt6r29r8cq	"Equal Opportunity and Diversity Publications, University of California, Irvine"
http://www.oac.cdlib.org/findaid/ark:/13030/kt2n39r6v3	Equatorial Guinean subject collection
http://www.oac.cdlib.org/findaid/ark:/13030/tf4m3nb0p9	Eragny Press Records
http://www.oac.cdlib.org/findaid/ark:/13030/kt5b69r81m	Erasmus-Feit family papers
http://www.oac.cdlib.org/findaid/ark:/13030/kt5d5nb1kk	"Ercegovich (Anton) slides of the University of California, Irvine"
http://www.oac.cdlib.org/findaid/ark:/13030/tf8b69p2vt	Erenburg (Ilia). Articles About Spain in the Early 1930s
http://www.oac.cdlib.org/findaid/ark:/13030/kt1779r3sp	Ergushov (P.) typescript
http://www.oac.cdlib.org/findaid/ark:/13030/kt900038dk	Erhard (Ludwig) typescript
http://www.oac.cdlib.org/findaid/ark:/13030/kt238nd8x4	Erickson (Douglas) collection
http://www.oac.cdlib.org/findaid/ark:/13030/kt438nc5ck	Erickson (Edward O.) Collection
http://www.oac.cdlib.org/findaid/ark:/13030/tf300002hp	Erickson (Eric) Papers
http://www.oac.cdlib.org/findaid/ark:/13030/c8bk1dq7	Erickson (Floyd R.) Papers
http://www.oac.cdlib.org/findaid/ark:/13030/c8hm5b63	Erickson (Jack) Collection
http://www.oac.cdlib.org/findaid/ark:/13030/c8qv3nb4	Erickson (Jan) collection of oral history interviews
http://www.oac.cdlib.org/findaid/ark:/13030/kt3779s1d3	Erickson (Reed L.) papers
http://www.oac.cdlib.org/findaid/ark:/13030/c8348m3n	Erickson (Robert) Papers
http://www.oac.cdlib.org/findaid/ark:/13030/tf9w1007xh	Erickson (Vance Bryant) Photographs
http://www.oac.cdlib.org/findaid/ark:/13030/kt9n39r93b	Erickson (William) Papers
http://www.oac.cdlib.org/findaid/ark:/13030/tf3489n5x0	Ericson Photograph Collection
http://www.oac.cdlib.org/findaid/ark:/13030/kt9b69s1s9	Eritrean People's Liberation Front sound recordings
http://www.oac.cdlib.org/findaid/ark:/13030/tf6c6004vt	Eritrean Subject Collection
http://www.oac.cdlib.org/findaid/ark:/13030/kt1r29r763	Erl H. Ellis Papers
http://www.oac.cdlib.org/findaid/ark:/13030/c8222vzg	Erlin (Ted) Photographs Documenting the 1906 Earthquake
http://www.oac.cdlib.org/findaid/ark:/13030/kt1g5034jz	Ermakov (Petr Zacharovich) typescript
http://www.oac.cdlib.org/findaid/ark:/13030/kt5x0nf082	Erman (Irma C.) papers
http://www.oac.cdlib.org/findaid/ark:/13030/kt45803698	Ernst (Kurt) computer disk
http://www.oac.cdlib.org/findaid/ark:/13030/tf2m3nb1j3	Ernst (Morris L.) Banned Books Collection
http://www.oac.cdlib.org/findaid/ark:/13030/kt1489r5kw	Erskine (Dorothy Ward) Papers
http://www.oac.cdlib.org/findaid/ark:/13030/kt787034jh	Ervin (Charles Wesley) collection
http://www.oac.cdlib.org/findaid/ark:/13030/ft187002jc	Esalen Institute Collection
http://www.oac.cdlib.org/findaid/ark:/13030/c8000405	Esau (Katherine) Collection
http://www.oac.cdlib.org/findaid/ark:/13030/kt1s20304s	Esau (Katherine) Papers
http://www.oac.cdlib.org/findaid/ark:/13030/kt767nf481	Esau (Katherine) Papers
http://www.oac.cdlib.org/findaid/ark:/13030/kt9n39s25f	Eschelbach (Claire John) Papers
http://www.oac.cdlib.org/findaid/ark:/13030/c8db83m1	Escobar Family Papers
http://www.oac.cdlib.org/findaid/ark:/13030/tf8k4008xq	Escondido Land and Town Company Records
http://www.oac.cdlib.org/findaid/ark:/13030/tf35800389	"Esherick (Joseph) Collection, 1933-1985"
http://www.oac.cdlib.org/findaid/ark:/13030/tf4779n9hp	Eshleman (Clayton) Papers
http://www.oac.cdlib.org/findaid/ark:/13030/tf4k4006sf	Eshleman Family Papers
http://www.oac.cdlib.org/findaid/ark:/13030/kt3w1034hp	Esmer (Mithat) typescript
http://www.oac.cdlib.org/findaid/ark:/13030/kt7489p0qh	Espey (John J.) Papers
http://www.oac.cdlib.org/findaid/ark:/13030/c8pg1q4d	Esselstyn (Kathy) San Francisco Gay Community Center Photographs
http://www.oac.cdlib.org/findaid/ark:/13030/kt138nf3zc	Esser (Grace Denton) Collection
http://www.oac.cdlib.org/findaid/ark:/13030/kt9v19q8dc	Essert (Gary) Filmex Files
http://www.oac.cdlib.org/findaid/ark:/13030/c87d2w44	Estabrook (Emma Franklin) Papers
http://www.oac.cdlib.org/findaid/ark:/13030/c8x068jn	Estabrook (Howard) papers
http://www.oac.cdlib.org/findaid/ark:/13030/kt2779r4nd	Estampas de la revolucion espanola : 19 julio de 1936 printed material
http://www.oac.cdlib.org/findaid/ark:/13030/kt5779r6dp	Estate of Carl Mydans Photography Collection
http://www.oac.cdlib.org/findaid/ark:/13030/c8g44s25	"Estee (Morris M. and Heacock, E. H.) Papers"
http://www.oac.cdlib.org/findaid/ark:/13030/kt32903416	Esterly (Virginia Judy) Papers
http://www.oac.cdlib.org/findaid/ark:/13030/kt2s203420	Esterowicz (Samuel) memoirs/ Samuel Esterowicz in collaboration with Pearl Esterowicz Good
http://www.oac.cdlib.org/findaid/ark:/13030/kt2j49q7gs	Estes (Donald H.) Papers
http://www.oac.cdlib.org/findaid/ark:/13030/kt596nf173	Estonia. Riigi Kohus records
http://www.oac.cdlib.org/findaid/ark:/13030/kt0r29r52r	Estonia. Valimste Peakomitee miscellaneous records
http://www.oac.cdlib.org/findaid/ark:/13030/kt7q2nf2k0	Estonian Prisoners of Conscience in the USSR issuances
http://www.oac.cdlib.org/findaid/ark:/13030/tf5v19n7rk	Estonian Subject Collection
http://www.oac.cdlib.org/findaid/ark:/13030/kt096nd74f	The Estonians: for the record video tape
http://www.oac.cdlib.org/findaid/ark:/13030/kt687034fn	Estoniia i pomoshch golodaiushchim typescript
http://www.oac.cdlib.org/findaid/ark:/13030/c8mg7q42	Estrada (William) Research Collection on Dr. Ernesto Galarza (1905-1984)
http://www.oac.cdlib.org/findaid/ark:/13030/kt896nf3xb	Eta Sigma Lambda Fraternity Records
http://www.oac.cdlib.org/findaid/ark:/13030/kt000030w5	"Etchegoyen (Olivier, comte d') holograph"
http://www.oac.cdlib.org/findaid/ark:/13030/c81r6r9t	Etchelly (Petra) Letters
http://www.oac.cdlib.org/findaid/ark:/13030/kt609nf6df	"Etchemendy (John), ""Conceptualization of KAIST and Prof. Frederick E. Terman"""
http://www.oac.cdlib.org/findaid/ark:/13030/tf6n39n97s	Etcheverry (Bernard A.) Papers
http://www.oac.cdlib.org/findaid/ark:/13030/c84f1s04	Ethical Cultural Society of Los Angeles Collection
http://www.oac.cdlib.org/findaid/ark:/13030/kt296nc54n	Ethics of Intelligence and Weapons Devlopment Oral History Collection
http://www.oac.cdlib.org/findaid/ark:/13030/tf4x0nb0cm	Ethiopian Subject Collection
http://www.oac.cdlib.org/findaid/ark:/13030/c8mc91d3	Ethiopic manuscripts collection
http://www.oac.cdlib.org/findaid/ark:/13030/kt3q2nd7nr	"Ethnogeographic Board (Washington, D.C.) mimeograph"
http://www.oac.cdlib.org/findaid/ark:/13030/kt3b69r9d5	Ethnographic Futures Research Interviews Reports
http://www.oac.cdlib.org/findaid/ark:/13030/kt1199q7hq	"Ethnological documents of the Department and Museum of Anthropology, University of California, Berkeley"
http://www.oac.cdlib.org/findaid/ark:/13030/kt6b69s042	Ethnomusicology Archive Open Reel Tape Collection
http://www.oac.cdlib.org/findaid/ark:/13030/tf3s20066n	Etienne Esquirol's 'Le present registre compos de vingt feuille[s] cottes [sic]...'
http://www.oac.cdlib.org/findaid/ark:/13030/tf596nb0dh	Etnyre (Mentor) Collection
http://www.oac.cdlib.org/findaid/ark:/13030/kt6v19r8p1	Etter (Maria von) papers
http://www.oac.cdlib.org/findaid/ark:/13030/tf2h4n98s0	Eudin (Xenia J.) Papers
http://www.oac.cdlib.org/findaid/ark:/13030/kt0p3023bx	"Eugene Swarzwald ""Pictorial California and the Pacific"" Collection of Photographs"
http://www.oac.cdlib.org/findaid/ark:/13030/tf6c6004m6	Eureka and Palisade Railroad Collection
http://www.oac.cdlib.org/findaid/ark:/13030/c8mw2ggw	Eureka (built 1890; ferry) certificate
http://www.oac.cdlib.org/findaid/ark:/13030/kt6h4nf5fr	Eureka Valley Promotion Association Records
http://www.oac.cdlib.org/findaid/ark:/13030/kt5r29r71r	Eurich (Alvin C.) papers
http://www.oac.cdlib.org/findaid/ark:/13030/kt596nf14j	Eurich (Nell) papers
http://www.oac.cdlib.org/findaid/ark:/13030/kt7489s021	Euromissiles: A Panel Discussion [videorecording]
http://www.oac.cdlib.org/findaid/ark:/13030/kt0q2nd7hr	Europaische Zeitung newspaper issue
http://www.oac.cdlib.org/findaid/ark:/13030/kt3489q2w8	Europe 1930s and World War II North Africa Photograph Album
http://www.oac.cdlib.org/findaid/ark:/13030/kt9779q4x8	European Photograph Albums and Los Angeles Area Documents Collection
http://www.oac.cdlib.org/findaid/ark:/13030/kt2m3nd28p	European Pictorial Collection
http://www.oac.cdlib.org/findaid/ark:/13030/tf7489n8m1	European subject collection
http://www.oac.cdlib.org/findaid/ark:/13030/tf7p3005p0	European Technical Advisers Records
http://www.oac.cdlib.org/findaid/ark:/13030/kt967nb5t2	"European Women's Fashion Drawings, Collection of"
http://www.oac.cdlib.org/findaid/ark:/13030/tf3v19n92k	Euterpe Opera Theatre Collection of Papers and Photographs
http://www.oac.cdlib.org/findaid/ark:/13030/c86w98sc	Eva Dimond Ygalsky oral history interview
http://www.oac.cdlib.org/findaid/ark:/13030/kt438nf4zs	Eva Gottheiner oral history interview
http://www.oac.cdlib.org/findaid/ark:/13030/kt338nd8wx	Evangelische Kirchen Deutschland. Hilfswerk. letters
http://www.oac.cdlib.org/findaid/ark:/13030/kt9r29s1kt	Evangelische Kirchen Deutschland newsletter
http://www.oac.cdlib.org/findaid/ark:/13030/kt358033qq	Evans (Arthur Maybury) miscellaneous papers
http://www.oac.cdlib.org/findaid/ark:/13030/tf796nb4cj	Evans (Edmund) Etchings After Randolph Caldecott Collection
http://www.oac.cdlib.org/findaid/ark:/13030/kt629006mj	Evans (Edmund) Letters to
http://www.oac.cdlib.org/findaid/ark:/13030/c85b03vz	Evans (Elliott) photograph collection
http://www.oac.cdlib.org/findaid/ark:/13030/kt1z09r54d	Evans (Eric Scott) and Jerome Maxwell Strum Papers
http://www.oac.cdlib.org/findaid/ark:/13030/tf4489n6r6	Evans (Henry S.) Papers
http://www.oac.cdlib.org/findaid/ark:/13030/tf067nb0jc	"Evans (Herbert M.) Papers, 1943-66"
http://www.oac.cdlib.org/findaid/ark:/13030/tf287005h7	"Evans (Herbert M) Papers, 1946-70"
http://www.oac.cdlib.org/findaid/ark:/13030/kt409nd9w2	Evans (I. B. Pole) holograph
http://www.oac.cdlib.org/findaid/ark:/13030/c80866p0	Evans (J. Martin) Papers
http://www.oac.cdlib.org/findaid/ark:/13030/c8nc5zjv	Evans (James R.) Diary
http://www.oac.cdlib.org/findaid/ark:/13030/tf238n98gq	Evans (Len) Papers
http://www.oac.cdlib.org/findaid/ark:/13030/kt496nd9br	Evans (Luther Harris) conference summaries
http://www.oac.cdlib.org/findaid/ark:/13030/kt0r29r538	Evans (Maerose J.) papers
http://www.oac.cdlib.org/findaid/ark:/13030/tf2z09n81x	Evans (Rex) Papers
http://www.oac.cdlib.org/findaid/ark:/13030/kt0j49r98g	Evans (Samuel C.) collection on the Riverside Land and Irrigating Company
http://www.oac.cdlib.org/findaid/ark:/13030/c8v988vx	"Evans (William T.) Wentworth Manor, Montclair, New Jersey American collection of paintings - album of photographs"
http://www.oac.cdlib.org/findaid/ark:/13030/kt058030bn	Evans-McCan Group video tape
http://www.oac.cdlib.org/findaid/ark:/13030/tf6d5nb228	Evans-Wentz (Walter Y.) Buddhism and Eastern Religions Collection
http://www.oac.cdlib.org/findaid/ark:/13030/kt038nf0pg	Evans-Wentz (Walter Y.) Collection
http://www.oac.cdlib.org/findaid/ark:/13030/tf900006xp	Evans-Wentz (Walter Yeeling) Papers
http://www.oac.cdlib.org/findaid/ark:/13030/kt838nf1gb	Evatt (Herbert Vere) interview
http://www.oac.cdlib.org/findaid/ark:/13030/kt1779r3w7	Evdokimov (Rostislav) papers
http://www.oac.cdlib.org/findaid/ark:/13030/kt229032dm	Eveland (Wilbur) papers
http://www.oac.cdlib.org/findaid/ark:/13030/tf1b69n4wp	Evenson (Morris R.) Papers
http://www.oac.cdlib.org/findaid/ark:/13030/kt0w103222	Event of the Week radio news broadcast
http://www.oac.cdlib.org/findaid/ark:/13030/kt5v19r7ss	Everatt (M. W.) legal petition
http://www.oac.cdlib.org/findaid/ark:/13030/c8pv6mwq	Everest (F. Alton) papers
http://www.oac.cdlib.org/findaid/ark:/13030/c81v5fq4	"Everest Rancho, Arlington, Calif. photograph album"
http://www.oac.cdlib.org/findaid/ark:/13030/kt696nf0pn	Everett (Junius A.) papers
http://www.oac.cdlib.org/findaid/ark:/13030/c8ww7ksj	Everitt (Miles) Photographs
http://www.oac.cdlib.org/findaid/ark:/13030/kt3b69r8jr	Evermann (Barton Warren) Papers
http://www.oac.cdlib.org/findaid/ark:/13030/kt0v19r49j	Evers (Williamson M.) papers
http://www.oac.cdlib.org/findaid/ark:/13030/kt809nc2sx	"Evershed (J. A.) East Africa, Egypt, Palestine Photograph Album"
http://www.oac.cdlib.org/findaid/ark:/13030/tf8z09p01c	Eversley (David E.C.) Papers
http://www.oac.cdlib.org/findaid/ark:/13030/tf4g5006zc	Everson (Landis) Poetry Manuscripts
http://www.oac.cdlib.org/findaid/ark:/13030/tf638nb39d	Everson (William) Papers
http://www.oac.cdlib.org/findaid/ark:/13030/tf7g5005x9	Everson (William) Papers: Additions
http://www.oac.cdlib.org/findaid/ark:/13030/c8125v0r	Evolutionary and Environmental Biology (Institute of). Administrative files.
http://www.oac.cdlib.org/findaid/ark:/13030/c80z73tt	"Ewart, Lorraine: Collection"
http://www.oac.cdlib.org/findaid/ark:/13030/kt767nb4dr	Ewart (Wilfrid) Papers
http://www.oac.cdlib.org/findaid/ark:/13030/tf0q2n97gj	Ewers (Ernest A.) Papers
http://www.oac.cdlib.org/findaid/ark:/13030/tf8000088h	Ewing (Majl) Hogarth Press manuscripts collection
http://www.oac.cdlib.org/findaid/ark:/13030/tf238nb0tg	Ewing (Majl) literary correspondence and manuscripts collection
http://www.oac.cdlib.org/findaid/ark:/13030/tf167nb0f4	Ewing (Majl) papers
http://www.oac.cdlib.org/findaid/ark:/13030/tf367n99kq	Exactus Photo Film Corp. Records
http://www.oac.cdlib.org/findaid/ark:/13030/tf7580053x	Exactus Photo-Film Corporation Archive
http://www.oac.cdlib.org/findaid/ark:/13030/c8db8373	Excelsior Creamery Company Records
http://www.oac.cdlib.org/findaid/ark:/13030/c87m09gw	Excerpts from the Point Pino Lighthouse logbook
http://www.oac.cdlib.org/findaid/ark:/13030/kt3f59q1gj	Exhibit collection of Near Eastern manuscripts
http://www.oac.cdlib.org/findaid/ark:/13030/kt967nf6c5	Exhibits and Expositions collection
http://www.oac.cdlib.org/findaid/ark:/13030/kt3k4032td	Exiles video tape
http://www.oac.cdlib.org/findaid/ark:/13030/c8c827p9	Exler (Andrew Ross) Papers
http://www.oac.cdlib.org/findaid/ark:/13030/kt2f59r9k3	Exner (Richard) Papers
http://www.oac.cdlib.org/findaid/ark:/13030/kt30003104	Expedition! (Collection of scripts)
http://www.oac.cdlib.org/findaid/ark:/13030/c8697506	Experimental small craft sailing in the Oakland Estuary photographs
http://www.oac.cdlib.org/findaid/ark:/13030/kt8s20387c	Experiments in Art and Technology Los Angeles Records
http://www.oac.cdlib.org/findaid/ark:/13030/tf4j49n6rt	Experiments in Art and Technology Records
http://www.oac.cdlib.org/findaid/ark:/13030/kt3q2nb1rh	Exploratorium Records
http://www.oac.cdlib.org/findaid/ark:/13030/c8wm1f5s	Exploratory Conference on the Experience of the League of Nations Secretariat proceedings
http://www.oac.cdlib.org/findaid/ark:/13030/kt4d5nf1p5	Exploring Family School Records
http://www.oac.cdlib.org/findaid/ark:/13030/tf4489n69g	Exposition and Fair Records
http://www.oac.cdlib.org/findaid/ark:/13030/c8n58n58	"Exposition Park-Monroe Doctrine Centennial Exposition, Prints. 1923"
http://www.oac.cdlib.org/findaid/ark:/13030/kt6x0nc9hf	Expositions and Fairs Collection of Material
http://www.oac.cdlib.org/findaid/ark:/13030/c85d8qj3	Express Mail Collection
http://www.oac.cdlib.org/findaid/ark:/13030/tf5g500805	Exsteens (Maurice) Letters
http://www.oac.cdlib.org/findaid/ark:/13030/kt0m3nd5dk	Exter (John) speeches and writings
http://www.oac.cdlib.org/findaid/ark:/13030/kt6n39r8pq	Extermination des Juifs polonais mimeograph
http://www.oac.cdlib.org/findaid/ark:/13030/kt129030v2	Exton (Frederick) letter
http://www.oac.cdlib.org/findaid/ark:/13030/kt8j49p1qx	Extremist Book Collection
http://www.oac.cdlib.org/findaid/ark:/13030/tf4f59n74b	Eymann (William C.) Photograph Collection
http://www.oac.cdlib.org/findaid/ark:/13030/c8tx3gr2	Eytinge (Louis Victor) Collection
http://www.oac.cdlib.org/findaid/ark:/13030/c85t3hwb	Eyzaguirre (Roberto) Collection
http://www.oac.cdlib.org/findaid/ark:/13030/c8bc419c	Ezekiel (Jacob) Papers
http://www.oac.cdlib.org/findaid/ark:/13030/c86m38kn	Ezekiel (Rebecca) Papers


