http://www.oac.cdlib.org/findaid/ark:/13030/kt4j49r7sh	F. Weber and Co. Records
http://www.oac.cdlib.org/findaid/ark:/13030/tf9d5nb404	Fabbri (Inez) Collection
http://www.oac.cdlib.org/findaid/ark:/13030/tf5000044k	Faber du Faur (Kurt von) Papers
http://www.oac.cdlib.org/findaid/ark:/13030/kt0000346r	Faber (Justus) correspondence
http://www.oac.cdlib.org/findaid/ark:/13030/kt8779q7bm	Faber (Sandra M.) Papers
http://www.oac.cdlib.org/findaid/ark:/13030/kt7n39r3mk	Fabregas (Tomas) Papers
http://www.oac.cdlib.org/findaid/ark:/13030/kt800035c9	Fabre-Luce (Alfred) memorandum
http://www.oac.cdlib.org/findaid/ark:/13030/tf1x0n9871	Faces of the Enemy : video tape
http://www.oac.cdlib.org/findaid/ark:/13030/kt0d5nd99n	Face-to-face: U.S.-Soviet summitry video tape
http://www.oac.cdlib.org/findaid/ark:/13030/kt1k4031ss	Fackert (Harold E.) collection
http://www.oac.cdlib.org/findaid/ark:/13030/c88w3fh6	Fackler (F. Louis) Scrapbooks
http://www.oac.cdlib.org/findaid/ark:/13030/c85h7gvw	Factor (Max) Collection
http://www.oac.cdlib.org/findaid/ark:/13030/c82n5318	Factor (Max) Photograph Collection
http://www.oac.cdlib.org/findaid/ark:/13030/tf3s200413	Faculty and Department Files
http://www.oac.cdlib.org/findaid/ark:/13030/c8q52nxg	Faculty Associates Records (University of California, Irvine)
http://www.oac.cdlib.org/findaid/ark:/13030/kt4p30342z	Faculty Association Records
http://www.oac.cdlib.org/findaid/ark:/13030/tf5x0nb4n0	Faculty Records
http://www.oac.cdlib.org/findaid/ark:/13030/c8g44s6z	Faculty Reprint Collection.
http://www.oac.cdlib.org/findaid/ark:/13030/tf896nb6rh	Faculty Wives, University of California, San Francisco Records
http://www.oac.cdlib.org/findaid/ark:/13030/tf9s20105j	Faculty Womens Club - Constitutions, By-laws &amp; Amendments
http://www.oac.cdlib.org/findaid/ark:/13030/tf3k4005hh	Faculty Women's Club. Administrative files.
http://www.oac.cdlib.org/findaid/ark:/13030/tf4j49n9xv	Faculty Women's Club. Executive Board. Minutes of meetings.
http://www.oac.cdlib.org/findaid/ark:/13030/tf3g500587	Faculty Women's Club. Financial records.
http://www.oac.cdlib.org/findaid/ark:/13030/tf0x0nb0jz	Faculty Women's Club. Historian notebooks.
http://www.oac.cdlib.org/findaid/ark:/13030/tf8199p1dn	Faculty Women's Club. Minutes of general meetings.
http://www.oac.cdlib.org/findaid/ark:/13030/tf5000066k	Faculty Women's Club. Newsletters.
http://www.oac.cdlib.org/findaid/ark:/13030/tf1870046s	Faculty Women's Club. President notebooks.
http://www.oac.cdlib.org/findaid/ark:/13030/tf538nb2vw	Faculty Women's Club. Scholarship files.
http://www.oac.cdlib.org/findaid/ark:/13030/tf1g5003rw	Faculty Women's Club. Scrapbooks and photographs.
http://www.oac.cdlib.org/findaid/ark:/13030/tf9w1009sd	Faculty Women's Club. Sections. Annual reports.
http://www.oac.cdlib.org/findaid/ark:/13030/kt6g50346b	Fadeeva (Elena Pavlovna) drawings
http://www.oac.cdlib.org/findaid/ark:/13030/kt3g5018jm	Fadem (Joyce A.) Papers
http://www.oac.cdlib.org/findaid/ark:/13030/kt1580333s	Faderman (Lillian) papers
http://www.oac.cdlib.org/findaid/ark:/13030/c86t0n66	Fadner (John) Papers
http://www.oac.cdlib.org/findaid/ark:/13030/kt8d5nd4pd	Fagan (Ted) Collection
http://www.oac.cdlib.org/findaid/ark:/13030/tf5t1nb1d8	Fagan (Thomas) Collection: Blacklisted Teachers in Los Angeles (Interviews)
http://www.oac.cdlib.org/findaid/ark:/13030/tf7c6005kg	Fagen (Richard R.) Collection
http://www.oac.cdlib.org/findaid/ark:/13030/c89s1sr0	Fager (Irene) Papers
http://www.oac.cdlib.org/findaid/ark:/13030/c8kp814x	Fagothey (Austin J.)
http://www.oac.cdlib.org/findaid/ark:/13030/kt3r29r7r0	Fahey (John) papers
http://www.oac.cdlib.org/findaid/ark:/13030/tf3z09p01t	Fahey-Sloan Family Collection
http://www.oac.cdlib.org/findaid/ark:/13030/kt467nf40z	Fahy (William L.) collection on A.E. Housman
http://www.oac.cdlib.org/findaid/ark:/13030/kt3n39r783	Fain family papers
http://www.oac.cdlib.org/findaid/ark:/13030/kt667nb936	Fainer (Joseph L.) papers
http://www.oac.cdlib.org/findaid/ark:/13030/c8kp82rd	Fair Administration of Justice Commission Records
http://www.oac.cdlib.org/findaid/ark:/13030/tf5v19n7dd	Fair Employment and Housing Dept. and Fair Employment and Housing Commission Records
http://www.oac.cdlib.org/findaid/ark:/13030/c8b56k9p	Fair Housing Council of Orange County Records
http://www.oac.cdlib.org/findaid/ark:/13030/c8pr7xqj	Fairbank, James P (James Partridge). Papers.
http://www.oac.cdlib.org/findaid/ark:/13030/kt7b69r9k0	Fairbank (William M) Papers
http://www.oac.cdlib.org/findaid/ark:/13030/c8dj5h4n	Fairbanks (Douglas) papers
http://www.oac.cdlib.org/findaid/ark:/13030/kt5h4nc75c	Fairbanks (Harold W.) Papers
http://www.oac.cdlib.org/findaid/ark:/13030/tf6b69n9zp	Fairbanks (Jerry) Productions records
http://www.oac.cdlib.org/findaid/ark:/13030/tf2z09n8n7	Fairbrook (Lotte C.) Memoirs
http://www.oac.cdlib.org/findaid/ark:/13030/tf696nb4kb	Fairbrook (Paul) Stockton Port Commissioner Records
http://www.oac.cdlib.org/findaid/ark:/13030/ft2779n6h0	Fairchild Corporation, Reports
http://www.oac.cdlib.org/findaid/ark:/13030/c8tb18nm	Fairchild (John A.) Papers
http://www.oac.cdlib.org/findaid/ark:/13030/c8st7p53	Fairchild (Mahlon Dickerson) Memoirs
http://www.oac.cdlib.org/findaid/ark:/13030/kt8t1nf6wj	Fairchild Semiconductor 50th Anniversary [videorecording]
http://www.oac.cdlib.org/findaid/ark:/13030/kt696nf06d	Fairchild Semiconductor employee papers
http://www.oac.cdlib.org/findaid/ark:/13030/kt209nf265	Fairclough (Henry) Estate Legal Documents
http://www.oac.cdlib.org/findaid/ark:/13030/kt0489r3t7	Fairclough (Henry Rushton) miscellaneous papers
http://www.oac.cdlib.org/findaid/ark:/13030/kt4199s10w	Fairclough (Henry Rushton) Papers
http://www.oac.cdlib.org/findaid/ark:/13030/kt0m3nd91t	Faire (Virginia Brown) papers
http://www.oac.cdlib.org/findaid/ark:/13030/kt600038c4	Fairfax family engravings
http://www.oac.cdlib.org/findaid/ark:/13030/c8xg9sk8	Fairfax (Marion) papers
http://www.oac.cdlib.org/findaid/ark:/13030/tf887005s7	Fairfield (Asa M.) Collection
http://www.oac.cdlib.org/findaid/ark:/13030/kt196nd7qj	Fairman (Charles) printed material
http://www.oac.cdlib.org/findaid/ark:/13030/tf8779n9zn	Fairs and Expositions Collection, 1893-1967
http://www.oac.cdlib.org/findaid/ark:/13030/tf3q2n99rk	Fait (Margaret E.) Papers
http://www.oac.cdlib.org/findaid/ark:/13030/c8tt4sgj	Falcon Studios still images collection
http://www.oac.cdlib.org/findaid/ark:/13030/c8474cbq	Falconer (Thomas) Collection
http://www.oac.cdlib.org/findaid/ark:/13030/tf167n98fj	Falk (Adrien J.) Papers
http://www.oac.cdlib.org/findaid/ark:/13030/kt9n39r8pn	Falk (Karl L.) collection
http://www.oac.cdlib.org/findaid/ark:/13030/tf8c6009cm	Falk (Richard). Pandora's Halo
http://www.oac.cdlib.org/findaid/ark:/13030/c88s4qhv	Fall (Albert Bacon) Papers
http://www.oac.cdlib.org/findaid/ark:/13030/tf6k40050p	Fall (Eliza) Papers
http://www.oac.cdlib.org/findaid/ark:/13030/kt0b69r4mx	Fall (James H.) collection
http://www.oac.cdlib.org/findaid/ark:/13030/c8542q8g	Falls of Clyde (built 1878; ship, 4m) cost book
http://www.oac.cdlib.org/findaid/ark:/13030/kt0q2nd86k	Faludi (Susan) Publicity Collection
http://www.oac.cdlib.org/findaid/ark:/13030/c8xw4kk1	Family Photograph Album
http://www.oac.cdlib.org/findaid/ark:/13030/c8qc0482	Family Photograph Album, 1902-1906
http://www.oac.cdlib.org/findaid/ark:/13030/c85d8smt	Family Photograph Album, 1920s
http://www.oac.cdlib.org/findaid/ark:/13030/c8pc334p	Family Photograph Album, ca. 1890-1910
http://www.oac.cdlib.org/findaid/ark:/13030/kt3779s12x	Family Service Agency of San Francisco Records
http://www.oac.cdlib.org/findaid/ark:/13030/c8222s6s	Family Service Association of San Diego Records
http://www.oac.cdlib.org/findaid/ark:/13030/kt0779r6st	Family Service of Los Angeles Area and Welfare Planning Council scrapbooks
http://www.oac.cdlib.org/findaid/ark:/13030/kt7f59s3dm	Family Service of Los Angeles records
http://www.oac.cdlib.org/findaid/ark:/13030/kt1m3nd10r	Family Service of the East Bay records
http://www.oac.cdlib.org/findaid/ark:/13030/kt5q2nf5g8	Famme (Joseph H.) Collection
http://www.oac.cdlib.org/findaid/ark:/13030/c8bk1dv1	Fan scrapbooks compiled by Edna G. Vercoe
http://www.oac.cdlib.org/findaid/ark:/13030/c8pn96dj	Fannie Wall Children’s Home and Day Nursery, Inc. Records
http://www.oac.cdlib.org/findaid/ark:/13030/kt5j49s1f6	Fante (John) papers
http://www.oac.cdlib.org/findaid/ark:/13030/kt6g50370p	Fantus (Robert A.) Collection
http://www.oac.cdlib.org/findaid/ark:/13030/kt4j49r8b8	Far East Asia Collection
http://www.oac.cdlib.org/findaid/ark:/13030/kt6z09n8qv	Far East Photograph Albums
http://www.oac.cdlib.org/findaid/ark:/13030/kt8c6036jf	Far Eastern Commission records
http://www.oac.cdlib.org/findaid/ark:/13030/kt3r29r5ng	Far Western Slavic Conference proceedings
http://www.oac.cdlib.org/findaid/ark:/13030/tf6q2nb23r	Faragoh (F.E.) Collection - Portraits of Theatrical Personalities
http://www.oac.cdlib.org/findaid/ark:/13030/kt4g5036f9	Farber (Nat) Collection of Television Show Music Arrangements
http://www.oac.cdlib.org/findaid/ark:/13030/c8v988tg	Farin (Linda) papers
http://www.oac.cdlib.org/findaid/ark:/13030/kt4779p5bz	Farington family correspondence
http://www.oac.cdlib.org/findaid/ark:/13030/kt0p303589	Faris (Margaret Summers) Scrapbook
http://www.oac.cdlib.org/findaid/ark:/13030/kt6d5nf2d4	Farish (Linn M.) circular
http://www.oac.cdlib.org/findaid/ark:/13030/kt700038t5	Farish (Linn M.) Papers
http://www.oac.cdlib.org/findaid/ark:/13030/kt600037sv	Farley (Alan) Collection
http://www.oac.cdlib.org/findaid/ark:/13030/tf096n9889	Farm Security Administration, Region IX, San Francisco, Calif.
http://www.oac.cdlib.org/findaid/ark:/13030/ft538nb1fk	Farm Worker Organizing Collection
http://www.oac.cdlib.org/findaid/ark:/13030/kt2r29r6km	Farman (Joan and Phillip) Environmental Collection
http://www.oac.cdlib.org/findaid/ark:/13030/kt9k40382s	Farmer (Edward M.) papers
http://www.oac.cdlib.org/findaid/ark:/13030/kt4p3033xd	Farmer (Garland R.) papers
http://www.oac.cdlib.org/findaid/ark:/13030/c8jh3npm	Farmer (Malcom F.) Collection
http://www.oac.cdlib.org/findaid/ark:/13030/tf2g50050s	Farmer Merchants Bank (Stockton, Calif.) Scrapbook
http://www.oac.cdlib.org/findaid/ark:/13030/kt896nb4nb	Farmer (Moses G.) Papers
http://www.oac.cdlib.org/findaid/ark:/13030/kt7f59r9p6	Farmers' National Weekly newspaper issues
http://www.oac.cdlib.org/findaid/ark:/13030/kt538nd9f9	Farmers' Trade Union Records.
http://www.oac.cdlib.org/findaid/ark:/13030/tf0t1n97p9	Farner (Frank) Papers
http://www.oac.cdlib.org/findaid/ark:/13030/c80g3j3f	Farnum (William) Collection
http://www.oac.cdlib.org/findaid/ark:/13030/tf4r29n9rk	Farquhar (Francis P.) Papers
http://www.oac.cdlib.org/findaid/ark:/13030/tf309n99w2	Farquhar (Francis P.) Papers
http://www.oac.cdlib.org/findaid/ark:/13030/kt7r29r7t8	Farquhar (Francis Peloubet) collection
http://www.oac.cdlib.org/findaid/ark:/13030/kt8779r9p6	Farquhar (Percival) papers
http://www.oac.cdlib.org/findaid/ark:/13030/c87p8wvk	Farquhar (Robert D.) Collection
http://www.oac.cdlib.org/findaid/ark:/13030/c8cf9qpg	Farquhar (Robert D.) drawings of Beverly Hills High School
http://www.oac.cdlib.org/findaid/ark:/13030/kt6q2nd0gq	Farquhar (Robert D.) Papers
http://www.oac.cdlib.org/findaid/ark:/13030/kt667nf0ng	Farquharson (Dorothea Price) papers
http://www.oac.cdlib.org/findaid/ark:/13030/kt3m3nd8cf	Farr (Sam) Papers
http://www.oac.cdlib.org/findaid/ark:/13030/tf8c6006bn	Farragut (David G.) Papers
http://www.oac.cdlib.org/findaid/ark:/13030/tf558004cz	Farrand (Beatrix J.) Collection
http://www.oac.cdlib.org/findaid/ark:/13030/kt1g5034hf	Farrand (Stephen M.) papers
http://www.oac.cdlib.org/findaid/ark:/13030/kt40002053	Farrar (Irwin E.) Papers
http://www.oac.cdlib.org/findaid/ark:/13030/kt929016c9	Farrell (Charles H.) Collection of Plays
http://www.oac.cdlib.org/findaid/ark:/13030/kt287004dj	Farrell (Cliff) Papers
http://www.oac.cdlib.org/findaid/ark:/13030/c8t72js2	Farrell (Harry) Papers
http://www.oac.cdlib.org/findaid/ark:/13030/kt8290223c	Farrell (James T.) Letter
http://www.oac.cdlib.org/findaid/ark:/13030/c8571cmg	Farrell (Michael J.) Papers, White House Special Files, 1969-1974
http://www.oac.cdlib.org/findaid/ark:/13030/c80p0z1f	Farwall (Lyman) papers
http://www.oac.cdlib.org/findaid/ark:/13030/kt6q2nc9jn	Fashion Frocks, Inc. Style Cards and Other Material
http://www.oac.cdlib.org/findaid/ark:/13030/kt9h4nf7hp	Fashion Plate Curio Book
http://www.oac.cdlib.org/findaid/ark:/13030/kt2x0nf0cp	Fast (Emory) letters to his wife Ethel Barker Fast
http://www.oac.cdlib.org/findaid/ark:/13030/kt3z09r9kp	Fast (Lisette), "Memories of Life in Silverton" Typescript
http://www.oac.cdlib.org/findaid/ark:/13030/kt4q2nf19f	Fat (Frank) Collection
http://www.oac.cdlib.org/findaid/ark:/13030/kt3g5033t7	Fath (Hildegard) typescript
http://www.oac.cdlib.org/findaid/ark:/13030/kt0n39q6th	Fathy (Saffa) Video Recordings of Jacques Derrida Lectures
http://www.oac.cdlib.org/findaid/ark:/13030/c8m61jnp	Fattey Family Diaries
http://www.oac.cdlib.org/findaid/ark:/13030/c8z899v9	Faucette (Thomas Frederich) Photographs
http://www.oac.cdlib.org/findaid/ark:/13030/kt0489r6f0	Faulkner (Maurice) Papers
http://www.oac.cdlib.org/findaid/ark:/13030/tf996nb3j8	Faulkner (Nettie S.) Newspaper Clippings
http://www.oac.cdlib.org/findaid/ark:/13030/tf800005vv	Faulstich (Edith M.) Collection
http://www.oac.cdlib.org/findaid/ark:/13030/c808672b	Faust (Frederick) Collection
http://www.oac.cdlib.org/findaid/ark:/13030/tf7c60063q	Faust (Frederick S.) Papers
http://www.oac.cdlib.org/findaid/ark:/13030/c870820j	Favela (Ricardo) Papers
http://www.oac.cdlib.org/findaid/ark:/13030/kt1v19r5t3	Favela (Ricardo) Royal Chicano Air Force Poster Collection
http://www.oac.cdlib.org/findaid/ark:/13030/kt1t1nd7m8	Fawl (S.) typescript
http://www.oac.cdlib.org/findaid/ark:/13030/tf98701058	Faxon (R. A.) Travel Journal
http://www.oac.cdlib.org/findaid/ark:/13030/c8416vg0	Fay (Agnes) Photograph Album
http://www.oac.cdlib.org/findaid/ark:/13030/tf1489n4cm	Fay Brothers Collection
http://www.oac.cdlib.org/findaid/ark:/13030/c89c7050	Fay (Logan) Letters
http://www.oac.cdlib.org/findaid/ark:/13030/tf1v19n5cp	Fay (Paul B.) The pleasure of his company
http://www.oac.cdlib.org/findaid/ark:/13030/kt3b69r5vz	Faymonville (Philip Ries) miscellaneous papers
http://www.oac.cdlib.org/findaid/ark:/13030/tf0s2001s3	Fay-Yen-Fah: Scores &amp; Parts
http://www.oac.cdlib.org/findaid/ark:/13030/kt7c6030d5	Fearey (Robert A.) Papers
http://www.oac.cdlib.org/findaid/ark:/13030/kt4290338n	Fearnside (W. Ward) collection
http://www.oac.cdlib.org/findaid/ark:/13030/tf7779n8gm	Feather River Canal Company Collection
http://www.oac.cdlib.org/findaid/ark:/13030/kt3c603588	Feather River Pine Mills Records
http://www.oac.cdlib.org/findaid/ark:/13030/c88054ph	Feather River Project Association Collection
http://www.oac.cdlib.org/findaid/ark:/13030/c8416xvr	Federal Art Project at the Southwest Museum Records
http://www.oac.cdlib.org/findaid/ark:/13030/c8dv1kgj	Federal Art Project Collection
http://www.oac.cdlib.org/findaid/ark:/13030/kt7b69p78g	Federal Records Center Misc. Records
http://www.oac.cdlib.org/findaid/ark:/13030/c8x92bv3	Federal Telegraph Company, Perham Collection on
http://www.oac.cdlib.org/findaid/ark:/13030/kt209nf2mc	Federal Theatre Project collection of material
http://www.oac.cdlib.org/findaid/ark:/13030/kt767nf3q8	Federal Theatre Project scripts
http://www.oac.cdlib.org/findaid/ark:/13030/kt638nb37q	Federal Theatre Project Scripts and Publications
http://www.oac.cdlib.org/findaid/ark:/13030/kt2h4nf1np	Federal Writers' Project of California records
http://www.oac.cdlib.org/findaid/ark:/13030/tf9q2nb424	Federal Writers Project Records
http://www.oac.cdlib.org/findaid/ark:/13030/tf1r29n57z	Federal Writers' Project source material on Migratory Labor, District no. 8
http://www.oac.cdlib.org/findaid/ark:/13030/kt4j49q3cx	Federation of Hillside and Canyon Associations Records
http://www.oac.cdlib.org/findaid/ark:/13030/kt4199p4zg	Federation of Russian Charitable Organizations of the United States Records
http://www.oac.cdlib.org/findaid/ark:/13030/kt2v19r3vz	Fedichkin (Dmitri I.) papers
http://www.oac.cdlib.org/findaid/ark:/13030/kt7v19r9k8	Fedorov (Georgii) typescript
http://www.oac.cdlib.org/findaid/ark:/13030/kt5g50127p	Fedulenko (V. V.) Papers
http://www.oac.cdlib.org/findaid/ark:/13030/kt92903784	Feely (Raymond Thomas) papers
http://www.oac.cdlib.org/findaid/ark:/13030/kt3g5033sq	Feferman (Anita) collection
http://www.oac.cdlib.org/findaid/ark:/13030/kt7n39s5bv	Feferman (Solomon) Papers
http://www.oac.cdlib.org/findaid/ark:/13030/kt8m3nf76c	Fefferman (Laverne) B'nai B'rith Collection
http://www.oac.cdlib.org/findaid/ark:/13030/tf700005nf	Fehrenbacher (Don Edward) Papers
http://www.oac.cdlib.org/findaid/ark:/13030/kt0489p28k	Feierabend (Ladislav) Papers
http://www.oac.cdlib.org/findaid/ark:/13030/kt500039hc	Feigenbaum (Edward A.) Papers
http://www.oac.cdlib.org/findaid/ark:/13030/kt6t1nf3vz	Feigenbaum (Edward A.) "Towards a Science of Scientific Thought"
http://www.oac.cdlib.org/findaid/ark:/13030/kt9z09s27f	Feiler (Arthur) papers
http://www.oac.cdlib.org/findaid/ark:/13030/tf7r29p0cx	Fein (Philip) Collection, ca. 1945-1968
http://www.oac.cdlib.org/findaid/ark:/13030/kt367nf1gf	Feinblatt (Ebria) Research Papers
http://www.oac.cdlib.org/findaid/ark:/13030/kt058030c5	Feingersh (Francis) papers
http://www.oac.cdlib.org/findaid/ark:/13030/c8zs2zmj	Feitshans (Buzz) papers
http://www.oac.cdlib.org/findaid/ark:/13030/c8c24xmc	Felando (Gerald) Papers
http://www.oac.cdlib.org/findaid/ark:/13030/kt3t1nf3cs	Felberbaum (William) Collection of Stanford Student Handbooks
http://www.oac.cdlib.org/findaid/ark:/13030/kt938nd6jn	Feldman collection of Hebrew manuscripts
http://www.oac.cdlib.org/findaid/ark:/13030/kt6z09q771	Feldman (Ed) Hogan's Heroes Scripts
http://www.oac.cdlib.org/findaid/ark:/13030/kt929040rf	Feldman (Julian) Papers (University of California, Irvine)
http://www.oac.cdlib.org/findaid/ark:/13030/c89c6w5c	Feldman (Ruthe) collection of Ansel Adams photographs of Yosemite printed by Alan Ross
http://www.oac.cdlib.org/findaid/ark:/13030/tf4p3003m2	Feldmans (Jules) Papers
http://www.oac.cdlib.org/findaid/ark:/13030/kt4v19s1kx	Felicita Collection of Photographs and Ephemera
http://www.oac.cdlib.org/findaid/ark:/13030/kt4q2nf2tp	Felin (Frances Edna) Papers
http://www.oac.cdlib.org/findaid/ark:/13030/kt4f59r7kr	Feliz (Frank E.) papers
http://www.oac.cdlib.org/findaid/ark:/13030/tf3s200303	Fellers (Bonner Frank) Papers
http://www.oac.cdlib.org/findaid/ark:/13030/kt567nd93s	Fellner (William John) papers
http://www.oac.cdlib.org/findaid/ark:/13030/c85q4x91	Fellows and Stewart papers
http://www.oac.cdlib.org/findaid/ark:/13030/kt6r29q504	Fellows (Charles) Correspondence
http://www.oac.cdlib.org/findaid/ark:/13030/tf996nb3m9	Fellowship of Reconciliation Records
http://www.oac.cdlib.org/findaid/ark:/13030/c8pz57jb	Felstiner (John) Papers
http://www.oac.cdlib.org/findaid/ark:/13030/c8dj5d12	Felt Lake Dam Photographs
http://www.oac.cdlib.org/findaid/ark:/13030/kt2p30316z	Felton (Frederick L.) letter excerpts
http://www.oac.cdlib.org/findaid/ark:/13030/tf167nb13f	Felton (Frederick) Nuremberg Trials Collection
http://www.oac.cdlib.org/findaid/ark:/13030/tf9t1nb816	Felton (Jean S.) Papers
http://www.oac.cdlib.org/findaid/ark:/13030/kt087033br	Felton (Verna) papers
http://www.oac.cdlib.org/findaid/ark:/13030/tf4k4003pf	Felver (Chris) "Group Surrounding Allen Ginsberg"
http://www.oac.cdlib.org/findaid/ark:/13030/kt5z09r7dr	Felver (Christopher) photographs
http://www.oac.cdlib.org/findaid/ark:/13030/kt2j49r522	Felz (Eberhard) collection
http://www.oac.cdlib.org/findaid/ark:/13030/kt100025cp	Femenil (Comision ) de Los Angeles III
http://www.oac.cdlib.org/findaid/ark:/13030/kt3g50209k	Femenil (Comision) de Los Angeles Papers II
http://www.oac.cdlib.org/findaid/ark:/13030/kt1m3nf305	Feminist University Conference [videorecording]
http://www.oac.cdlib.org/findaid/ark:/13030/tf600006qn	Fenichel (Otto) Papers
http://www.oac.cdlib.org/findaid/ark:/13030/hb4r29p37c	Fenlon (Roberta F.) papers
http://www.oac.cdlib.org/findaid/ark:/13030/kt5b69s168	Fenn (Rev. James) Papers
http://www.oac.cdlib.org/findaid/ark:/13030/c8g44rtm	Fenyes (Eva Scott) Collection
http://www.oac.cdlib.org/findaid/ark:/13030/c8mw2j0f	Fenyes-Curtin-Paloheimo (Family) Papers Container List
http://www.oac.cdlib.org/findaid/ark:/13030/c8s46stk	Feraud (Charles) collection, circa 1900s
http://www.oac.cdlib.org/findaid/ark:/13030/tf9r29p0b1	Ferdinand I, Czar of Bulgaria, Papers
http://www.oac.cdlib.org/findaid/ark:/13030/kt6k40364x	Ferdinand I, King of Romania letters
http://www.oac.cdlib.org/findaid/ark:/13030/kt5v19r7nq	Ferguson (Alan) correspondence
http://www.oac.cdlib.org/findaid/ark:/13030/kt9j49s3kg	Ferguson (Charles A.) Papers
http://www.oac.cdlib.org/findaid/ark:/13030/kt4q2nf21s	Ferguson (Charles) Remembrances [videorecording]
http://www.oac.cdlib.org/findaid/ark:/13030/c8m90bt3	Ferguson (Donald A.) papers
http://www.oac.cdlib.org/findaid/ark:/13030/kt6c6038f7	Ferguson (Otis) papers
http://www.oac.cdlib.org/findaid/ark:/13030/c8pk0gzx	Fergusson (Robert) Collection
http://www.oac.cdlib.org/findaid/ark:/13030/tf5p3004sf	Ferlinghetti (Lawrence) Papers
http://www.oac.cdlib.org/findaid/ark:/13030/tf3199n6sr	Ferlinghetti (Lawrence) Papers - Photographs
http://www.oac.cdlib.org/findaid/ark:/13030/c8p849ms	Fermentation Technology Collection
http://www.oac.cdlib.org/findaid/ark:/13030/c8ff3v1z	Fernald School. Records.
http://www.oac.cdlib.org/findaid/ark:/13030/kt1c60325n	Fernandez (Sergio) papers
http://www.oac.cdlib.org/findaid/ark:/13030/c85t3mzg	Fernandez-Alemany (Manuel) Research Papers
http://www.oac.cdlib.org/findaid/ark:/13030/tf1t1n98xq	Fernández del Castillo y de Mier (Manuel) Papers
http://www.oac.cdlib.org/findaid/ark:/13030/c88c9xzx	Ferral (Robert) Letter
http://www.oac.cdlib.org/findaid/ark:/13030/tf1n39n87r	Ferrer (Francisco) Collection
http://www.oac.cdlib.org/findaid/ark:/13030/kt296nd831	Ferriere (Suzanne) typescript
http://www.oac.cdlib.org/findaid/ark:/13030/c8b56kjt	Ferrocarril Central from Callao to Chicla, Peru Photograph album of views
http://www.oac.cdlib.org/findaid/ark:/13030/c82b90qd	Ferry Boat Officer records
http://www.oac.cdlib.org/findaid/ark:/13030/c8s46sq7	Ferry (William M.) Family Photograph Albums, 1860s
http://www.oac.cdlib.org/findaid/ark:/13030/c84x58c6	Ferry (William M.) Papers
http://www.oac.cdlib.org/findaid/ark:/13030/c82j6cmj	Ferryboat logbooks
http://www.oac.cdlib.org/findaid/ark:/13030/c8x92d2m	Ferry-Morse Seed Co. Records.
http://www.oac.cdlib.org/findaid/ark:/13030/tf1r29n4vs	Fertig (Lawrence) Papers
http://www.oac.cdlib.org/findaid/ark:/13030/tf996nb3wf	Fetter (Alexander L) Papers
http://www.oac.cdlib.org/findaid/ark:/13030/kt509nf153	Fetter (Bruce) collection
http://www.oac.cdlib.org/findaid/ark:/13030/kt9t1nf4vc	Fetter (Klara) papers
http://www.oac.cdlib.org/findaid/ark:/13030/c89w0gv8	Fetzer (A. W.) Photographs
http://www.oac.cdlib.org/findaid/ark:/13030/c8bc3xwc	Fetzer (Joel S.) Papers
http://www.oac.cdlib.org/findaid/ark:/13030/c8vh5q58	Feuchtwanger (Lion) papers
http://www.oac.cdlib.org/findaid/ark:/13030/kt10003750	Feuchtwanger (Marta) papers
http://www.oac.cdlib.org/findaid/ark:/13030/kt1n39r460	Feuilletau de Bruyn (Willem Karel Hendrik) typescript
http://www.oac.cdlib.org/findaid/ark:/13030/kt5n39p6k0	Feynman (Richard Phillips) Papers
http://www.oac.cdlib.org/findaid/ark:/13030/kt9r29s1hs	Fiedler (Willy Achim) papers
http://www.oac.cdlib.org/findaid/ark:/13030/tf4m3nb2vv	Field (Avery E.) collection
http://www.oac.cdlib.org/findaid/ark:/13030/tf7g5005q6	Field (Charles D.) Collection of Ernest Hemingway
http://www.oac.cdlib.org/findaid/ark:/13030/kt5870397n	Field (Charles K.) Collection
http://www.oac.cdlib.org/findaid/ark:/13030/kt5779r741	Field (Charles Kellogg) typescript
http://www.oac.cdlib.org/findaid/ark:/13030/tf196n97xz	Field (Edwin W.) Papers
http://www.oac.cdlib.org/findaid/ark:/13030/tf9c6006qn	Field (Eugene) Papers
http://www.oac.cdlib.org/findaid/ark:/13030/kt0m3nd5jn	Field (Herbert Haviland) papers
http://www.oac.cdlib.org/findaid/ark:/13030/tf9p30078c	Field (Isobel) Papers
http://www.oac.cdlib.org/findaid/ark:/13030/c8f191vx	Field (John) collection of history of medicine course syllabi and lecture notes
http://www.oac.cdlib.org/findaid/ark:/13030/kt2f59r6cj	Field (N. H.) memorandum
http://www.oac.cdlib.org/findaid/ark:/13030/tf8q2nb3dh	Field (Stephen J.) Papers
http://www.oac.cdlib.org/findaid/ark:/13030/kt229032f4	Fielden (Bert S.) papers
http://www.oac.cdlib.org/findaid/ark:/13030/tf9870072n	Fielder (William R. and Louise) Sheet Music Collection
http://www.oac.cdlib.org/findaid/ark:/13030/tf6580059q	Fieldnotes Concerning Self-help and Consumer Cooperatives
http://www.oac.cdlib.org/findaid/ark:/13030/kt5489s1cj	Fields (Armond) American Theatre collection
http://www.oac.cdlib.org/findaid/ark:/13030/kt6x0nf5hd	Fields (Jack) Photograph Collection
http://www.oac.cdlib.org/findaid/ark:/13030/tf6p3004vs	Fields (James T.) Addenda
http://www.oac.cdlib.org/findaid/ark:/13030/tf2z09n5tc	Fields (James T.) Papers
http://www.oac.cdlib.org/findaid/ark:/13030/c8gq70d4	Fields (W. C.) papers
http://www.oac.cdlib.org/findaid/ark:/13030/kt596nf18m	Fielitz (Axel von) holograph
http://www.oac.cdlib.org/findaid/ark:/13030/c8416wc2	Fierro (Josefina) photographs
http://www.oac.cdlib.org/findaid/ark:/13030/kt1n39r7f2	Fierro (Leonard) Papers
http://www.oac.cdlib.org/findaid/ark:/13030/c8cr5vrm	Fiesta de Los Angeles Collection
http://www.oac.cdlib.org/findaid/ark:/13030/kt3h4nf09b	Fife (Austin E.) typescript
http://www.oac.cdlib.org/findaid/ark:/13030/kt6z09s2hn	Fifer (Charles) Collection of Stanford Photographs
http://www.oac.cdlib.org/findaid/ark:/13030/c81c1zxp	Fifer (Charles N.) collection of Stanford English Department Miscellany
http://www.oac.cdlib.org/findaid/ark:/13030/kt5n39r0jg	Fifield (Lillene H.) Papers
http://www.oac.cdlib.org/findaid/ark:/13030/kt1199r71x	Fiftieth Anniversary Celebration of Stanford University Fund Raising Letters
http://www.oac.cdlib.org/findaid/ark:/13030/kt6r29r9qc	Fight for Freedom Committee records
http://www.oac.cdlib.org/findaid/ark:/13030/kt9r29s1g8	Fighting lady: a drama of the Pacific motion picture film
http://www.oac.cdlib.org/findaid/ark:/13030/kt8b69r9tx	Figner (Vera) letters
http://www.oac.cdlib.org/findaid/ark:/13030/kt8v19q7xb	Figueiredo (Fidelino de) Letters to
http://www.oac.cdlib.org/findaid/ark:/13030/tf7v19n94v	Figueras (Andre) [interviewer] Sound Recordings
http://www.oac.cdlib.org/findaid/ark:/13030/c8d50pp6	Figueroa (José) Letter
http://www.oac.cdlib.org/findaid/ark:/13030/c8v1235v	Figueroa (Robert) Photographs
http://www.oac.cdlib.org/findaid/ark:/13030/c8jh3nfg	Fiji photograph album
http://www.oac.cdlib.org/findaid/ark:/13030/kt7b69s0pn	Fikes (Richard Earl) Papers
http://www.oac.cdlib.org/findaid/ark:/13030/kt5g50130j	Fikkert (Rita) Collection
http://www.oac.cdlib.org/findaid/ark:/13030/kt558039bj	Filibuster Expeditions Collection
http://www.oac.cdlib.org/findaid/ark:/13030/kt500013ch	Filip'ev (Pavel Timofeevich) Papers
http://www.oac.cdlib.org/findaid/ark:/13030/c8fn16qc	Filipino Labor Union Collection
http://www.oac.cdlib.org/findaid/ark:/13030/c8qn67fk	Filipino Task Force on AIDS Records
http://www.oac.cdlib.org/findaid/ark:/13030/c8xd10ds	Filipinos in Ventura County Digital Image Collection
http://www.oac.cdlib.org/findaid/ark:/13030/kt8k4039d4	Film and Television Screenplay Collection
http://www.oac.cdlib.org/findaid/ark:/13030/c84t6grz	film and television scripts (Collection of)
http://www.oac.cdlib.org/findaid/ark:/13030/kt1489r9fr	Film and Video Center Records (University of California, Irvine)
http://www.oac.cdlib.org/findaid/ark:/13030/tf396nb02q	Film Division Records
http://www.oac.cdlib.org/findaid/ark:/13030/kt467nd2dr	Film Festival Programs Collection, 1984-2003
http://www.oac.cdlib.org/findaid/ark:/13030/c82f7p84	Film Frame Collection
http://www.oac.cdlib.org/findaid/ark:/13030/ft5p30040x	Film Music Collection
http://www.oac.cdlib.org/findaid/ark:/13030/kt8b69s3fs	Film Press Kit Collection
http://www.oac.cdlib.org/findaid/ark:/13030/tf3c6002td	Film programs from East Germany
http://www.oac.cdlib.org/findaid/ark:/13030/kt609nf6tn	Film Scripts Collection
http://www.oac.cdlib.org/findaid/ark:/13030/c8j67k3k	Filman (Norman) Collection
http://www.oac.cdlib.org/findaid/ark:/13030/kt4b69r75w	Fil'shin (G. I.) interviews
http://www.oac.cdlib.org/findaid/ark:/13030/kt3g5035bz	Finance Department Photographs
http://www.oac.cdlib.org/findaid/ark:/13030/c8hm593b	Finch (Robert H.) Papers, White House Central Files, 1969-1972
http://www.oac.cdlib.org/findaid/ark:/13030/kt009nf0wx	Finch (Sheila) papers
http://www.oac.cdlib.org/findaid/ark:/13030/kt6t1nd9f6	Finder (Leonard V.) Papers
http://www.oac.cdlib.org/findaid/ark:/13030/kt900041sb	Finding aid for the Division of Business and Administrative Support Services Records
http://www.oac.cdlib.org/findaid/ark:/13030/kt3b69r9fp	Findlay (Alexander) Diary
http://www.oac.cdlib.org/findaid/ark:/13030/tf9m3nb3qt	Findley (Paul) Papers
http://www.oac.cdlib.org/findaid/ark:/13030/tf8q2nb68w	Fine (A. M.). Memnos ; Geburtstag am Pierre
http://www.oac.cdlib.org/findaid/ark:/13030/c80p0xrf	Fine Arts League of Los Angeles Records
http://www.oac.cdlib.org/findaid/ark:/13030/kt0r29q26x	Fine Arts Productions, Committee on. - Clipping Files. Announcements and Reviews of Events
http://www.oac.cdlib.org/findaid/ark:/13030/tf0v19n72p	Fine Arts Productions (Committee on). Administrative files of the Berlin/Los Angeles 200 Festival.
http://www.oac.cdlib.org/findaid/ark:/13030/tf709nb47h	Fine Arts Productions (Committee on). Event files.
http://www.oac.cdlib.org/findaid/ark:/13030/tf2n39n7j7	Fine Arts Productions (Committee on). Newsletters.
http://www.oac.cdlib.org/findaid/ark:/13030/tf6r29p0j6	Fine Arts Productions (Committee on). Press releases.
http://www.oac.cdlib.org/findaid/ark:/13030/tf1w1004jw	Fine Arts Productions (Committee on). Programs.
http://www.oac.cdlib.org/findaid/ark:/13030/tf7h4nb4v3	Fine Arts Productions (Committee on). Season brochures.
http://www.oac.cdlib.org/findaid/ark:/13030/tf4c6005z7	Fine Arts Productions (Committee on). Single-event announcements.
http://www.oac.cdlib.org/findaid/ark:/13030/tf8q2nb59x	Fine (Mort) Papers
http://www.oac.cdlib.org/findaid/ark:/13030/kt429019h8	Fine (Mort) Papers
http://www.oac.cdlib.org/findaid/ark:/13030/kt409nf148	Fine Press Ephemera Collection
http://www.oac.cdlib.org/findaid/ark:/13030/c88053tw	Fine Press Prints, Broadsides, and Ephemera Collection
http://www.oac.cdlib.org/findaid/ark:/13030/kt3v19s0x9	Fine Press Promotional Literature Collection
http://www.oac.cdlib.org/findaid/ark:/13030/kt6q2nc0kt	Fine Print Records
http://www.oac.cdlib.org/findaid/ark:/13030/c8jw8gt1	Fine Printing Collection
http://www.oac.cdlib.org/findaid/ark:/13030/c8kh0m1v	Fine Printing Ephemera (Collection of)
http://www.oac.cdlib.org/findaid/ark:/13030/tf758005mp	Fineman (Joel) Papers
http://www.oac.cdlib.org/findaid/ark:/13030/tf3q2n99q2	Finger (Seymour M.) Dispatches
http://www.oac.cdlib.org/findaid/ark:/13030/kt5s2021hr	Finkel (Robert) Collection of Photographs of Television Variety Show Sets
http://www.oac.cdlib.org/findaid/ark:/13030/kt2g5032sx	Finkle (Fred C.) Papers, Water Resources Collection
http://www.oac.cdlib.org/findaid/ark:/13030/c8xd10nx	Finkle (Raymond D.) Papers
http://www.oac.cdlib.org/findaid/ark:/13030/tf4j49n6tv	Finlay (Ian Hamilton) Papers
http://www.oac.cdlib.org/findaid/ark:/13030/c8zg6r80	Finley – McFarling Genealogy Collection
http://www.oac.cdlib.org/findaid/ark:/13030/c8np22v3	Finley (Charles) Nude Beach Activism Photographs
http://www.oac.cdlib.org/findaid/ark:/13030/kt138nd9n5	Finley (Margaret A.) letters
http://www.oac.cdlib.org/findaid/ark:/13030/kt7580362k	Finliandets bulletins
http://www.oac.cdlib.org/findaid/ark:/13030/kt6q2nc7dm	Finn (Chester E., Jr.) Papers
http://www.oac.cdlib.org/findaid/ark:/13030/c84j0cj0	Finney (Bob) Photographs
http://www.oac.cdlib.org/findaid/ark:/13030/kt8p3037bs	Finney (Edward) / Tex Ritter Papers
http://www.oac.cdlib.org/findaid/ark:/13030/tf3g50053n	Finney (Ruth) Papers
http://www.oac.cdlib.org/findaid/ark:/13030/kt1r29r8vd	Finnie (Anne Ackerman) Papers
http://www.oac.cdlib.org/findaid/ark:/13030/kt138nf3xv	Finnie (Richard) Collection
http://www.oac.cdlib.org/findaid/ark:/13030/ft596nb0jz	Finnie (Richard S.) Papers
http://www.oac.cdlib.org/findaid/ark:/13030/tf4k4003hv	Finnish Relief Fund Records
http://www.oac.cdlib.org/findaid/ark:/13030/tf7000054p	Finnish Subject Collection
http://www.oac.cdlib.org/findaid/ark:/13030/tf3z09p009	Finstein (Max). The Visit ; Act II, Scene I
http://www.oac.cdlib.org/findaid/ark:/13030/kt8c6036n0	Finze (Hans Joachim) holograph
http://www.oac.cdlib.org/findaid/ark:/13030/tf7779n9fk	Fiorello (Dante) Collection
http://www.oac.cdlib.org/findaid/ark:/13030/c86d5vhg	Fire Arms Slides
http://www.oac.cdlib.org/findaid/ark:/13030/c8xg9rww	"Fire Brigade, The" Stills
http://www.oac.cdlib.org/findaid/ark:/13030/kt7199s1p5	Fire Monitoring and Fire Effects Records
http://www.oac.cdlib.org/findaid/ark:/13030/kt400032m7	The Fire of Life: The Legorreta (Robert) - Cyclona Collection
http://www.oac.cdlib.org/findaid/ark:/13030/kt987023hp	Firehouse Theater Company Archives
http://www.oac.cdlib.org/findaid/ark:/13030/kt6m3nc88c	Firing Line (Television Program) Broadcast Records
http://www.oac.cdlib.org/findaid/ark:/13030/tf6p30073v	Firmage (George J.) Papers
http://www.oac.cdlib.org/findaid/ark:/13030/kt0j49r4wc	Firsov (Fridrikh Igorevich) collection
http://www.oac.cdlib.org/findaid/ark:/13030/c8v125dt	First Aid and Civil Defense Collection
http://www.oac.cdlib.org/findaid/ark:/13030/tf6r29n85x	First Aid For Hungary Records
http://www.oac.cdlib.org/findaid/ark:/13030/kt7m3nf5j8	First American Title Insurance Company Hopkins Marine Station Preliminary Report
http://www.oac.cdlib.org/findaid/ark:/13030/c8zw1mqd	First Century Families records
http://www.oac.cdlib.org/findaid/ark:/13030/c8251gm3	First Church of One Brotherhood Collection
http://www.oac.cdlib.org/findaid/ark:/13030/kt9q2nf639	First Class of San Jose State Normal School Research Records
http://www.oac.cdlib.org/findaid/ark:/13030/tf6g5004qd	First Fifty Years: Reflections on U.S.-Soviet Relations : Video Tape
http://www.oac.cdlib.org/findaid/ark:/13030/kt4779r778	First films of the Soviet underground : video tape
http://www.oac.cdlib.org/findaid/ark:/13030/kt1t1nd84h	First Friends Church of San Diego Records
http://www.oac.cdlib.org/findaid/ark:/13030/c8cv4jcm	First Lady's Press Office Files, White House Central Files, 1969-1974
http://www.oac.cdlib.org/findaid/ark:/13030/kt400035q7	First Million for Stanford Collection
http://www.oac.cdlib.org/findaid/ark:/13030/c80r9qx9	First National Pictures photographs
http://www.oac.cdlib.org/findaid/ark:/13030/c85q4thg	First Tuesday (Los Angeles) Collection
http://www.oac.cdlib.org/findaid/ark:/13030/tf1c6001j5	First Unitarian Church of Los Angeles Records
http://www.oac.cdlib.org/findaid/ark:/13030/kt938nf4p6	Fisch (Arline M.) Papers
http://www.oac.cdlib.org/findaid/ark:/13030/kt1w10364b	Fischel family papers
http://www.oac.cdlib.org/findaid/ark:/13030/tf6000053v	Fischer (Emil) Papers
http://www.oac.cdlib.org/findaid/ark:/13030/tf6p30057z	Fischer (Emil) Papers - Portraits of Scientists and Men of Note
http://www.oac.cdlib.org/findaid/ark:/13030/tf2v19n5pn	Fischer (Ernst O.E.) Collection of Max Ernst Prints
http://www.oac.cdlib.org/findaid/ark:/13030/kt4r29r5p9	Fischer (Eugen) typescript
http://www.oac.cdlib.org/findaid/ark:/13030/kt45803368	Fischer (George) mimeograph
http://www.oac.cdlib.org/findaid/ark:/13030/kt7199s1w8	Fischer (Harold E.) Special Collection
http://www.oac.cdlib.org/findaid/ark:/13030/tf2779n5xb	Fischer (Hugo B.) Papers
http://www.oac.cdlib.org/findaid/ark:/13030/kt8n39r9sc	Fischer-Galati (M. T.) photograph collection
http://www.oac.cdlib.org/findaid/ark:/13030/tf8h4nb2sd	Fish and Game Dept. Records
http://www.oac.cdlib.org/findaid/ark:/13030/tf4x0nb0r9	Fish Family Papers
http://www.oac.cdlib.org/findaid/ark:/13030/kt200033nm	Fish (J.C.L.) Notes for the drafting room
http://www.oac.cdlib.org/findaid/ark:/13030/c8h41sw3	Fish (Joseph) Manuscript and Letters
http://www.oac.cdlib.org/findaid/ark:/13030/kt08701714	Fish (Stanley) Papers
http://www.oac.cdlib.org/findaid/ark:/13030/c83r0tg7	Fish (Stephen) Papers
http://www.oac.cdlib.org/findaid/ark:/13030/tf538nb2rb	Fish (Wendell W.) Papers
http://www.oac.cdlib.org/findaid/ark:/13030/kt4q2nf2pm	Fisher (Charles Frederick) papers
http://www.oac.cdlib.org/findaid/ark:/13030/c8pn97sw	FISHER (DR. ROBERT) COLLECTION
http://www.oac.cdlib.org/findaid/ark:/13030/kt2s2032pb	Fisher (Edgar Jacob) papers
http://www.oac.cdlib.org/findaid/ark:/13030/kt600021sh	Fisher Family Correspondence
http://www.oac.cdlib.org/findaid/ark:/13030/kt5p3020xt	Fisher Gallery records
http://www.oac.cdlib.org/findaid/ark:/13030/c8862jmh	Fisher (Gary) Papers
http://www.oac.cdlib.org/findaid/ark:/13030/kt3d5nf3zz	Fisher (Harold Albert) Special Collection
http://www.oac.cdlib.org/findaid/ark:/13030/tf1779n4nd	Fisher (Harold H.) Papers
http://www.oac.cdlib.org/findaid/ark:/13030/kt0v19r64x	Fisher (Henry B. and Raymond W.) Surveys Collection
http://www.oac.cdlib.org/findaid/ark:/13030/tf2290049b	Fisher (Hugo) Papers
http://www.oac.cdlib.org/findaid/ark:/13030/kt896nf51v	Fisher (J. C. Reginald) papers
http://www.oac.cdlib.org/findaid/ark:/13030/kt9s2043cs	Fisher (Jennifer) Collection of Dance Ephemera and Promotional Materials
http://www.oac.cdlib.org/findaid/ark:/13030/kt687013rx	Fisher (John W.) papers
http://www.oac.cdlib.org/findaid/ark:/13030/kt958006w8	Fisher (Lillian E.) Papers
http://www.oac.cdlib.org/findaid/ark:/13030/kt6j49n8h4	Fisher (Lillian E.) Research Materials relating to Mexico
http://www.oac.cdlib.org/findaid/ark:/13030/kt0x0nd96c	Fisher (Margaret Liebler) sound recording collection
http://www.oac.cdlib.org/findaid/ark:/13030/tf0x0nb0gx	Fisher (Margery T.) Papers
http://www.oac.cdlib.org/findaid/ark:/13030/kt338nd8vd	Fisher (Michele) typescript
http://www.oac.cdlib.org/findaid/ark:/13030/c8154hwx	Fisher (Robert) Collection of Views of Europe
http://www.oac.cdlib.org/findaid/ark:/13030/kt1g5037nz	Fisher (Sandra) papers
http://www.oac.cdlib.org/findaid/ark:/13030/kt967nf68m	Fisher (Walter K.) Journals
http://www.oac.cdlib.org/findaid/ark:/13030/kt5s20374d	Fisher (Walter K) Original Illustrations
http://www.oac.cdlib.org/findaid/ark:/13030/c8m90bc8	Fisher (Walter K.) Papers
http://www.oac.cdlib.org/findaid/ark:/13030/ft267n98f7	Fishman (Gella S.) Teaching materials for Yiddish language and culture
http://www.oac.cdlib.org/findaid/ark:/13030/kt4k4025n4	Fishman (Joshua A.) Papers
http://www.oac.cdlib.org/findaid/ark:/13030/kt3j49r01f	Fishman (Lillian W. and William H.) Papers
http://www.oac.cdlib.org/findaid/ark:/13030/ft6k4004mw	Fishman (Rukhl) Papers
http://www.oac.cdlib.org/findaid/ark:/13030/kt4z09r88v	Fisk (A. J.) mimeograph
http://www.oac.cdlib.org/findaid/ark:/13030/c8pg1s81	Fisk (Charles Frederick) papers
http://www.oac.cdlib.org/findaid/ark:/13030/c8wq04mj	Fiske (George) (1835-1918) Collection, ca.1880s-1900s
http://www.oac.cdlib.org/findaid/ark:/13030/tf238nb395	Fiske (George), Views of Yosemite, ca. 1880-1890
http://www.oac.cdlib.org/findaid/ark:/13030/kt4j49n8nk	Fiske (John) Papers
http://www.oac.cdlib.org/findaid/ark:/13030/tf467nb41s	Fiske (Marjorie) Papers
http://www.oac.cdlib.org/findaid/ark:/13030/kt6b69s110	Fiske (Sallie M.) Papers and Photographs
http://www.oac.cdlib.org/findaid/ark:/13030/c8jw8cm3	Fiske (Turbesé Lummis) and Douglas (Frances) Papers
http://www.oac.cdlib.org/findaid/ark:/13030/tf5b69n7cm	Fiske (Turbese L.) Papers
http://www.oac.cdlib.org/findaid/ark:/13030/tf696nb4h9	Fison (Lorimer) Correspondence
http://www.oac.cdlib.org/findaid/ark:/13030/kt809nf5s8	Fitch (Aubrey Wray) papers
http://www.oac.cdlib.org/findaid/ark:/13030/tf9h4nb42t	Fitch Family Papers
http://www.oac.cdlib.org/findaid/ark:/13030/kt4199s0h5	Fitch Family Papers
http://www.oac.cdlib.org/findaid/ark:/13030/kt3v19r6sp	Fitch Family papers
http://www.oac.cdlib.org/findaid/ark:/13030/tf187001wp	Fitch (George K.) Papers
http://www.oac.cdlib.org/findaid/ark:/13030/kt6v19s06c	Fitchen (John) Papers
http://www.oac.cdlib.org/findaid/ark:/13030/kt6580075z	Fithian (Joel) Abraham Lincoln Assassination Account
http://www.oac.cdlib.org/findaid/ark:/13030/kt0s203270	Fitting (Ralph U.), "Stanford Traditions" Typescript
http://www.oac.cdlib.org/findaid/ark:/13030/tf2p300477	Fitzgerald (Ella) Collection of photographs and music
http://www.oac.cdlib.org/findaid/ark:/13030/kt5g5037dk	Fitzgerald, "History of the Financing of Stanford University, 1884-1978" Typescript
http://www.oac.cdlib.org/findaid/ark:/13030/kt1p303772	Fitzgerald (James E.), "History of the Financing of Stanford University, 1884-1978" Typescript
http://www.oac.cdlib.org/findaid/ark:/13030/tf6779p188	Fitzsimmons (Cortland) Papers
http://www.oac.cdlib.org/findaid/ark:/13030/tf4v19p0hq	Fitzsimmons (Thomas). November 16 After a Visit from Gary Snyder
http://www.oac.cdlib.org/findaid/ark:/13030/kt6h4nf674	Five Years of Track and Field Athletics at College of San Mateo 62 years Ago
http://www.oac.cdlib.org/findaid/ark:/13030/c8959gww	Fixel (Lawrence) Papers
http://www.oac.cdlib.org/findaid/ark:/13030/c82809gw	Flagg (Hiram B.) Diaries
http://www.oac.cdlib.org/findaid/ark:/13030/kt7t1nc9c1	Flagstad (Kirsten) collection
http://www.oac.cdlib.org/findaid/ark:/13030/kt987024h5	Flaherty (John M.) Collection: Japanese Internment Records
http://www.oac.cdlib.org/findaid/ark:/13030/kt109nd6tn	Flaherty (Joseph William) papers
http://www.oac.cdlib.org/findaid/ark:/13030/kt8c6036kz	Flake (Wilson Clark) papers
http://www.oac.cdlib.org/findaid/ark:/13030/tf1199p0r5	Flamm (Roy) Photographs of Buildings Designed by Bernard Maybeck
http://www.oac.cdlib.org/findaid/ark:/13030/kt7d5nf2k1	Flanagan (John Clemans) papers
http://www.oac.cdlib.org/findaid/ark:/13030/c8474cxb	Flanders (Alton L.) World War I Correspondence Collection
http://www.oac.cdlib.org/findaid/ark:/13030/c8fx7b2j	Flanigan (Peter M.) Papers, White House Special Files, 1969-1974
http://www.oac.cdlib.org/findaid/ark:/13030/tf1199n4n3	Flanner (Hildegarde) Papers
http://www.oac.cdlib.org/findaid/ark:/13030/tf7m3nb2p6	Flanner (Hildegarde) Papers
http://www.oac.cdlib.org/findaid/ark:/13030/tf6199n9x6	Flatau (Kurt L.) Papers
http://www.oac.cdlib.org/findaid/ark:/13030/c8sn09j3	Fleckenstein (Louis) Pictorialist Photographs of California Missions
http://www.oac.cdlib.org/findaid/ark:/13030/kt8p3035p0	Fleischer (Hugo and Flora) letters
http://www.oac.cdlib.org/findaid/ark:/13030/c8j104w4	Fleischer (Richard) papers
http://www.oac.cdlib.org/findaid/ark:/13030/kt1290310m	Fleishman (Lazar') collection
http://www.oac.cdlib.org/findaid/ark:/13030/kt5j49n7jv	Fleishman (Stanley) Collection of Material About Obscenity and its Legal Aspects
http://www.oac.cdlib.org/findaid/ark:/13030/tf2k400530	Fleishman (Stanley) Papers
http://www.oac.cdlib.org/findaid/ark:/13030/kt9g50387q	Fleming (Harold M.) papers
http://www.oac.cdlib.org/findaid/ark:/13030/c8vm4dg7	Fleming (Raymond C.) Collection
http://www.oac.cdlib.org/findaid/ark:/13030/kt6j49r7df	Fleming (Robert John) interview
http://www.oac.cdlib.org/findaid/ark:/13030/c8wh2rxq	Fleming (Thomas C.) Papers
http://www.oac.cdlib.org/findaid/ark:/13030/tf7w1009fm	Fleming (Willard C.) Papers
http://www.oac.cdlib.org/findaid/ark:/13030/c8bg2qg5	Fletcher (Abel) (1820-1890) Collection
http://www.oac.cdlib.org/findaid/ark:/13030/c85b03rm	Fletcher (Colin) Papers
http://www.oac.cdlib.org/findaid/ark:/13030/c8p84cph	Fletcher (Colonel Ed) Collection
http://www.oac.cdlib.org/findaid/ark:/13030/tf48700613	Fletcher (Ed) Papers
http://www.oac.cdlib.org/findaid/ark:/13030/c82b90s9	Fletcher (Fred D.) Oral History
http://www.oac.cdlib.org/findaid/ark:/13030/c88s4rvr	Fletcher (Robert) Papers.
http://www.oac.cdlib.org/findaid/ark:/13030/c86m37gw	Fletcher (W.H.) Photographs of Los Angeles and Vicinity
http://www.oac.cdlib.org/findaid/ark:/13030/c8xw4mv1	Fletcher (William R.) Papers
http://www.oac.cdlib.org/findaid/ark:/13030/kt6j49s0h2	Flügel (Ewald) Collection
http://www.oac.cdlib.org/findaid/ark:/13030/kt087033nd	Flügge (Wilhelm) Papers
http://www.oac.cdlib.org/findaid/ark:/13030/tf800005kq	Flick (Beatrice L.) Oral History
http://www.oac.cdlib.org/findaid/ark:/13030/c8v69kcq	Flinn Family Correspondence
http://www.oac.cdlib.org/findaid/ark:/13030/kt7w1036pg	Flint (Rebecca) papers
http://www.oac.cdlib.org/findaid/ark:/13030/kt2q2nc5gf	Flippen (Ruth Brooks) Papers
http://www.oac.cdlib.org/findaid/ark:/13030/kt896nf6sq	Floating Island Publications Records
http://www.oac.cdlib.org/findaid/ark:/13030/tf709nb1tv	Floda (Liviu) Papers
http://www.oac.cdlib.org/findaid/ark:/13030/c8n018fx	Flood &amp; O'Brien Letter
http://www.oac.cdlib.org/findaid/ark:/13030/c8z039hs	Flood Family Papers
http://www.oac.cdlib.org/findaid/ark:/13030/kt9w10414v	Flood (inundation) Studies for Searsville, Lagunita and Felt Dams
http://www.oac.cdlib.org/findaid/ark:/13030/c8j38rhc	Florence Hotel Register
http://www.oac.cdlib.org/findaid/ark:/13030/c83n2463	Florence (ship) logbooks
http://www.oac.cdlib.org/findaid/ark:/13030/c8ms3tgc	Flores Family Papers
http://www.oac.cdlib.org/findaid/ark:/13030/kt5t1nc7w6	Flores Magón (Ricardo) Documents
http://www.oac.cdlib.org/findaid/ark:/13030/kt5p3034zq	Florian (Tibor) papers
http://www.oac.cdlib.org/findaid/ark:/13030/kt5w1036sd	Floricanto at Stanford University, Chicano/Latino Poetry &amp; Mmusic [videorecording]
http://www.oac.cdlib.org/findaid/ark:/13030/c84q7vj5	Florida Hurricane Collection
http://www.oac.cdlib.org/findaid/ark:/13030/kt5489s1t8	Florine Wenzel Collection of Records of the Sacramento Saturday Club
http://www.oac.cdlib.org/findaid/ark:/13030/hb9779p6sc	Flory (David P.) Collection of San Francisco Earthquake and Fire Views
http://www.oac.cdlib.org/findaid/ark:/13030/kt000030qk	Flory (Paul J.) Papers
http://www.oac.cdlib.org/findaid/ark:/13030/kt7p3037mm	Flournoy (Houston) papers
http://www.oac.cdlib.org/findaid/ark:/13030/c8f47qgj	Flournoy (William) collection of World War I letters, leaflets, and other material
http://www.oac.cdlib.org/findaid/ark:/13030/tf8q2nb6hh	Flower (Elsie) Collection
http://www.oac.cdlib.org/findaid/ark:/13030/kt696nf0v7	Floyd (Barry Neil) typescript
http://www.oac.cdlib.org/findaid/ark:/13030/kt329035gd	Floyd (Robert W.) Papers
http://www.oac.cdlib.org/findaid/ark:/13030/tf8h4nb3b5	Floyd-Jones Family Correspondence
http://www.oac.cdlib.org/findaid/ark:/13030/tf2m3n98p3	Flug (V.E.) Writings
http://www.oac.cdlib.org/findaid/ark:/13030/tf6h4nb1q8	Flugge-Lotz (Irmgard), Collector, Technical Reports and Papers
http://www.oac.cdlib.org/findaid/ark:/13030/c8fb54n2	Flying Cloud (built 1851; clipper) crew list
http://www.oac.cdlib.org/findaid/ark:/13030/c8st7r6c	Flying Cloud (built 1939; freighter) correspondence
http://www.oac.cdlib.org/findaid/ark:/13030/kt6d5nf2fn	Foch (Ferdinand) and John Joseph Pershing memorandum
http://www.oac.cdlib.org/findaid/ark:/13030/kt3r29r5kf	Fodor (Nandor) papers
http://www.oac.cdlib.org/findaid/ark:/13030/tf9z09p0rj	Foerster (Norman) Papers
http://www.oac.cdlib.org/findaid/ark:/13030/tf129001fn	Foerster (Norman) Papers, 1900-1949
http://www.oac.cdlib.org/findaid/ark:/13030/tf058000vq	Foerster (Norman) Papers, 1907-1965
http://www.oac.cdlib.org/findaid/ark:/13030/tf3z09n969	Fogel (Joseph) Collection of clippings, instructional materials, books and scores
http://www.oac.cdlib.org/findaid/ark:/13030/kt4p303791	Fogel (Richard H.) Papers
http://www.oac.cdlib.org/findaid/ark:/13030/tf1m3n97wd	Foladare (Joseph) Papers
http://www.oac.cdlib.org/findaid/ark:/13030/kt8q2nf3sw	Foley (Charles) collection
http://www.oac.cdlib.org/findaid/ark:/13030/kt096n97b6	Foley (Donald and Katharine) Collection of Penguin Books : 1935-1965
http://www.oac.cdlib.org/findaid/ark:/13030/kt6q2nb1wh	Foley (Donald and Katharine) Collection of Penguin Books : post 1965
http://www.oac.cdlib.org/findaid/ark:/13030/tf587006r8	Foley (Henry A.) Papers relating to Arizona Health Care Cost Containment System
http://www.oac.cdlib.org/findaid/ark:/13030/tf009n96s4	Foley (Phyllis) Oral History
http://www.oac.cdlib.org/findaid/ark:/13030/tf038n99q6	Foley (Rudy T.) Papers
http://www.oac.cdlib.org/findaid/ark:/13030/kt0000097b	Foley (William I.) papers
http://www.oac.cdlib.org/findaid/ark:/13030/tf6k4004pj	Folger (Benjamin F.) Collection
http://www.oac.cdlib.org/findaid/ark:/13030/tf4n39n6zk	Folgore (Luciano) Papers
http://www.oac.cdlib.org/findaid/ark:/13030/c8xk8gjr	Folklore collection, 1900s
http://www.oac.cdlib.org/findaid/ark:/13030/tf6290047j	Folsom (Joseph L.) Collection
http://www.oac.cdlib.org/findaid/ark:/13030/kt6n39n8b6	Folsom Prison Views
http://www.oac.cdlib.org/findaid/ark:/13030/kt4779r736	Fonck (Charles) typescript
http://www.oac.cdlib.org/findaid/ark:/13030/tf1n39n4hz	Fong (March K.) Papers
http://www.oac.cdlib.org/findaid/ark:/13030/c8wh2rw8	Fong (Mary H.) Papers
http://www.oac.cdlib.org/findaid/ark:/13030/kt3x0nf29x	Fong (Walter and Emma) Collection
http://www.oac.cdlib.org/findaid/ark:/13030/tf3s2002vj	Fon-Lampe (Aleksei A.) Papers
http://www.oac.cdlib.org/findaid/ark:/13030/kt7d5nb260	Fonte y Hernández de Miravete (Pedro J.) Documents
http://www.oac.cdlib.org/findaid/ark:/13030/c8k35wmj	Food Machinery Corporation Sales Records and Photographs
http://www.oac.cdlib.org/findaid/ark:/13030/tf6c60050c	Food, Tobacco, Agricultural and Allied Workers of America (Fta) and Related Agricultural Unions Records
http://www.oac.cdlib.org/findaid/ark:/13030/c8j10571	Foot (Isaac) Collection.
http://www.oac.cdlib.org/findaid/ark:/13030/tf1z09n8gb	Foot (Isaac) Collection
http://www.oac.cdlib.org/findaid/ark:/13030/tf9g5007st	Foote (Arthur) Correspondence
http://www.oac.cdlib.org/findaid/ark:/13030/c8db836n	Foote (Carol) photographs
http://www.oac.cdlib.org/findaid/ark:/13030/tf2v19n619	Foote (Mary H.) Papers
http://www.oac.cdlib.org/findaid/ark:/13030/tf3w1003g0	For the Record : Catalog of the Public Records, City of Sacramento, Sacramento County
http://www.oac.cdlib.org/findaid/ark:/13030/c8xk8g9m	Forbes (A. A.) (1862-1921) Oklahoma Collection, ca. 1889
http://www.oac.cdlib.org/findaid/ark:/13030/tf2q2nb1gq	Forbes (Albert M.) Civil War Letters
http://www.oac.cdlib.org/findaid/ark:/13030/c8vh5qbh	Forbes (Andrew Alexander) (1862-1921) Collection,1890-1915
http://www.oac.cdlib.org/findaid/ark:/13030/c88s4rn2	Forbes (Bryan) papers
http://www.oac.cdlib.org/findaid/ark:/13030/kt2k4032m0	Forbes (Henry Stone) letters
http://www.oac.cdlib.org/findaid/ark:/13030/c8k64kt5	Forbes (Jack D.) Collection.
http://www.oac.cdlib.org/findaid/ark:/13030/kt1t1n99t0	Forbes (Jack D.) Papers
http://www.oac.cdlib.org/findaid/ark:/13030/kt4779r78s	Forchheimer (Hans) papers
http://www.oac.cdlib.org/findaid/ark:/13030/kt8p303798	Ford (Charles Henri) Papers
http://www.oac.cdlib.org/findaid/ark:/13030/tf909nb39p	Ford (Ford M.) Correspondence
http://www.oac.cdlib.org/findaid/ark:/13030/kt3p30342n	Ford (Henry) and Theodor Fritsch leaflet
http://www.oac.cdlib.org/findaid/ark:/13030/c8959k1x	Ford (Henry Chapman) Papers
http://www.oac.cdlib.org/findaid/ark:/13030/c82r3td5	Ford (Henry Lewis) Papers
http://www.oac.cdlib.org/findaid/ark:/13030/c8251jxz	Ford (Jesse W. and Marcella) Papers
http://www.oac.cdlib.org/findaid/ark:/13030/tf9f59p060	Ford (John A.) Collection
http://www.oac.cdlib.org/findaid/ark:/13030/kt3g5033p5	Ford (Mrs. Edsall P.) papers
http://www.oac.cdlib.org/findaid/ark:/13030/tf0x0nb0fd	Ford (Richard) The Ultimate Good Luck Galley Proofs
http://www.oac.cdlib.org/findaid/ark:/13030/kt2m3nd91f	Ford (Stella Mae) Collection
http://www.oac.cdlib.org/findaid/ark:/13030/tf2199n77n	Ford (Tennessee Ernie) Collection of Musical Arrangements for the Tennessee Ernie Ford Show
http://www.oac.cdlib.org/findaid/ark:/13030/kt400035bj	Fordyce (Elizabeth Lucile) Letter to Paul Hanna
http://www.oac.cdlib.org/findaid/ark:/13030/kt767nf0fp	Foreign Bondholders Protective Council Records
http://www.oac.cdlib.org/findaid/ark:/13030/kt7v19r9jr	Foreign Policy Association miscellany
http://www.oac.cdlib.org/findaid/ark:/13030/c8nv9kqw	Foreign Trade Bindings Books Collection
http://www.oac.cdlib.org/findaid/ark:/13030/c8p55pz5	Foreman (Shawn Daniel) and Joseph Michael Reed papers
http://www.oac.cdlib.org/findaid/ark:/13030/kt3j49n68m	Forest History Interviews
http://www.oac.cdlib.org/findaid/ark:/13030/kt3d5nf153	Forester (C.S.) Papers
http://www.oac.cdlib.org/findaid/ark:/13030/kt0g50342d	Forestry and Fire Protection Board Records
http://www.oac.cdlib.org/findaid/ark:/13030/kt5n39s0w3	Forestry Board Records
http://www.oac.cdlib.org/findaid/ark:/13030/kt496nf1dc	Forestry Dept. Records
http://www.oac.cdlib.org/findaid/ark:/13030/tf096n979b	Forgan (James Russell) Papers
http://www.oac.cdlib.org/findaid/ark:/13030/tf6w1008pf	Forge (Anthony) Papers
http://www.oac.cdlib.org/findaid/ark:/13030/c84b32sg	Forjaz (Jorge P.) Collection
http://www.oac.cdlib.org/findaid/ark:/13030/tf9r29p0qq	Forker (William R.) Papers
http://www.oac.cdlib.org/findaid/ark:/13030/kt596nf152	Formakov (Arsenii Ivanovich) papers
http://www.oac.cdlib.org/findaid/ark:/13030/kt7f59p0jw	Forman (Henry J.) Papers
http://www.oac.cdlib.org/findaid/ark:/13030/kt5n39r865	Fornel de la Laurencie (Benoit Leon, vicomte de) typescript
http://www.oac.cdlib.org/findaid/ark:/13030/kt9n39r8n4	Forney (Edward H.) papers
http://www.oac.cdlib.org/findaid/ark:/13030/c80c4v22	Forrest (Earle) Photographs of Hopi Indians
http://www.oac.cdlib.org/findaid/ark:/13030/c8pn970k	Forrester (A. Theodore) papers
http://www.oac.cdlib.org/findaid/ark:/13030/c8hq413p	Forster (Cliff) papers
http://www.oac.cdlib.org/findaid/ark:/13030/kt4g5033mf	Forster (Clifford) miscellaneous papers
http://www.oac.cdlib.org/findaid/ark:/13030/tf7v19p20v	Forster (E.M.) Letters
http://www.oac.cdlib.org/findaid/ark:/13030/tf5p3004bq	Forster (John) Papers
http://www.oac.cdlib.org/findaid/ark:/13030/kt7m3nf1tg	Forster (John) Pioneer data from 1832
http://www.oac.cdlib.org/findaid/ark:/13030/tf3x0n99qc	Forster (Thomas A.) Collection
http://www.oac.cdlib.org/findaid/ark:/13030/kt0j49r6vt	Forster-del Valle Family Papers
http://www.oac.cdlib.org/findaid/ark:/13030/c8f47mkn	Forsyth (Colonel Ralph E.) Collection
http://www.oac.cdlib.org/findaid/ark:/13030/kt3b69r5wg	Forsyth (Edward Culligan) papers
http://www.oac.cdlib.org/findaid/ark:/13030/c8n29xpn	Forsyth (Gloria) Papers
http://www.oac.cdlib.org/findaid/ark:/13030/tf158001gt	Forsythe (George and Alexandra) Papers
http://www.oac.cdlib.org/findaid/ark:/13030/kt2f59q35j	Fort Chaffee Photographs of Vietnamese and Cambodian Refugees
http://www.oac.cdlib.org/findaid/ark:/13030/kt900040fp	Fort Ord Historical Images
http://www.oac.cdlib.org/findaid/ark:/13030/kt8x0nb39m	Fort Vancouver and the Pacific Northwest Coast
http://www.oac.cdlib.org/findaid/ark:/13030/kt9870386w	Fortmann (Louise) and Emery Roe collection
http://www.oac.cdlib.org/findaid/ark:/13030/kt7h4nf5tr	Fortnightly Music Club Records
http://www.oac.cdlib.org/findaid/ark:/13030/c84m959g	Fortress Monroe photograph album
http://www.oac.cdlib.org/findaid/ark:/13030/c8fn17zx	Forty Niner's Hope Milling and Mining Supply Company Certificate
http://www.oac.cdlib.org/findaid/ark:/13030/kt0489r6x7	Forty-First Medical Society and Trust Records
http://www.oac.cdlib.org/findaid/ark:/13030/kt7m3nf6jr	Forum (American GI) of California Papers
http://www.oac.cdlib.org/findaid/ark:/13030/c89g5k76	Forum Collection
http://www.oac.cdlib.org/findaid/ark:/13030/kt687036ss	Forum for U.S.-Soviet Dialogue records
http://www.oac.cdlib.org/findaid/ark:/13030/c81j9bmz	Forum of the Arts papers, 1961-1974
http://www.oac.cdlib.org/findaid/ark:/13030/c8f76bh3	Forward (Robert L.) papers
http://www.oac.cdlib.org/findaid/ark:/13030/kt2d5nd7xm	Foss (Fedor Fedorovich) papers
http://www.oac.cdlib.org/findaid/ark:/13030/c8gq6zrt	Foss (Valeska) High School scrapbook
http://www.oac.cdlib.org/findaid/ark:/13030/kt3j49r7zs	Fossedal (Gregory A.) collection
http://www.oac.cdlib.org/findaid/ark:/13030/kt6h4nf1d9	Foster (Adriance S.) Papers
http://www.oac.cdlib.org/findaid/ark:/13030/kt2f59r6b1	Foster (Andrew Brisbin) typescript
http://www.oac.cdlib.org/findaid/ark:/13030/c8h70dk5	Foster (George McClelland) Papers
http://www.oac.cdlib.org/findaid/ark:/13030/kt696nb1gp	Foster (Herbert B.) : Papers relating to the development of various campuses of the University of California
http://www.oac.cdlib.org/findaid/ark:/13030/kt9489s17q	Foster (Joseph A.) Papers
http://www.oac.cdlib.org/findaid/ark:/13030/c8c24tsc	Foster (Joseph) Diary Collection
http://www.oac.cdlib.org/findaid/ark:/13030/kt4779n8p4	Foster (Joseph O.) Papers
http://www.oac.cdlib.org/findaid/ark:/13030/tf187001rm	Foster (Marjorie G.) Papers
http://www.oac.cdlib.org/findaid/ark:/13030/c8d79dg9	Foster (Martha) papers
http://www.oac.cdlib.org/findaid/ark:/13030/kt858035wt	Foster (Richard B.) papers
http://www.oac.cdlib.org/findaid/ark:/13030/tf758008p5	Foster/Layton Families Collection
http://www.oac.cdlib.org/findaid/ark:/13030/kt5z09r796	Fotic (Konstantin) Papers
http://www.oac.cdlib.org/findaid/ark:/13030/c8fb53hv	Foto Flair Los Angeles Christopher Street West Gay Pride Parade Photographs
http://www.oac.cdlib.org/findaid/ark:/13030/tf309n9998	Foto-Willinger Collection
http://www.oac.cdlib.org/findaid/ark:/13030/tf3j49n9br	Foulk Family Papers
http://www.oac.cdlib.org/findaid/ark:/13030/kt7779n8r3	Foulk (George C.) Papers
http://www.oac.cdlib.org/findaid/ark:/13030/kt2b69r54s	Foundation for Economic Education miscellaneous correspondence
http://www.oac.cdlib.org/findaid/ark:/13030/kt1x0nd7xk	Foundation for Teaching Economics records
http://www.oac.cdlib.org/findaid/ark:/13030/kt5h4nf2gh	Founder's Day Collection
http://www.oac.cdlib.org/findaid/ark:/13030/kt796nf4nc	Founders of the Future; Hewlett and Packard Dinner Papers
http://www.oac.cdlib.org/findaid/ark:/13030/tf996nb6mr	Fountain Humboldt County History Collection
http://www.oac.cdlib.org/findaid/ark:/13030/tf6b69n7zq	Fountain (Susie Baker) Papers
http://www.oac.cdlib.org/findaid/ark:/13030/c8nk3d1t	Four-Minute Men Records
http://www.oac.cdlib.org/findaid/ark:/13030/kt7h4nf5h3	Fowell (Hugh) Collection
http://www.oac.cdlib.org/findaid/ark:/13030/kt3f59r626	Fowler (David) collection
http://www.oac.cdlib.org/findaid/ark:/13030/kt5r29r8w5	Fowler (Harlan D.) Papers
http://www.oac.cdlib.org/findaid/ark:/13030/kt8v19q7v9	Fowler (Herbert) Papers
http://www.oac.cdlib.org/findaid/ark:/13030/kt0f59r4pm	Fowler (Josephine) papers
http://www.oac.cdlib.org/findaid/ark:/13030/kt2f59r6fk	Fowler (Matthew Van Benschoten) [Diary]
http://www.oac.cdlib.org/findaid/ark:/13030/c8862ff1	Fowler (Robert A.) papers
http://www.oac.cdlib.org/findaid/ark:/13030/ft4489n7qj	Fowler (Samuel K.) Civil War diary
http://www.oac.cdlib.org/findaid/ark:/13030/kt2x0nc4mb	Fowler (Willa) Minstrel Show Collection
http://www.oac.cdlib.org/findaid/ark:/13030/kt2d5nb7kj	Fowler (William A.) Papers
http://www.oac.cdlib.org/findaid/ark:/13030/c8xp7727	Fowler (William Randolph) Collection
http://www.oac.cdlib.org/findaid/ark:/13030/tf9f59p0ck	Fox (C. Lyn) - Papers pertaining to the Longshoremen's strike and the Pacific Coast maritime strike
http://www.oac.cdlib.org/findaid/ark:/13030/tf758008nn	Fox (Charles Elliot) Papers
http://www.oac.cdlib.org/findaid/ark:/13030/tf1q2nb1cv	Fox (Charles Kirby). The Colorado Delta
http://www.oac.cdlib.org/findaid/ark:/13030/kt2n39s0dx	Fox (Edward A.) letters
http://www.oac.cdlib.org/findaid/ark:/13030/kt42903353	Fox (Ernest Franklin) slides
http://www.oac.cdlib.org/findaid/ark:/13030/c80k27wp	Fox Family Falmouth [England] Consular Papers
http://www.oac.cdlib.org/findaid/ark:/13030/c8gf0v31	Fox (Howard A.) Papers
http://www.oac.cdlib.org/findaid/ark:/13030/kt1q2n99st	Fox (Hugh) Papers
http://www.oac.cdlib.org/findaid/ark:/13030/c8r49s7s	Fox (Peren) Letter
http://www.oac.cdlib.org/findaid/ark:/13030/c8833spn	Fox (Sanford L.) Papers, White House Central Files, 1969-1974
http://www.oac.cdlib.org/findaid/ark:/13030/kt0779r3tw	Foxworthy (Frederick William) collection
http://www.oac.cdlib.org/findaid/ark:/13030/kt529026r6	Fragale (Frank) Collection
http://www.oac.cdlib.org/findaid/ark:/13030/tf4w1007pb	Frame (Walter C.) California Essays
http://www.oac.cdlib.org/findaid/ark:/13030/kt4c6003v2	Framed Items From The Collections Of The Bancroft Library
http://www.oac.cdlib.org/findaid/ark:/13030/kt3v19r7x7	France. Armee. 7e Corps general orders
http://www.oac.cdlib.org/findaid/ark:/13030/kt3t1nd9qd	France. Armee. Detachement d'armee de l'Atlantique. Etat-major. Troisieme Bureau reports
http://www.oac.cdlib.org/findaid/ark:/13030/tf72900559	France. Armee Miscellaneous Records
http://www.oac.cdlib.org/findaid/ark:/13030/kt2q2nd9ds	France. Assemblee nationale petition
http://www.oac.cdlib.org/findaid/ark:/13030/kt3c6031k0	France combattante. Afrique francaise libre miscellaneous records
http://www.oac.cdlib.org/findaid/ark:/13030/kt1v19r5cc	France. Commissariat general a la famille pamphlets
http://www.oac.cdlib.org/findaid/ark:/13030/kt6z09s0b3	France. Direction de la Surete Generale miscellaneous records
http://www.oac.cdlib.org/findaid/ark:/13030/c8gh9k5q	France, Egypt, Greece, and Italy photograph album
http://www.oac.cdlib.org/findaid/ark:/13030/kt4w1033hh	France. Ministere de la guerre. Section photographique de l'armee photograph album
http://www.oac.cdlib.org/findaid/ark:/13030/kt3d5nd9fn	France. Office du Niger issuances
http://www.oac.cdlib.org/findaid/ark:/13030/kt9d5nf24x	France (Territory under German occupation, 1940-1944) Militarbefehlshaber in Frankreich. Biarritz. Feldkommandatur records
http://www.oac.cdlib.org/findaid/ark:/13030/kt7t1nf2sr	France (Territory under German occupation, 1940-1944) Militarbefehlshaber in Frankreich. Metz. Polizeipräsident regulations
http://www.oac.cdlib.org/findaid/ark:/13030/kt6d5nc89k	Frances Reid Collection of Television Scripts for the Soap Opera Days of Our Lives
http://www.oac.cdlib.org/findaid/ark:/13030/kt0f59n4g5	Franchesci (Francesco) Papers
http://www.oac.cdlib.org/findaid/ark:/13030/kt200033p4	Francis R. Schanck With Pilch Typescript and Correspondence
http://www.oac.cdlib.org/findaid/ark:/13030/kt3c6035hw	Francis (Sam) Papers
http://www.oac.cdlib.org/findaid/ark:/13030/kt7n39s15b	Franco (Avenol) papers
http://www.oac.cdlib.org/findaid/ark:/13030/kt796nf1qz	Francois (Kurt von) typescript
http://www.oac.cdlib.org/findaid/ark:/13030/kt4p3021fr	Frank (Anne) Photographs of Southeast Asian American Communities
http://www.oac.cdlib.org/findaid/ark:/13030/kt9z09s5s5	Frank Brothers Records
http://www.oac.cdlib.org/findaid/ark:/13030/kt0z09r28q	Frank (Colman D.) miscellaneous papers
http://www.oac.cdlib.org/findaid/ark:/13030/tf238nb0qx	Frank (Edward R.) Stereograph Collection
http://www.oac.cdlib.org/findaid/ark:/13030/kt309nf4k4	Frank Goodman Associates Publicity material
http://www.oac.cdlib.org/findaid/ark:/13030/tf9b69p028	Frank (Karl Boromaus) Papers
http://www.oac.cdlib.org/findaid/ark:/13030/kt5z09s1pf	Frank (Lester L.) Papers
http://www.oac.cdlib.org/findaid/ark:/13030/kt396nf30t	"Frank Lloyd Wright's Hanna House" [viderecording]
http://www.oac.cdlib.org/findaid/ark:/13030/kt2k4032p1	Frank (Ludwig E.) papers
http://www.oac.cdlib.org/findaid/ark:/13030/kt438nf53b	Frank (Peter R.) Papers
http://www.oac.cdlib.org/findaid/ark:/13030/kt2s202034	Frank Wilkinson Papers
http://www.oac.cdlib.org/findaid/ark:/13030/kt087031t1	Frankel (Bessie Bartlett) Papers
http://www.oac.cdlib.org/findaid/ark:/13030/kt0v19q11h	Frankel (Bessie H. [Bartlett]) Papers
http://www.oac.cdlib.org/findaid/ark:/13030/tf7x0nb2m4	Frankel (S. Herbert) Papers
http://www.oac.cdlib.org/findaid/ark:/13030/c8w95c8q	Frankenheimer (John) papers
http://www.oac.cdlib.org/findaid/ark:/13030/tf238n9962	Frankenstein (Alfred) Collection
http://www.oac.cdlib.org/findaid/ark:/13030/kt1z09r93t	Frankenstein (Alfred) Papers
http://www.oac.cdlib.org/findaid/ark:/13030/c81g0mv9	Frankish (Charles Goodwin and Adele Serio)
http://www.oac.cdlib.org/findaid/ark:/13030/tf7g5005bh	Frankl (Viktor E. ) Collection
http://www.oac.cdlib.org/findaid/ark:/13030/ft6g5005gn	Franklin Family Papers
http://www.oac.cdlib.org/findaid/ark:/13030/kt5w1036dq	Franklin (Gary) photographs
http://www.oac.cdlib.org/findaid/ark:/13030/kt6g5036n1	Franklin (H. Bruce) Collection
http://www.oac.cdlib.org/findaid/ark:/13030/c8377brh	Franklin (Robert and Betty) Collection
http://www.oac.cdlib.org/findaid/ark:/13030/kt109nd7gz	Frankville U.S. Military Collection
http://www.oac.cdlib.org/findaid/ark:/13030/kt6b69s1tw	Frantz (Harry W.) Papers
http://www.oac.cdlib.org/findaid/ark:/13030/c83n24k1	Frantz (Marge) Lectures on McCarthyism
http://www.oac.cdlib.org/findaid/ark:/13030/kt9b69s1rs	Franz (Rudolf) collection
http://www.oac.cdlib.org/findaid/ark:/13030/c8vx0j1n	Fraser (J. T.) Personal Papers and Collection of International Society for the Study of Time Records
http://www.oac.cdlib.org/findaid/ark:/13030/c8d21w2z	Fraser (John N.) Letter.
http://www.oac.cdlib.org/findaid/ark:/13030/kt7199n8pr	Fraser (Kathleen) Papers
http://www.oac.cdlib.org/findaid/ark:/13030/kt0m3nd5h4	Fraser (Leon) papers
http://www.oac.cdlib.org/findaid/ark:/13030/kt9k4016kp	Fraser of Kilmorack (Richard Michael Fraser, Baron) Papers
http://www.oac.cdlib.org/findaid/ark:/13030/kt6s2019xp	Frasher Foto Postcard Collection
http://www.oac.cdlib.org/findaid/ark:/13030/kt3q2nf0xz	Frazee (Isaac J.) Papers
http://www.oac.cdlib.org/findaid/ark:/13030/c88p613x	Frazee (Robert) Papers
http://www.oac.cdlib.org/findaid/ark:/13030/tf896nb39b	Fred Ross papers,
http://www.oac.cdlib.org/findaid/ark:/13030/kt9199s4d3	"Frederick Emmons Terman, 1900-1982: Some Recollections"
http://www.oac.cdlib.org/findaid/ark:/13030/c88g8mh1	Frederick (Mrs. M. C.) Collection, ca. 1885
http://www.oac.cdlib.org/findaid/ark:/13030/tf200001kx	Frederick (Robert T.) Papers
http://www.oac.cdlib.org/findaid/ark:/13030/kt2v19r3tf	Frederick (W. McD.) papers
http://www.oac.cdlib.org/findaid/ark:/13030/kt6s203736	Fredericks (Claude) Banyan Press archive
http://www.oac.cdlib.org/findaid/ark:/13030/kt8d5nf2z1	Fredericks (Claude) journal and letters
http://www.oac.cdlib.org/findaid/ark:/13030/kt6779r91r	Fredericks (Claude) papers
http://www.oac.cdlib.org/findaid/ark:/13030/kt7k4037fc	Frederiksen (O. J.) letters
http://www.oac.cdlib.org/findaid/ark:/13030/tf7k40066k	Frederiksen (Sigurd) Collection
http://www.oac.cdlib.org/findaid/ark:/13030/c86d5th2	Frediani (Edwin A.) Collection
http://www.oac.cdlib.org/findaid/ark:/13030/tf4489p06g	Fredman (Stephen) adaptation of San Diego de Alcalá
http://www.oac.cdlib.org/findaid/ark:/13030/kt4g50379q	Fredrickson (George M.) Papers
http://www.oac.cdlib.org/findaid/ark:/13030/kt167nd6rx	Free (Arthur M.) photograph collection
http://www.oac.cdlib.org/findaid/ark:/13030/c8zp47b0	Free Church Training College in Aberdeen, Scotland photograph album of faculty and students
http://www.oac.cdlib.org/findaid/ark:/13030/kt3199r9pb	Free Europe Press issuances
http://www.oac.cdlib.org/findaid/ark:/13030/tf9m3nb3ns	Free Society Association Records
http://www.oac.cdlib.org/findaid/ark:/13030/kt3p30030s	Free Speech Movement Participants Papers
http://www.oac.cdlib.org/findaid/ark:/13030/ft3z09n688	Free Speech Movement Photographs
http://www.oac.cdlib.org/findaid/ark:/13030/kt3m3n99kp	Free Speech Movement Records
http://www.oac.cdlib.org/findaid/ark:/13030/kt1n39r38j	Free to Choose video tape
http://www.oac.cdlib.org/findaid/ark:/13030/kt48703409	Free Trade Union Institute typescript
http://www.oac.cdlib.org/findaid/ark:/13030/kt5z09q2p1	Freeborn (Stanley Barron) Papers
http://www.oac.cdlib.org/findaid/ark:/13030/tf9w1007qd	Freed (Emil and Tassia) Papers
http://www.oac.cdlib.org/findaid/ark:/13030/c86h4jvw	Freed Status Affidavits Collection
http://www.oac.cdlib.org/findaid/ark:/13030/kt5z09q4jx	Freedman (David) Papers
http://www.oac.cdlib.org/findaid/ark:/13030/kt3g5004rb	Freedman (David) Papers
http://www.oac.cdlib.org/findaid/ark:/13030/kt8n39r994	Freedman (Evelyn) Writings
http://www.oac.cdlib.org/findaid/ark:/13030/kt2q2n9907	Freedman (Ted) Papers
http://www.oac.cdlib.org/findaid/ark:/13030/kt1q2nd93t	Freedman (Ted) Papers
http://www.oac.cdlib.org/findaid/ark:/13030/kt0489r3vr	Freedom. Executive Committee mimeograph
http://www.oac.cdlib.org/findaid/ark:/13030/tf9v19p3j7	Freeland (Lucy Shepard) Papers
http://www.oac.cdlib.org/findaid/ark:/13030/c8930rw3	Freelon (Thomas W.) Papers
http://www.oac.cdlib.org/findaid/ark:/13030/tf3000060v	Freeman (Betty) Papers
http://www.oac.cdlib.org/findaid/ark:/13030/c8ms3r5h	Freeman (Breo) World War I Photograph Collection
http://www.oac.cdlib.org/findaid/ark:/13030/kt6779q5t8	Freeman (Derek) Papers
http://www.oac.cdlib.org/findaid/ark:/13030/kt038nc4wm	Freeman Family (Daniel) Papers
http://www.oac.cdlib.org/findaid/ark:/13030/kt8c60067f	Freeman (Frank N.) Papers
http://www.oac.cdlib.org/findaid/ark:/13030/kt0t1nc9cv	Freeman (James) files
http://www.oac.cdlib.org/findaid/ark:/13030/c8v69m8s	Freeman (Joel) papers
http://www.oac.cdlib.org/findaid/ark:/13030/kt1779r3vq	Freeman (John) papers
http://www.oac.cdlib.org/findaid/ark:/13030/tf209n98ch	Freeman (Joseph) Papers
http://www.oac.cdlib.org/findaid/ark:/13030/c84x59hd	Freeman (Lewis R.) Papers
http://www.oac.cdlib.org/findaid/ark:/13030/kt0b69r545	Freeman (Mark) Papers
http://www.oac.cdlib.org/findaid/ark:/13030/c8s75j2g	Freeman (Martha Ann) Papers
http://www.oac.cdlib.org/findaid/ark:/13030/c8959jc0	Freeman (Mervyn) Collection, ca. 1940s-1950s
http://www.oac.cdlib.org/findaid/ark:/13030/tf2f59n579	Freeman (Otis K.) Collection
http://www.oac.cdlib.org/findaid/ark:/13030/kt1r29q2wk	Freeman (Paul) Video Project and Papers
http://www.oac.cdlib.org/findaid/ark:/13030/c86t0k14	Freeman (Robert N.) Papers
http://www.oac.cdlib.org/findaid/ark:/13030/tf4f59n6sp	Freeman (Roger A.) Papers
http://www.oac.cdlib.org/findaid/ark:/13030/kt7g50214q	Freeman (Sanford and Barbara) Collection of Henrique Vivian Messetti Materials
http://www.oac.cdlib.org/findaid/ark:/13030/c8959j93	Freespirit (Judy) papers
http://www.oac.cdlib.org/findaid/ark:/13030/c8p84cjq	Freespirit (Judy) Papers
http://www.oac.cdlib.org/findaid/ark:/13030/c87h1kwx	Freidenrich (Jill and John) Center for Translational Research
http://www.oac.cdlib.org/findaid/ark:/13030/kt8h4nf2v4	Freiheit issues
http://www.oac.cdlib.org/findaid/ark:/13030/kt687034nr	Freimark (Robert) Collection
http://www.oac.cdlib.org/findaid/ark:/13030/kt4t1nd91c	Freitas (Stan) Papers
http://www.oac.cdlib.org/findaid/ark:/13030/kt2v19p5b8	Frejlich (Jozef) Collection
http://www.oac.cdlib.org/findaid/ark:/13030/c8fx7bxr	Fremont Family Collection
http://www.oac.cdlib.org/findaid/ark:/13030/kt7779n8sm	Fremont Family Papers, circa 1839-1927
http://www.oac.cdlib.org/findaid/ark:/13030/kt5c6004b3	French and Company Records
http://www.oac.cdlib.org/findaid/ark:/13030/kt1489r786	French and Company Stock sheets and ledgers
http://www.oac.cdlib.org/findaid/ark:/13030/kt4f59p9x0	French Autograph Collection
http://www.oac.cdlib.org/findaid/ark:/13030/kt7x0nf3cp	French (C. E.) letter books
http://www.oac.cdlib.org/findaid/ark:/13030/c8pg1qff	French Canadians &amp; The West Research Notes
http://www.oac.cdlib.org/findaid/ark:/13030/c8rn367n	French (Charles Stacy) Papers
http://www.oac.cdlib.org/findaid/ark:/13030/tf6z09n8mz	French Clandestine Slave Trade Records
http://www.oac.cdlib.org/findaid/ark:/13030/kt7c60411d	French (Davida Catherine) Papers
http://www.oac.cdlib.org/findaid/ark:/13030/kt6580354t	The French deterrence: an assessment video tape
http://www.oac.cdlib.org/findaid/ark:/13030/c8rj4kzz	French Fashion Plates
http://www.oac.cdlib.org/findaid/ark:/13030/kt4b69r95v	French (Gerald L.) Photograph Collection
http://www.oac.cdlib.org/findaid/ark:/13030/kt3m3nd9tn	French (Hattie M.) Diaries
http://www.oac.cdlib.org/findaid/ark:/13030/tf8489n9vf	French (Helen D. and Prentiss), 1932-1978
http://www.oac.cdlib.org/findaid/ark:/13030/tf1199n8dd	French (Henry M.) Papers
http://www.oac.cdlib.org/findaid/ark:/13030/kt7t1nc110	French Indochina Photograph Collection
http://www.oac.cdlib.org/findaid/ark:/13030/kt8v19p02k	French (Levi R.) Letters to his Family
http://www.oac.cdlib.org/findaid/ark:/13030/c8tm793w	French Military Scenes
http://www.oac.cdlib.org/findaid/ark:/13030/kt538nc789	French Motor Expedition to China, Tibet, Mongolia, and the Gobi Desert Regions Photograph Album
http://www.oac.cdlib.org/findaid/ark:/13030/kt6b69r1hs	French Pictorial Collection
http://www.oac.cdlib.org/findaid/ark:/13030/kt1z09q0n9	French Political Broadsides Collection
http://www.oac.cdlib.org/findaid/ark:/13030/hb3779p2sk	French political campaign posters
http://www.oac.cdlib.org/findaid/ark:/13030/c8n87cjj	French Revolution. Collection.
http://www.oac.cdlib.org/findaid/ark:/13030/tf7d5nb5d6	French Revolution Report
http://www.oac.cdlib.org/findaid/ark:/13030/tf2s2005t5	French Revolutionary Pamphlets Collection
http://www.oac.cdlib.org/findaid/ark:/13030/kt9w1029r4	French revolutionary period collection of print material
http://www.oac.cdlib.org/findaid/ark:/13030/kt7k4022m3	French Soldier's Turkey-Syria Photograph Album
http://www.oac.cdlib.org/findaid/ark:/13030/tf7c6005gx	French subject collection
http://www.oac.cdlib.org/findaid/ark:/13030/kt1q2nb0b6	French Theatrical Costume Etchings, Collection of
http://www.oac.cdlib.org/findaid/ark:/13030/c83f4q8q	French to English Translation List of Nautical Terms
http://www.oac.cdlib.org/findaid/ark:/13030/hb3f59p1f7	French war posters from the First World War
http://www.oac.cdlib.org/findaid/ark:/13030/hb6z09p5jx	French war posters from the Second World War
http://www.oac.cdlib.org/findaid/ark:/13030/kt2h4n997j	French-Glenn Ranch Records
http://www.oac.cdlib.org/findaid/ark:/13030/kt3j49r80s	Frenkel (Lawrence) typescript
http://www.oac.cdlib.org/findaid/ark:/13030/kt2h4nd9cz	Frescoes of Diego Rivera video tape
http://www.oac.cdlib.org/findaid/ark:/13030/kt7x0nf7xw	The Freshman 12: A Calendar
http://www.oac.cdlib.org/findaid/ark:/13030/kt509nf4b4	The Freshman Fifteen: Writing at Stanford
http://www.oac.cdlib.org/findaid/ark:/13030/tf0580009f	Fresno County Farm Bureau Annual Reports [1918-1954]
http://www.oac.cdlib.org/findaid/ark:/13030/kt5z09q99q	Fresno County Property Atlases
http://www.oac.cdlib.org/findaid/ark:/13030/tf000002sw	Freud (Ralph) Theatre, Motion Pictures and Television Interviews
http://www.oac.cdlib.org/findaid/ark:/13030/kt7k40394p	Frey (Albert) papers
http://www.oac.cdlib.org/findaid/ark:/13030/kt209nd86m	Frey (Andras) papers
http://www.oac.cdlib.org/findaid/ark:/13030/kt1c6003fx	Frey (Charles D.) Papers
http://www.oac.cdlib.org/findaid/ark:/13030/kt0b69r4pz	Frey (Cynthia Wolloch) mimeograph
http://www.oac.cdlib.org/findaid/ark:/13030/kt2t1nf0pp	Freymond (Jacques) newspaper columns
http://www.oac.cdlib.org/findaid/ark:/13030/tf909nb474	Frick (Edward L.) Collection, ca. 1912-1932
http://www.oac.cdlib.org/findaid/ark:/13030/kt1489r8jt	Fricke (Aaron) Papers
http://www.oac.cdlib.org/findaid/ark:/13030/tf0w1004x8	Fricker (Peter R.) Papers
http://www.oac.cdlib.org/findaid/ark:/13030/tf5r29p04p	Fricot (D.) Grass Valley and Vicinity by
http://www.oac.cdlib.org/findaid/ark:/13030/c8f191n7	Fridkis (Cliff) Legal Files of the Bustop Campaign Collection
http://www.oac.cdlib.org/findaid/ark:/13030/tf9q2nb3vj	Fried (Alfred H.) Papers
http://www.oac.cdlib.org/findaid/ark:/13030/c8m0466s	Fried (Juan) Wine Label Collection
http://www.oac.cdlib.org/findaid/ark:/13030/kt2c6032zv	Friedberg (Jeffreys) letter
http://www.oac.cdlib.org/findaid/ark:/13030/tf3m3nb345	Friedgood (Harry B.) Papers
http://www.oac.cdlib.org/findaid/ark:/13030/kt6c60193n	Friedkin (Morris E.) Papers
http://www.oac.cdlib.org/findaid/ark:/13030/c84j0gsc	Friedkin (William) papers
http://www.oac.cdlib.org/findaid/ark:/13030/tf8w1006dz	Friedland (William H.) Collection
http://www.oac.cdlib.org/findaid/ark:/13030/tf4f59p0k4	Friedland (William) papers
http://www.oac.cdlib.org/findaid/ark:/13030/kt7580364m	Friedlander (Ernst) typescript
http://www.oac.cdlib.org/findaid/ark:/13030/kt4779r5hf	Friedlander (Jonathan) collection of Middle Eastern Americana
http://www.oac.cdlib.org/findaid/ark:/13030/c8pk0gw1	Friedländer (Paul) Papers
http://www.oac.cdlib.org/findaid/ark:/13030/kt258010mh	Friedman (Arthur B.) Prison Record Interviews
http://www.oac.cdlib.org/findaid/ark:/13030/tf9s20101g	Friedman (Arthur B.) Turning Point Interviews
http://www.oac.cdlib.org/findaid/ark:/13030/hb5t1nb7b4	Friedman (Howard A.) Collection
http://www.oac.cdlib.org/findaid/ark:/13030/kt2f59r69h	Friedman (Jeffrey) papers
http://www.oac.cdlib.org/findaid/ark:/13030/tf6b69p0tq	Friedman (Ken) Collection
http://www.oac.cdlib.org/findaid/ark:/13030/kt387032g8	Friedman, Milton (collection)
http://www.oac.cdlib.org/findaid/ark:/13030/tf7t1nb2hx	Friedman (Milton) papers
http://www.oac.cdlib.org/findaid/ark:/13030/c85m66bh	Friedman (Veronica) Papers
http://www.oac.cdlib.org/findaid/ark:/13030/kt8m3nf54c	Friedrich (Carl Joachim) miscellaneous papers
http://www.oac.cdlib.org/findaid/ark:/13030/kt029030sq	Friedrich (Joachim) papers
http://www.oac.cdlib.org/findaid/ark:/13030/kt0j49r76g	Friends Committee on Legislation of California Records
http://www.oac.cdlib.org/findaid/ark:/13030/kt3k4032sw	Friends Committee on National Legislation issuances
http://www.oac.cdlib.org/findaid/ark:/13030/c8hd7wd3	Friends of Archaeology. Records.
http://www.oac.cdlib.org/findaid/ark:/13030/kt629036rz	The Friends of Music and the Music Guild at Stanford University Records
http://www.oac.cdlib.org/findaid/ark:/13030/kt1t1nf132	Friends of Music at Stanford Records
http://www.oac.cdlib.org/findaid/ark:/13030/tf8b69n95d	Friends of Perfection Records
http://www.oac.cdlib.org/findaid/ark:/13030/c85d8t5d	Friends of Soochow. Administrative Files.
http://www.oac.cdlib.org/findaid/ark:/13030/c81n82gh	Friends of Soochow. Correspondence.
http://www.oac.cdlib.org/findaid/ark:/13030/c8ww7k24	Friends of Soochow. Financial Records.
http://www.oac.cdlib.org/findaid/ark:/13030/c8xs5wvp	Friends of Soochow. Publications.
http://www.oac.cdlib.org/findaid/ark:/13030/c8ng4s1q	Friends of Soochow. Republic of China (Taiwan) History Files.
http://www.oac.cdlib.org/findaid/ark:/13030/c8s75hp4	Friends of Soochow. Soochow University History Files.
http://www.oac.cdlib.org/findaid/ark:/13030/c8hq419c	Friends of Soochow. United Methodist Church affiliation files.
http://www.oac.cdlib.org/findaid/ark:/13030/kt0q2nf002	Friends of the Library Collection
http://www.oac.cdlib.org/findaid/ark:/13030/c8n878hv	Friends of the Library Records (University of California, Irvine)
http://www.oac.cdlib.org/findaid/ark:/13030/tf8b69p0g5	Friends of the River Collection
http://www.oac.cdlib.org/findaid/ark:/13030/kt7199r87c	Friends of the San Diego State University Library Records
http://www.oac.cdlib.org/findaid/ark:/13030/c8057ghd	Friends of the Schindler House lecture series
http://www.oac.cdlib.org/findaid/ark:/13030/c8v989fz	Friends of the UCLA Library. Administrative files.
http://www.oac.cdlib.org/findaid/ark:/13030/kt6b69r9nq	Friends of the UCSB Library Records
http://www.oac.cdlib.org/findaid/ark:/13030/kt038nd79q	Friends' War Victims' Relief Committee records
http://www.oac.cdlib.org/findaid/ark:/13030/kt4g503676	Frierman (Jay D.) papers
http://www.oac.cdlib.org/findaid/ark:/13030/kt1n39p3mt	Frierman (Jay D.) Photographs of S. Calif. Architecture Collection
http://www.oac.cdlib.org/findaid/ark:/13030/tf3d5n998c	Frillmann (Paul W.) Papers
http://www.oac.cdlib.org/findaid/ark:/13030/tf6q2nb49t	Friml (Rudolf) Collection of musical compositions
http://www.oac.cdlib.org/findaid/ark:/13030/kt0199r3hx	Frisch (Hubert) correspondence
http://www.oac.cdlib.org/findaid/ark:/13030/kt4j49r5r1	Frischauf (Emil) typescript
http://www.oac.cdlib.org/findaid/ark:/13030/kt0g5034mp	Fritz and Wilhemina Sass Lokesch letter
http://www.oac.cdlib.org/findaid/ark:/13030/kt0r29q2fj	Fritz (Bernardine) Papers
http://www.oac.cdlib.org/findaid/ark:/13030/c8251kqp	Fritz (Emanuel) Papers
http://www.oac.cdlib.org/findaid/ark:/13030/kt458031v4	Frizzell (Lou) Papers
http://www.oac.cdlib.org/findaid/ark:/13030/c8vx0fhp	Frizzell (William Kenneth) papers
http://www.oac.cdlib.org/findaid/ark:/13030/kt8q2nd74j	From Collection of South San Francisco: the Industrial City local history
http://www.oac.cdlib.org/findaid/ark:/13030/kt738nf6wn	"From Counterculture to Cyberculture: The Legacy of the Whole Earth Catalog" [videorecording]
http://www.oac.cdlib.org/findaid/ark:/13030/c8kd20cm	From Maser to Laser: Talk by Arthur L. Schawlow at Lawrence Livermore Laboratory [videorecording]
http://www.oac.cdlib.org/findaid/ark:/13030/kt8290214d	From the Earth to the Moon - Collection of Research Materials for the HBO Television Series
http://www.oac.cdlib.org/findaid/ark:/13030/kt509nf5gp	FRONTERAS 1976 Executive Committee. Records
http://www.oac.cdlib.org/findaid/ark:/13030/kt9w1038kh	Fronteras de las Californias Records
http://www.oac.cdlib.org/findaid/ark:/13030/kt4p30343g	Frontier Village Collection, 1961-1980
http://www.oac.cdlib.org/findaid/ark:/13030/c8cj8f2r	Frontiers: A Journal of Women Studies records
http://www.oac.cdlib.org/findaid/ark:/13030/tf3n39n6cg	Frontlash San Francisco Collection
http://www.oac.cdlib.org/findaid/ark:/13030/tf1199n4wq	Frontline Photograph Collecton
http://www.oac.cdlib.org/findaid/ark:/13030/c8xk8gb2	Frontrunners Track Club of Greater Los Angeles records
http://www.oac.cdlib.org/findaid/ark:/13030/kt7489r6ww	Frontwacht records
http://www.oac.cdlib.org/findaid/ark:/13030/kt1d5nc42g	Frost (Eugenia) Correspondence
http://www.oac.cdlib.org/findaid/ark:/13030/tf496nb34h	Frost (Frances) Papers
http://www.oac.cdlib.org/findaid/ark:/13030/tf7k4005qv	Frost-Lee-Buckingham Family Papers
http://www.oac.cdlib.org/findaid/ark:/13030/kt6s2022r5	Froug (William) Papers
http://www.oac.cdlib.org/findaid/ark:/13030/kt287032vn	Frozen war: America intervenes in Russia, 1918-1920 motion picture film
http://www.oac.cdlib.org/findaid/ark:/13030/kt4b69n6vd	Fruchtbringende Gesellschaft Collection
http://www.oac.cdlib.org/findaid/ark:/13030/kt8r29s0n2	Frumkin (Jacob G.) statement
http://www.oac.cdlib.org/findaid/ark:/13030/kt6h4nf75k	Frumkin (Si) papers
http://www.oac.cdlib.org/findaid/ark:/13030/kt4j49r5t2	Fry (Gerald W.) writings
http://www.oac.cdlib.org/findaid/ark:/13030/c88g8m8w	Fry Manuscript
http://www.oac.cdlib.org/findaid/ark:/13030/kt0t1nf07b	Frye (Clayton), "Practical Boxing; An Outline of Boxing Methods for Physical Education and Competitive Boxing"
http://www.oac.cdlib.org/findaid/ark:/13030/tf0d5n97zt	Fryer (John) Papers
http://www.oac.cdlib.org/findaid/ark:/13030/tf438n99qf	Fryling (Jan) Papers
http://www.oac.cdlib.org/findaid/ark:/13030/kt2n39r6q1	Frym (Gloria) Papers
http://www.oac.cdlib.org/findaid/ark:/13030/kt2z09q73q	FTM International Records
http://www.oac.cdlib.org/findaid/ark:/13030/kt3d5nf394	Fuchs (H. O.) Papers
http://www.oac.cdlib.org/findaid/ark:/13030/c8rx9cmp	Fuentes (Juan R.) Papers
http://www.oac.cdlib.org/findaid/ark:/13030/kt4b69s01w	Fuerza Democratica Nicaraguense records
http://www.oac.cdlib.org/findaid/ark:/13030/kt0489r3sq	Fuhrman (Frederick E.) photographs
http://www.oac.cdlib.org/findaid/ark:/13030/kt6v19q42b	Fujii (Ryoichi) Papers
http://www.oac.cdlib.org/findaid/ark:/13030/kt4c60391w	Fujimoto (George) diaries
http://www.oac.cdlib.org/findaid/ark:/13030/tf3n39n8dz	Fujioka (Shiro) Papers
http://www.oac.cdlib.org/findaid/ark:/13030/ft029001sw	Fujita (Akira) Papers
http://www.oac.cdlib.org/findaid/ark:/13030/kt2b69r8v3	Fukuhara (Henry) Paint Out Collection
http://www.oac.cdlib.org/findaid/ark:/13030/kt3t1nc416	Fukui Holy Trinity Church Photograph Album
http://www.oac.cdlib.org/findaid/ark:/13030/kt567nd91r	Fuller (Adaline W.) papers
http://www.oac.cdlib.org/findaid/ark:/13030/kt596nf4xw	Fuller (Adaline W.) Scrapbook
http://www.oac.cdlib.org/findaid/ark:/13030/tf800005st	Fuller (Benjamin A.G.) Papers
http://www.oac.cdlib.org/findaid/ark:/13030/kt4b69r74c	Fuller (Kenneth Gibson) collection
http://www.oac.cdlib.org/findaid/ark:/13030/tf109n9832	Fuller (R. Buckminster)
http://www.oac.cdlib.org/findaid/ark:/13030/c8d79c0m	Fuller Theological Seminary Board of Trustees
http://www.oac.cdlib.org/findaid/ark:/13030/c8j103qg	Fuller Theological Seminary Extension Site Records
http://www.oac.cdlib.org/findaid/ark:/13030/c8ns0vfh	Fuller Theological Seminary, Office of the Vice President of Finance
http://www.oac.cdlib.org/findaid/ark:/13030/c8sf2wrh	Fuller Theological Seminary Oral History Project
http://www.oac.cdlib.org/findaid/ark:/13030/tf4b69n6rh	Fuller (William P.) Papers
http://www.oac.cdlib.org/findaid/ark:/13030/kt3d5nc43m	Fullerton (William B.) Civil War Letters
http://www.oac.cdlib.org/findaid/ark:/13030/kt5p3006g3	Fultz (Francis M.) Papers
http://www.oac.cdlib.org/findaid/ark:/13030/kt329010d2	Fundacion Eduardo Frei. Ano 2001 Proyecto Digitalizacion Archivo Historico
http://www.oac.cdlib.org/findaid/ark:/13030/c8x63nhp	Fundamentals
http://www.oac.cdlib.org/findaid/ark:/13030/kt4p3033ww	Funf Wochen im Herbst: Protokoll einer deutschen Revolution video tape
http://www.oac.cdlib.org/findaid/ark:/13030/c8251m88	Fungal Jungle
http://www.oac.cdlib.org/findaid/ark:/13030/kt2779r26q	Funk (Forest J.) diary
http://www.oac.cdlib.org/findaid/ark:/13030/kt3g50111g	Funk (John) Collection, 1929-1988
http://www.oac.cdlib.org/findaid/ark:/13030/tf7580054f	Funk (Ruth W.) Papers
http://www.oac.cdlib.org/findaid/ark:/13030/c83x88qh	Funkhouser (John William) photographic slides
http://www.oac.cdlib.org/findaid/ark:/13030/kt400011gs	Furbay (John H.) papers
http://www.oac.cdlib.org/findaid/ark:/13030/kt8h4nd6fd	Furgeri (Vittorio) Papers
http://www.oac.cdlib.org/findaid/ark:/13030/tf4z09n712	Furlong (Charles W.) Papers
http://www.oac.cdlib.org/findaid/ark:/13030/kt200030s7	Furth (J. Herbert) papers
http://www.oac.cdlib.org/findaid/ark:/13030/kt6489p6k1	Further Adventures of Ellery Queen, Collection of Scripts for the Television Series
http://www.oac.cdlib.org/findaid/ark:/13030/c8v126xz	Furthman (Jules) papers
http://www.oac.cdlib.org/findaid/ark:/13030/c8rr2103	Future Directions in Computing Education Summit White Papers
http://www.oac.cdlib.org/findaid/ark:/13030/tf587004g5	Future Perfect: Study of Works of Science Fiction
http://www.oac.cdlib.org/findaid/ark:/13030/c8wd416b	Fuzee (Adrienne) Papers

