http://www.oac.cdlib.org/findaid/ark:/13030/kt100017xg	Qayani Collection of Arabic and Persian Manuscripts
http://www.oac.cdlib.org/findaid/ark:/13030/kt7m3nc7x1	Quackenbush (Edward A.) Papers
http://www.oac.cdlib.org/findaid/ark:/13030/kt5w1033nw	Qualman (Harry) collection
http://www.oac.cdlib.org/findaid/ark:/13030/c8vm4drt	Quarberg (Lincoln) papers
http://www.oac.cdlib.org/findaid/ark:/13030/c8cc126m	Quarter Century Club Minutes
http://www.oac.cdlib.org/findaid/ark:/13030/kt8g504180	Quate (C.F.) Papers
http://www.oac.cdlib.org/findaid/ark:/13030/kt7x0nf342	Quayle (Ernest H.) diary
http://www.oac.cdlib.org/findaid/ark:/13030/kt2h4nf1xt	Quayle (Henry J.) papers
http://www.oac.cdlib.org/findaid/ark:/13030/c81j9c1r	Que Hee (Shane S.) Shane LGBT and Progressive Activism Papers
http://www.oac.cdlib.org/findaid/ark:/13030/kt6n39r1pb	Queen (built 1882; passenger vessel) photograph
http://www.oac.cdlib.org/findaid/ark:/13030/kt3v19r6r5	Queen Olga photographic collection
http://www.oac.cdlib.org/findaid/ark:/13030/c8df6pns	Queer Frontiers Conference Records
http://www.oac.cdlib.org/findaid/ark:/13030/tf029000gc	Queer Nation Records
http://www.oac.cdlib.org/findaid/ark:/13030/kt5z09q1hz	Queer Resource Center Records
http://www.oac.cdlib.org/findaid/ark:/13030/kt5d5nc5fw	Queer Resource Center Resource Files
http://www.oac.cdlib.org/findaid/ark:/13030/tf2c6002dw	Quevedo (Eduardo) Papers
http://www.oac.cdlib.org/findaid/ark:/13030/c8dj5gdt	Quick (Herbert) Collection
http://www.oac.cdlib.org/findaid/ark:/13030/c80c4wjr	Quidde (Ludwig) mimeograph
http://www.oac.cdlib.org/findaid/ark:/13030/kt467nf32h	Quillen (Isaac James) Papers
http://www.oac.cdlib.org/findaid/ark:/13030/kt3p3034mx	Quilter (Joseph F.) papers
http://www.oac.cdlib.org/findaid/ark:/13030/c8vh5pn4	Quin (Ah) Diary Collection
http://www.oac.cdlib.org/findaid/ark:/13030/tf6g5005kt	Quinan (Ernest) Collection
http://www.oac.cdlib.org/findaid/ark:/13030/hb3779n8tj	Quinby (Henry Dean III) Collection of Photographs and Correspondence, ca. 1933-1957
http://www.oac.cdlib.org/findaid/ark:/13030/k6qn64nx	Quinn (Arthur) papers
http://www.oac.cdlib.org/findaid/ark:/13030/tf609nb13p	Quinn (Eugene F.) Papers
http://www.oac.cdlib.org/findaid/ark:/13030/kt1k4020d5	Quinn (J. J.) Photograph Album
http://www.oac.cdlib.org/findaid/ark:/13030/kt6t1nf0qf	Quinn (Jack) papers
http://www.oac.cdlib.org/findaid/ark:/13030/tf4f59n7bf	Quintera Mining Company Records
http://www.oac.cdlib.org/findaid/ark:/13030/kt8p303955	Quire (Joseph H.) Papers Relating to Peter J. Shields

