http://www.oac.cdlib.org/findaid/ark:/13030/kt2n39r736	T. E. Lawrence at the end of the 20th century conference proceedings
http://www.oac.cdlib.org/findaid/ark:/13030/kt9d5nf2t8	Ta Chung Cultural Cooperation Association typescript
http://www.oac.cdlib.org/findaid/ark:/13030/tf3v19n6th	Taber and Jackson Miscellany
http://www.oac.cdlib.org/findaid/ark:/13030/tf696nb4sf	Taber (Isaiah West) California Scenery, San Francisco, ca. 1885
http://www.oac.cdlib.org/findaid/ark:/13030/tf3d5nb5bx	Taber (Isaiah West) California Views, ca. 1885-1890
http://www.oac.cdlib.org/findaid/ark:/13030/tf5n39p3mq	Taber (Isaiah West) Family Photographs, ca.1880-1895
http://www.oac.cdlib.org/findaid/ark:/13030/tf3w1006n1	Taber (Isaiah West) Miscellaneous Views of California
http://www.oac.cdlib.org/findaid/ark:/13030/tf3c6007c3	Taber (Isaiah West) Sutro Heights, San Francisco, California, 1886
http://www.oac.cdlib.org/findaid/ark:/13030/c87d2vwk	Taber Photo (San Francisco, California) Collection
http://www.oac.cdlib.org/findaid/ark:/13030/kt1n39r4ss	Tabler (Madeline) Collection
http://www.oac.cdlib.org/findaid/ark:/13030/tf9m3nb870	The Tables Turned: You Sabe Him? Kealney [i.e. Kearney] Must Go!, 1877 or 1878
http://www.oac.cdlib.org/findaid/ark:/13030/kt600020ct	Table-Talk Press Collection
http://www.oac.cdlib.org/findaid/ark:/13030/tf4f59n6vq	Tabor (John K.) Papers
http://www.oac.cdlib.org/findaid/ark:/13030/tf958006rv	Taborsky (Edward) Papers
http://www.oac.cdlib.org/findaid/ark:/13030/kt3p3034dt	Tabscott (Ernest Edmund) papers
http://www.oac.cdlib.org/findaid/ark:/13030/c8474963	Tachi Indian songs, their stories and meanings
http://www.oac.cdlib.org/findaid/ark:/13030/kt5g5034kq	Tada, (T.) mimeograph
http://www.oac.cdlib.org/findaid/ark:/13030/kt5p3033p3	Taeuber (Conrad) papers
http://www.oac.cdlib.org/findaid/ark:/13030/kt938nf4m5	Taeuber (Fritz) papers
http://www.oac.cdlib.org/findaid/ark:/13030/tf2r29n9vh	Taggart (John) Papers
http://www.oac.cdlib.org/findaid/ark:/13030/ft2v19n6hx	Taguchi (Kichimatsu) Papers
http://www.oac.cdlib.org/findaid/ark:/13030/tf62900880	Tahoe Regional Planning Agency Collection
http://www.oac.cdlib.org/findaid/ark:/13030/kt809nf5dk	Tahoe Regional Planning Agency Records
http://www.oac.cdlib.org/findaid/ark:/13030/kt500037fc	Tahquitz Canyon Data Recovery Project
http://www.oac.cdlib.org/findaid/ark:/13030/c88k7bd1	Tahrir Documents Project flyers, newspapers, and other ephemera
http://www.oac.cdlib.org/findaid/ark:/13030/kt0x0nd929	Taiwanese pictorial collection
http://www.oac.cdlib.org/findaid/ark:/13030/kt467nd9xw	Taiwanese subject collection
http://www.oac.cdlib.org/findaid/ark:/13030/kt2489r51x	Tajik subject collection
http://www.oac.cdlib.org/findaid/ark:/13030/tf4j49n7b3	Takaichi (Peter M.) Papers
http://www.oac.cdlib.org/findaid/ark:/13030/kt6f59q5mg	Takamura (Kango) paintings
http://www.oac.cdlib.org/findaid/ark:/13030/tf7t1nb4v2	Takayanagi (Shasui) Papers
http://www.oac.cdlib.org/findaid/ark:/13030/kt4g503435	Tal' (Georgii Aleksandrovich von) typescript
http://www.oac.cdlib.org/findaid/ark:/13030/kt2779r3pf	Talamon (Mrs. Rene) typescript
http://www.oac.cdlib.org/findaid/ark:/13030/kt309nf071	Talberg (Nikolai Dmitrievich) Papers
http://www.oac.cdlib.org/findaid/ark:/13030/c8dj5g81	Talbot (M.J.) Papers
http://www.oac.cdlib.org/findaid/ark:/13030/kt158030fh	Talbot (Paul Hopkins) diary
http://www.oac.cdlib.org/findaid/ark:/13030/kt967nf432	Talbot (Phillips) letters
http://www.oac.cdlib.org/findaid/ark:/13030/c87946cq	Talbot (Roy Maxwell) Papers
http://www.oac.cdlib.org/findaid/ark:/13030/c8j67js4	Talbot (Steve) Papers
http://www.oac.cdlib.org/findaid/ark:/13030/kt8h4nf6q0	Talbot (William H.) Family Albums
http://www.oac.cdlib.org/findaid/ark:/13030/c8xw4kmg	Talbot (William Henry Fox) (1800-1877) Collection
http://www.oac.cdlib.org/findaid/ark:/13030/kt5t1nf1g0	Taliban Support Council (London, England) issuances
http://www.oac.cdlib.org/findaid/ark:/13030/tf709nb1k7	Talisman Press Archives
http://www.oac.cdlib.org/findaid/ark:/13030/ft3d5nb1rk	Taller de Grafica Popular Engravings and posters
http://www.oac.cdlib.org/findaid/ark:/13030/kt1489q85p	Taller de Gráfica Popular collection
http://www.oac.cdlib.org/findaid/ark:/13030/ft067n970d	Taller Experimental de Grafica Portfolio of Nicaraguan prints
http://www.oac.cdlib.org/findaid/ark:/13030/c8bk1b91	Talley Presidential Autograph Collection
http://www.oac.cdlib.org/findaid/ark:/13030/c8959k9h	Tallmantz Aviation records
http://www.oac.cdlib.org/findaid/ark:/13030/kt9c6040fr	Tamandoe Yacht Club Records (University of California, Irvine)
http://www.oac.cdlib.org/findaid/ark:/13030/kt4n39r8p3	Tamarkin (M.) typescript
http://www.oac.cdlib.org/findaid/ark:/13030/kt6779q51c	Tamblyn (Christine) Papers
http://www.oac.cdlib.org/findaid/ark:/13030/c8z60qs8	Tambo (David C.) Nigerian history collection
http://www.oac.cdlib.org/findaid/ark:/13030/kt1p30347m	Tamermann (Kurt) correspondence
http://www.oac.cdlib.org/findaid/ark:/13030/kt2p3031kn	Tan (Cheng Lock) papers
http://www.oac.cdlib.org/findaid/ark:/13030/kt896nf5gk	Tan (Wai H.) interview
http://www.oac.cdlib.org/findaid/ark:/13030/c808677k	Tanay Club in America minutes
http://www.oac.cdlib.org/findaid/ark:/13030/kt5j49r9zc	Taneev (Sergei Aleksandrovich) papers
http://www.oac.cdlib.org/findaid/ark:/13030/tf900006kh	Tanenhaus (Sam) Papers
http://www.oac.cdlib.org/findaid/ark:/13030/kt658035fg	Tang (Fei) papers
http://www.oac.cdlib.org/findaid/ark:/13030/kt4290363h	Tanner Lectures on Human Values at Stanford
http://www.oac.cdlib.org/findaid/ark:/13030/kt0s2032mp	Tanner (Nancy Makepeace) Papers
http://www.oac.cdlib.org/findaid/ark:/13030/tf0g50017v	Tansey (Gene M.) Manuscripts
http://www.oac.cdlib.org/findaid/ark:/13030/tf7000063n	Tantau (Clarence A.) Collection, 1921-1939
http://www.oac.cdlib.org/findaid/ark:/13030/tf1s2001nb	Tanzanian Subject Collection
http://www.oac.cdlib.org/findaid/ark:/13030/kt1779q0xv	Tapia (Anita) Interview of Lorenita Forster Weisenberg
http://www.oac.cdlib.org/findaid/ark:/13030/c8s46tbq	Tapley family photograph album and photographs
http://www.oac.cdlib.org/findaid/ark:/13030/kt187019m6	Tapscott (Horace) Jazz Collection
http://www.oac.cdlib.org/findaid/ark:/13030/tf900009jf	Tarasca Gold Mining Company of Mexico. Photographs
http://www.oac.cdlib.org/findaid/ark:/13030/c88914bm	Taraval (Father Sigismundo) Journal, transcription by Charles F. Lummis
http://www.oac.cdlib.org/findaid/ark:/13030/c8kp80jw	Taravella (Steve) March on Washington Photograph Album
http://www.oac.cdlib.org/findaid/ark:/13030/kt367nf09c	Tarbuck (Raymond D.) papers
http://www.oac.cdlib.org/findaid/ark:/13030/c8xw4kcb	Tarbutt (John A.) Documents
http://www.oac.cdlib.org/findaid/ark:/13030/c8mg7q1q	Targ (William) letters from Lawrence Clark Powell
http://www.oac.cdlib.org/findaid/ark:/13030/c8rr20s0	Tarlen (Carol) and David Joseph Papers
http://www.oac.cdlib.org/findaid/ark:/13030/hb4g5009mn	Tarlow (Aya) Papers
http://www.oac.cdlib.org/findaid/ark:/13030/tf067n97nv	Tarn (Nathaniel) papers
http://www.oac.cdlib.org/findaid/ark:/13030/tf0z09n41c	Tarr (Benjamin F.) Papers
http://www.oac.cdlib.org/findaid/ark:/13030/tf367n999k	Tarr (Curtis W.) Papers
http://www.oac.cdlib.org/findaid/ark:/13030/tf3b69n65d	Tarsaidze (Alexandre G.) papers
http://www.oac.cdlib.org/findaid/ark:/13030/c8cr5txf	Tarski (Alfred) papers
http://www.oac.cdlib.org/findaid/ark:/13030/kt609nc9r5	Tartan (James) Film Collection
http://www.oac.cdlib.org/findaid/ark:/13030/c8ff3v7n	Tarzana Property Owners' Association Collection
http://www.oac.cdlib.org/findaid/ark:/13030/c8zp47w5	Tarzana Woman's Club Collection
http://www.oac.cdlib.org/findaid/ark:/13030/tf0v19n41q	Tasheira (Anthony L.) Papers
http://www.oac.cdlib.org/findaid/ark:/13030/kt687034kq	Tasho (Roland) photographs
http://www.oac.cdlib.org/findaid/ark:/13030/tf7f59n9wm	Task Force on California's Water Future Records
http://www.oac.cdlib.org/findaid/ark:/13030/kt8b69r98n	Task Force to Promote Self-Esteem and Personal and Social Responsibility Records
http://www.oac.cdlib.org/findaid/ark:/13030/c8xp746s	Tasker (Dain L.) Letterbooks
http://www.oac.cdlib.org/findaid/ark:/13030/kt5m3nf0rb	Tatar subject collection
http://www.oac.cdlib.org/findaid/ark:/13030/tf9199n9rj	Tatarian (Roger) Papers
http://www.oac.cdlib.org/findaid/ark:/13030/kt1t1nb5x2	Tate (E.) Collection of Material about the Study of Anthropology in France
http://www.oac.cdlib.org/findaid/ark:/13030/tf6h4nb1bk	Tatistcheff (Alexis B.) Papers
http://www.oac.cdlib.org/findaid/ark:/13030/c8rr2014	Tau Alpha Chi Fraternity
http://www.oac.cdlib.org/findaid/ark:/13030/kt8k403610	Tau Kappa Epsilon, San Diego State University Chapter Records
http://www.oac.cdlib.org/findaid/ark:/13030/kt329035mg	Taube (Henry) Papers
http://www.oac.cdlib.org/findaid/ark:/13030/c8vx0j7b	Tauscher (Ellen O.) Papers
http://www.oac.cdlib.org/findaid/ark:/13030/kt1r29q8cq	Tautenhahn (Gunther) Collection of Musical Compositions
http://www.oac.cdlib.org/findaid/ark:/13030/kt5s2038g2	Tautenhahn (Gunther) Collection of Musical Compositions
http://www.oac.cdlib.org/findaid/ark:/13030/kt238nd2mk	Tavera (Hank M.) Papers
http://www.oac.cdlib.org/findaid/ark:/13030/kt509nb9d7	Tavern Guild of San Francisco Records
http://www.oac.cdlib.org/findaid/ark:/13030/tf1779n7pc	Taverner (Margaret B.) Collection
http://www.oac.cdlib.org/findaid/ark:/13030/kt8f59s23s	Tax Collector's Records
http://www.oac.cdlib.org/findaid/ark:/13030/tf1g5001mv	Taylor (Alonzo E.) Papers
http://www.oac.cdlib.org/findaid/ark:/13030/tf5j49n8p2	Taylor (Archer) Papers
http://www.oac.cdlib.org/findaid/ark:/13030/kt8p30392m	Taylor (Christine), "Planning for the Preservation of the Campus Plan: University Campuses of the West Coast"
http://www.oac.cdlib.org/findaid/ark:/13030/tf067n99td	Taylor (Edgar D.) Papers
http://www.oac.cdlib.org/findaid/ark:/13030/tf2n39n8dn	Taylor (Elliott and Burta) Collection
http://www.oac.cdlib.org/findaid/ark:/13030/tf338n99gh	Taylor (Frank J.) Papers
http://www.oac.cdlib.org/findaid/ark:/13030/ft8199n8z7	Taylor (Frederic W.) Papers
http://www.oac.cdlib.org/findaid/ark:/13030/c8474c3k	Taylor (George and Anna) Papers
http://www.oac.cdlib.org/findaid/ark:/13030/kt3n39r6h7	Taylor (George Edward) interview
http://www.oac.cdlib.org/findaid/ark:/13030/kt038nd7nw	Taylor (Glen S.) papers
http://www.oac.cdlib.org/findaid/ark:/13030/tf587003tv	Taylor (H. L.) Collection
http://www.oac.cdlib.org/findaid/ark:/13030/kt0q2nd84j	Taylor (James Karr) typescript
http://www.oac.cdlib.org/findaid/ark:/13030/kt738nf428	Taylor (Joan Kennedy) papers
http://www.oac.cdlib.org/findaid/ark:/13030/tf0p300154	Taylor (John S.) Papers
http://www.oac.cdlib.org/findaid/ark:/13030/kt0q2nd9ns	Taylor (Margaret Palmer ) Collection of Sacred Dance
http://www.oac.cdlib.org/findaid/ark:/13030/tf8d5nb3bh	Taylor (Marie H.) Papers
http://www.oac.cdlib.org/findaid/ark:/13030/tf6d5nb23s	Taylor (Newton) Collection
http://www.oac.cdlib.org/findaid/ark:/13030/tf7489n98b	Taylor (Paul S.) Papers
http://www.oac.cdlib.org/findaid/ark:/13030/c8hm57sg	Taylor (Richard B.) papers
http://www.oac.cdlib.org/findaid/ark:/13030/kt338nf243	Taylor (Vaughn) Photographs
http://www.oac.cdlib.org/findaid/ark:/13030/kt887036wz	Taylor (Virginia Cooper Westall) papers
http://www.oac.cdlib.org/findaid/ark:/13030/c8xk8gw7	Taylor (Walter P.) papers
http://www.oac.cdlib.org/findaid/ark:/13030/tf3489n674	Taylor (W.H.) Papers
http://www.oac.cdlib.org/findaid/ark:/13030/tf0t1n97g6	Taylorsville Store Collection
http://www.oac.cdlib.org/findaid/ark:/13030/tf52900498	T.B. Joy &amp; Co. Records
http://www.oac.cdlib.org/findaid/ark:/13030/c8sn07bk	Tcherkassky (Marianna) Ballet Shoes
http://www.oac.cdlib.org/findaid/ark:/13030/kt758036sf	Tchernigovetz (Nikolai) typescript
http://www.oac.cdlib.org/findaid/ark:/13030/kt0j49r82w	Te Vega Ship's Logs
http://www.oac.cdlib.org/findaid/ark:/13030/kt758038rw	Teacher Preparation and Licensing Commission Records
http://www.oac.cdlib.org/findaid/ark:/13030/tf9t1nb3h1	Teachers' Retirement System Records
http://www.oac.cdlib.org/findaid/ark:/13030/ft4t1nb02p	Teaching materials for history of printing and the book
http://www.oac.cdlib.org/findaid/ark:/13030/tf4g50045h	Teague (Charles C.) Papers
http://www.oac.cdlib.org/findaid/ark:/13030/tf5r29n9js	Teague (Charles C.) Papers
http://www.oac.cdlib.org/findaid/ark:/13030/tf0870012z	Teague (Charles C.) Papers - Agricultural Photographs
http://www.oac.cdlib.org/findaid/ark:/13030/c8pg1sgq	Teague (George J.) Collection
http://www.oac.cdlib.org/findaid/ark:/13030/c8zp44jf	Teague/Wakefield Collection
http://www.oac.cdlib.org/findaid/ark:/13030/c83x8788	Teamer (John E.) Papers
http://www.oac.cdlib.org/findaid/ark:/13030/c8q242c0	Teatro Cometa Oral History Project Collection
http://www.oac.cdlib.org/findaid/ark:/13030/tf7q2nb55j	Teatro Experimental and El Teatro Ensayo de la Universidad Catolica de Chile Collection of Material
http://www.oac.cdlib.org/findaid/ark:/13030/kt2d5nf1jg	Tebbetts (George P. and Mary) Memorial Collection
http://www.oac.cdlib.org/findaid/ark:/13030/c8xg9std	Technicolor collection
http://www.oac.cdlib.org/findaid/ark:/13030/c8pn97ch	“Technology and Environment: The Postwar House in Southern California"
http://www.oac.cdlib.org/findaid/ark:/13030/kt696nf49w	Technology Based Companies Founded by Members of the Stanford University Community; A Study Commissioned by the Stanford University Office of Technology Licensing
http://www.oac.cdlib.org/findaid/ark:/13030/kt667nb1d0	Ted Joans papers
http://www.oac.cdlib.org/findaid/ark:/13030/c8pc33kh	Teed (Matthew) Autobiographical Manuscript
http://www.oac.cdlib.org/findaid/ark:/13030/c8pk0hwf	Teiser (Ruth) Collection.
http://www.oac.cdlib.org/findaid/ark:/13030/c8cn74hh	Teiser (Ruth) papers
http://www.oac.cdlib.org/findaid/ark:/13030/kt7c60389g	Tejchman (Esteban) papers
http://www.oac.cdlib.org/findaid/ark:/13030/tf638nb36v	Tejon Hills Oil Co. Records
http://www.oac.cdlib.org/findaid/ark:/13030/kt7d5nc7sn	Tele-Dinda Mining Expedition [Belgian Congo] Photograph Album
http://www.oac.cdlib.org/findaid/ark:/13030/tf9f59p01d	Telesco (Lee) Collection
http://www.oac.cdlib.org/findaid/ark:/13030/c87082fc	Television press kits collection
http://www.oac.cdlib.org/findaid/ark:/13030/c8zg6t7c	Television Stills collection
http://www.oac.cdlib.org/findaid/ark:/13030/c88w3f9h	Telewoman Newsletter records
http://www.oac.cdlib.org/findaid/ark:/13030/tf9x0nb70v	Telford (Chiyo Thomas) Papers
http://www.oac.cdlib.org/findaid/ark:/13030/kt1r29r4nc	Telford (Frank) Papers
http://www.oac.cdlib.org/findaid/ark:/13030/tf6x0nb1wg	Teller (Edward) Papers
http://www.oac.cdlib.org/findaid/ark:/13030/c8c82c00	Telling Pictures records
http://www.oac.cdlib.org/findaid/ark:/13030/c83j3fn0	Telluride Film Festival records
http://www.oac.cdlib.org/findaid/ark:/13030/tf0z09n6r6	Temianka (Henri) Collection of Papers, Correspondence and Memorabilia
http://www.oac.cdlib.org/findaid/ark:/13030/kt9s20246s	Temperance Literature
http://www.oac.cdlib.org/findaid/ark:/13030/kt009nd71x	Temperley (Harold William Vazeille) correspondence
http://www.oac.cdlib.org/findaid/ark:/13030/c8ms3rr4	Templar (built 1858; ship, 3m) logbook
http://www.oac.cdlib.org/findaid/ark:/13030/kt8x0nc1zx	Temple (James W.) Papers
http://www.oac.cdlib.org/findaid/ark:/13030/c8qv3n30	Temple of the People Collection
http://www.oac.cdlib.org/findaid/ark:/13030/c8tm7c3q	Temple-McFarland family collection, circa 1800s-1900s
http://www.oac.cdlib.org/findaid/ark:/13030/kt1f59r366	Temps des doryphores motion picture film
http://www.oac.cdlib.org/findaid/ark:/13030/kt9b69s45f	Ten Year History of California State University, Dominguez Hills
http://www.oac.cdlib.org/findaid/ark:/13030/kt4b69r7bg	Tent (James F.) collection
http://www.oac.cdlib.org/findaid/ark:/13030/kt909nf4mh	Teodoru (Ovidiu I.) typescript
http://www.oac.cdlib.org/findaid/ark:/13030/kt3c6035gc	Teran (Maria Haydee) letters
http://www.oac.cdlib.org/findaid/ark:/13030/kt4g50342n	Terleckas (Antanas) papers
http://www.oac.cdlib.org/findaid/ark:/13030/kt6r29s0bs	Terlecki (Tymon) mimeograph
http://www.oac.cdlib.org/findaid/ark:/13030/kt6779s0k4	Terman Engineering Center BuildingCollection
http://www.oac.cdlib.org/findaid/ark:/13030/kt0r29r8cv	Terman (Frederick E.) Biographical Collection
http://www.oac.cdlib.org/findaid/ark:/13030/tf029000zm	Terman (Frederick Emmons) Papers
http://www.oac.cdlib.org/findaid/ark:/13030/kt1x0nd8gb	Terman (Lewis M.) miscellaneous papers
http://www.oac.cdlib.org/findaid/ark:/13030/kt3p303833	Terman (Lewis Madison) Papers
http://www.oac.cdlib.org/findaid/ark:/13030/kt2t1nf3kk	Terra (Jonathan) interviews
http://www.oac.cdlib.org/findaid/ark:/13030/kt8779s2b3	A Terrace Point Lagoon Study
http://www.oac.cdlib.org/findaid/ark:/13030/kt3870312k	Terramare Office issuances
http://www.oac.cdlib.org/findaid/ark:/13030/tf2q2n99qr	Terrazas (Silvestre) Papers
http://www.oac.cdlib.org/findaid/ark:/13030/kt8m3nf5pn	Terrorism inside and outside armed conflict symposium proceedings
http://www.oac.cdlib.org/findaid/ark:/13030/kt9j49p29h	Terry (Dame Ellen) Papers
http://www.oac.cdlib.org/findaid/ark:/13030/kt900038k5	Terry (Prentiss M.) papers
http://www.oac.cdlib.org/findaid/ark:/13030/kt5m3nf0wd	Terry (W. W.) collection
http://www.oac.cdlib.org/findaid/ark:/13030/tf1290043x	Terry (Wallace I.) Papers
http://www.oac.cdlib.org/findaid/ark:/13030/kt5s2038hk	Terry (Zebulon Alexander) Scrapbook
http://www.oac.cdlib.org/findaid/ark:/13030/kt267nf1qr	Teske (Edmund) papers
http://www.oac.cdlib.org/findaid/ark:/13030/c8028swd	Test (Frederick H.) papers
http://www.oac.cdlib.org/findaid/ark:/13030/c8cv4h25	Test (Lawrence C.) papers
http://www.oac.cdlib.org/findaid/ark:/13030/c8ks6s9j	Test Record
http://www.oac.cdlib.org/findaid/ark:/13030/c8vd70sc	Testa (John) Photographs
http://www.oac.cdlib.org/findaid/ark:/13030/kt8d5nf1zj	Testing Center Sample Tests Collection
http://www.oac.cdlib.org/findaid/ark:/13030/c8js9pfx	Testing VHSIC devices [videorecording]
http://www.oac.cdlib.org/findaid/ark:/13030/kt2q2nf19t	Tetlow (Robert) Collection, 1949-1987
http://www.oac.cdlib.org/findaid/ark:/13030/kt6q2nf31w	Teulade (Jules) typescript
http://www.oac.cdlib.org/findaid/ark:/13030/tf0n39n4m6	Tevis (Henry L.) Papers
http://www.oac.cdlib.org/findaid/ark:/13030/c8125vth	Tevis (Lloyd P.) papers
http://www.oac.cdlib.org/findaid/ark:/13030/c898894m	TEX Publications Collection
http://www.oac.cdlib.org/findaid/ark:/13030/c87d2wbt	Texas oil fields photograph album
http://www.oac.cdlib.org/findaid/ark:/13030/kt287033n1	Textile Alliance miscellaneous records
http://www.oac.cdlib.org/findaid/ark:/13030/c8tb18zn	Textor (Robert B.) Papers
http://www.oac.cdlib.org/findaid/ark:/13030/kt796nf234	Thai Democracy Movement (Publications on the)
http://www.oac.cdlib.org/findaid/ark:/13030/c8377b2j	Thalberg (Irving G.) and Norma Shearer papers
http://www.oac.cdlib.org/findaid/ark:/13030/kt696nf15c	Thane (Mrs. J. E.) papers
http://www.oac.cdlib.org/findaid/ark:/13030/c8fq9xvk	Tharp (Robert and Eva) Collection
http://www.oac.cdlib.org/findaid/ark:/13030/kt8f59s029	Thatcher (Margaret) speech
http://www.oac.cdlib.org/findaid/ark:/13030/kt287036bt	"The Arts at Stanford" [videorecording]
http://www.oac.cdlib.org/findaid/ark:/13030/kt8j49s2nq	"The Big Game: A Century of Tradition" [videorecording]
http://www.oac.cdlib.org/findaid/ark:/13030/kt8j49s2p7	"The Celebration of a Presidency: the Gerhard Casper Years 1992-2000" [videorecording]
http://www.oac.cdlib.org/findaid/ark:/13030/kt3580370s	"The Crimes of Brother Goose"
http://www.oac.cdlib.org/findaid/ark:/13030/kt7p3038g1	"The Development of the Stanford Museum, 1964-1988" Report
http://www.oac.cdlib.org/findaid/ark:/13030/kt8t1nf776	"The Hopkins Marine Station, Stanford University and its connections with L.R. Blinks"
http://www.oac.cdlib.org/findaid/ark:/13030/kt5k40373k	"The Life of Leland Stanford"
http://www.oac.cdlib.org/findaid/ark:/13030/kt0f59r7vn	"The Past and Present Future of Stanford's Library: But Will There Be Any Books?"
http://www.oac.cdlib.org/findaid/ark:/13030/kt0k4034tf	"The Real West: Empire Builders"
http://www.oac.cdlib.org/findaid/ark:/13030/kt896nf8d0	"The Sky Lark"
http://www.oac.cdlib.org/findaid/ark:/13030/kt4h4nf4d4	"The Stanford Campus: Architectural History in Microcosm" Syllabus and Student Papers
http://www.oac.cdlib.org/findaid/ark:/13030/kt8c6040gz	"The Stanford Century" Production Materials
http://www.oac.cdlib.org/findaid/ark:/13030/kt2s203572	"The Stanford Humanities Center Presents Allen Ginsberg"
http://www.oac.cdlib.org/findaid/ark:/13030/kt0r29r8wm	"The Uncommon Man: Dinner in Honor of Mr. Peter Bing, 1994" [videorecording]
http://www.oac.cdlib.org/findaid/ark:/13030/kt3f59r9c9	"The University in Society: Do the Ties Bind?" [videorecording]
http://www.oac.cdlib.org/findaid/ark:/13030/c8377b30	Theater Arts Department. Correspondence files of Kenneth Macgowan.
http://www.oac.cdlib.org/findaid/ark:/13030/c8kp82w6	Theater Arts Department. Minutes of meetings.
http://www.oac.cdlib.org/findaid/ark:/13030/c8z60qfs	Theater Arts Department. Publications.
http://www.oac.cdlib.org/findaid/ark:/13030/tf4j49n79k	Theater Collection
http://www.oac.cdlib.org/findaid/ark:/13030/tf0779n49x	Theater collection
http://www.oac.cdlib.org/findaid/ark:/13030/c88w3ck8	Theater in Los Angeles Scrapbook
http://www.oac.cdlib.org/findaid/ark:/13030/kt309nc3tc	Theater, Motion Picture, and Concert Programs Collection
http://www.oac.cdlib.org/findaid/ark:/13030/kt0t1nd8s1	Theater playbills
http://www.oac.cdlib.org/findaid/ark:/13030/kt2q2nb1j3	Theater Playbills Collection
http://www.oac.cdlib.org/findaid/ark:/13030/c81g0khd	Theater Program Collection
http://www.oac.cdlib.org/findaid/ark:/13030/kt7199r7f0	Theater Programs Collection
http://www.oac.cdlib.org/findaid/ark:/13030/kt296nf133	Theater Programs (Collection of)
http://www.oac.cdlib.org/findaid/ark:/13030/ft500003jp	Theater programs from East Germany
http://www.oac.cdlib.org/findaid/ark:/13030/tf367nb07n	Theater Scripts
http://www.oac.cdlib.org/findaid/ark:/13030/kt9b69q01j	Theater Scripts Collection
http://www.oac.cdlib.org/findaid/ark:/13030/kt0v19p7rt	Theatre and Arts Foundation of San Diego County. Records
http://www.oac.cdlib.org/findaid/ark:/13030/tf609nb19s	Theatre Collection
http://www.oac.cdlib.org/findaid/ark:/13030/tf5z09n9w8	Theatre Group. Production records.
http://www.oac.cdlib.org/findaid/ark:/13030/c8m61m00	Theatre Group. Publicity Records.
http://www.oac.cdlib.org/findaid/ark:/13030/c8n29z94	Theatre Rhinoceros Records
http://www.oac.cdlib.org/findaid/ark:/13030/tf4k4003x2	Theatrical Celebrities of the London Stage
http://www.oac.cdlib.org/findaid/ark:/13030/tf2k400284	Theberge (James Daniel) Papers
http://www.oac.cdlib.org/findaid/ark:/13030/kt9z09s54b	Thebom (Blanche) Collection
http://www.oac.cdlib.org/findaid/ark:/13030/c8zk5hgf	Theisen (Earl) Collection
http://www.oac.cdlib.org/findaid/ark:/13030/c81n81q7	Theisen (Earl) Collection on the History of Motion Pictures
http://www.oac.cdlib.org/findaid/ark:/13030/kt9m3nf3xm	Thelander (Hulda Evelyn) papers
http://www.oac.cdlib.org/findaid/ark:/13030/c83x87n6	Thelen (Ray) Papers.
http://www.oac.cdlib.org/findaid/ark:/13030/kt0779q0ds	Thematic Music Cue Sheets for Silent Films Collection
http://www.oac.cdlib.org/findaid/ark:/13030/kt696nf18x	Theobald (John R.) Collection
http://www.oac.cdlib.org/findaid/ark:/13030/tf058000g1	Theobald (Robert A.) Papers
http://www.oac.cdlib.org/findaid/ark:/13030/tf2h4n98kw	Theodore Dehone Judah Family Collection
http://www.oac.cdlib.org/findaid/ark:/13030/kt9w1029nk	Theodore P. Lukens Collection of Negatives
http://www.oac.cdlib.org/findaid/ark:/13030/c8959jj7	Theodore Roosevelt Camp #9 Collection
http://www.oac.cdlib.org/findaid/ark:/13030/c85h7h8p	Theodore Roosevelt Camp #9 Photograph Collection
http://www.oac.cdlib.org/findaid/ark:/13030/kt496nd9t0	Theodore Roosevelt on preparedness: a bibliography typescript
http://www.oac.cdlib.org/findaid/ark:/13030/tf2q2n99zc	There Was Light
http://www.oac.cdlib.org/findaid/ark:/13030/c8sx6chh	Thesaurus Linguae Graecae Project Records
http://www.oac.cdlib.org/findaid/ark:/13030/c82n53mw	Theta Kappa Phi Sorority. Active administrative files.
http://www.oac.cdlib.org/findaid/ark:/13030/c8xw4m52	Theta Kappa Phi Sorority. Active administrative files. RESTRICTED.
http://www.oac.cdlib.org/findaid/ark:/13030/c8jq12cv	Theta Kappa Phi Sorority. Alumnae Association Scrapbooks.
http://www.oac.cdlib.org/findaid/ark:/13030/c8pg1t2r	Theta Kappa Phi Sorority. Oral Histories
http://www.oac.cdlib.org/findaid/ark:/13030/c8t43vg3	Theta Kappa Phi Sorority. Sorority memorabilia, photographs, and scrapbooks.
http://www.oac.cdlib.org/findaid/ark:/13030/kt4z09r8vn	Thezan (Emmanuel) campaign platform
http://www.oac.cdlib.org/findaid/ark:/13030/kt2z09r8s0	Thickens (Dudley) photographs
http://www.oac.cdlib.org/findaid/ark:/13030/c80v8c32	Thickens (Dudley) World Ship Society papers
http://www.oac.cdlib.org/findaid/ark:/13030/kt9b69s3jn	Thiedemann (Anneliese) interview
http://www.oac.cdlib.org/findaid/ark:/13030/kt8n39r1xk	Thieme (Darius)
http://www.oac.cdlib.org/findaid/ark:/13030/tf629005rs	Thiene (Paul) Collection, ca. 1909-1951
http://www.oac.cdlib.org/findaid/ark:/13030/tf5q2nb4fk	Thimann (Kenneth V.) papers
http://www.oac.cdlib.org/findaid/ark:/13030/kt058030vd	Thimme (Annelise) typescript
http://www.oac.cdlib.org/findaid/ark:/13030/kt30003502	thinkBIG: A Conference on International Women's Health and Human Rights Collection
http://www.oac.cdlib.org/findaid/ark:/13030/kt838nd445	Third World AIDS Advisory Task Force Records
http://www.oac.cdlib.org/findaid/ark:/13030/c86q20c9	Thirty South Latitude poem
http://www.oac.cdlib.org/findaid/ark:/13030/tf8580096q	This Indenture Tripartite...
http://www.oac.cdlib.org/findaid/ark:/13030/tf5g5004bd	This Otherwise Miserable Land : typescript
http://www.oac.cdlib.org/findaid/ark:/13030/kt5f59r99w	Thoennings (Johan) typescript
http://www.oac.cdlib.org/findaid/ark:/13030/tf7q2nb26m	Thomas (Alfred C.) Letters
http://www.oac.cdlib.org/findaid/ark:/13030/tf9k40072m	Thomas Andrew Bailey and Paul B. Ryan collection
http://www.oac.cdlib.org/findaid/ark:/13030/kt2s2020c8	Thomas (Annie) Papers
http://www.oac.cdlib.org/findaid/ark:/13030/kt5j49s1rv	Thomas Autograph Collection
http://www.oac.cdlib.org/findaid/ark:/13030/kt900038jn	Thomas B. Fordham Foundation records
http://www.oac.cdlib.org/findaid/ark:/13030/kt300030cb	Thomas (Bob) Papers
http://www.oac.cdlib.org/findaid/ark:/13030/kt2c6036n4	Thomas (Charles Sparks) Papers
http://www.oac.cdlib.org/findaid/ark:/13030/c8jq133p	Thomas (Danny) papers
http://www.oac.cdlib.org/findaid/ark:/13030/kt0c6034r3	Thomas Denigan, Sons &amp; Co.
http://www.oac.cdlib.org/findaid/ark:/13030/kt1j49r35b	Thomas (Donald R.) papers
http://www.oac.cdlib.org/findaid/ark:/13030/kt1j49r37c	Thomas (Elbert Duncan) radio broadcast transcripts
http://www.oac.cdlib.org/findaid/ark:/13030/tf858006cv	Thomas Family Papers
http://www.oac.cdlib.org/findaid/ark:/13030/kt5870359r	Thomas (Gerald C.) Papers
http://www.oac.cdlib.org/findaid/ark:/13030/kt1v19n82t	Thomas (Grace M.) Collection about Ralph Bunche
http://www.oac.cdlib.org/findaid/ark:/13030/k6f18wn3	Thomas H. Pigford papers
http://www.oac.cdlib.org/findaid/ark:/13030/kt5c60347w	Thomas (James O.) papers
http://www.oac.cdlib.org/findaid/ark:/13030/c8qv3ktk	Thomas (John Hudson) papers
http://www.oac.cdlib.org/findaid/ark:/13030/c8057hnm	Thomas (John Hunter) Notebooks
http://www.oac.cdlib.org/findaid/ark:/13030/kt896nb2tz	Thomas (John W.) China Relief Expedition Photographs Collection
http://www.oac.cdlib.org/findaid/ark:/13030/kt467nd9wc	Thomas (Lawrence Gregg) papers
http://www.oac.cdlib.org/findaid/ark:/13030/kt3489r7gx	Thomas (Mrs.Jerome B.) collection
http://www.oac.cdlib.org/findaid/ark:/13030/kt3j49q2zx	Thomas (Norman) Photograph Collection
http://www.oac.cdlib.org/findaid/ark:/13030/kt800035dt	Thomas (Peter and Donna) papers on the History of Papermaking in the Philippines
http://www.oac.cdlib.org/findaid/ark:/13030/c86w9c26	Thomas R. Carr collection on Boy Scouts of America, circa 1900s
http://www.oac.cdlib.org/findaid/ark:/13030/kt767nf1k7	Thomas (R. Murray) papers
http://www.oac.cdlib.org/findaid/ark:/13030/kt7k404017	Thomas Reid Associates Conservation Agreement for the California Tiger Salamander at Stanford University
http://www.oac.cdlib.org/findaid/ark:/13030/c869747x	Thomas (Robert (Bob)) Papers
http://www.oac.cdlib.org/findaid/ark:/13030/kt3x0nf35b	Thomas Stanford, ancestor of Leland Stanford, Typescript
http://www.oac.cdlib.org/findaid/ark:/13030/tf5g500737	Thomas (Stephen S.) Papers
http://www.oac.cdlib.org/findaid/ark:/13030/kt1870342d	Thomas (William Henry) Photograph Album
http://www.oac.cdlib.org/findaid/ark:/13030/c8416xt9	Thomason (Ivan J.) papers
http://www.oac.cdlib.org/findaid/ark:/13030/c8hx1c0d	Thompson (Arthur J.) photographs
http://www.oac.cdlib.org/findaid/ark:/13030/c81z433k	Thompson (Captain) poems and illustrations
http://www.oac.cdlib.org/findaid/ark:/13030/c8bv7fkw	Thompson (Captain William T.) papers
http://www.oac.cdlib.org/findaid/ark:/13030/kt0779q71g	Thompson (Charles J.) postcards
http://www.oac.cdlib.org/findaid/ark:/13030/kt4s2034mw	Thompson (Charles T.) papers
http://www.oac.cdlib.org/findaid/ark:/13030/tf129000tv	Thompson (DeWitt C.) Papers
http://www.oac.cdlib.org/findaid/ark:/13030/kt529034gj	Thompson (Dorothy Louise) miscellaneous papers
http://www.oac.cdlib.org/findaid/ark:/13030/kt8v19s10c	Thompson (Dorothy) miscellaneous papers
http://www.oac.cdlib.org/findaid/ark:/13030/kt4f59q29r	Thompson (Edmund B.) / Hawthorn House Collection
http://www.oac.cdlib.org/findaid/ark:/13030/kt5d5nc746	Thompson (Elsa K.) Papers
http://www.oac.cdlib.org/findaid/ark:/13030/c8cr5vvz	Thompson (Gregory Lee) Dissertation
http://www.oac.cdlib.org/findaid/ark:/13030/c8t43vd6	Thompson (Hadwick) Papers
http://www.oac.cdlib.org/findaid/ark:/13030/kt0w10198n	Thompson (Harlan H.) Papers
http://www.oac.cdlib.org/findaid/ark:/13030/tf167n985d	Thompson (Harold K.) Collection
http://www.oac.cdlib.org/findaid/ark:/13030/kt900039t8	Thompson (Henrietta) processed volume
http://www.oac.cdlib.org/findaid/ark:/13030/tf9k4007qf	Thompson (James W.) Papers
http://www.oac.cdlib.org/findaid/ark:/13030/tf7q2nb541	Thompson (Jim) Papers
http://www.oac.cdlib.org/findaid/ark:/13030/tf8w1009cw	Thompson (John W.) Scrapbook
http://www.oac.cdlib.org/findaid/ark:/13030/kt7779r844	Thompson (Leonard) papers
http://www.oac.cdlib.org/findaid/ark:/13030/c8dn46g2	Thompson (Merritt) Papers
http://www.oac.cdlib.org/findaid/ark:/13030/kt758036pw	Thompson (Paul J.) photographs
http://www.oac.cdlib.org/findaid/ark:/13030/kt596nf1qb	Thompson (Virginia McLean) and Richard Adloff papers
http://www.oac.cdlib.org/findaid/ark:/13030/kt7f59s3q8	Thompson (Wandalee) Collection of San Gabriel Mountains History
http://www.oac.cdlib.org/findaid/ark:/13030/kt2s2034j7	Thompson (Wayne) collection
http://www.oac.cdlib.org/findaid/ark:/13030/tf5489p0r2	Thompson (William B.) Papers
http://www.oac.cdlib.org/findaid/ark:/13030/kt4t1nb0c9	Thompson (William) Papers
http://www.oac.cdlib.org/findaid/ark:/13030/c83b61h9	Thomsen (Captain Dan) records and documents concerning Steam Tug Hercules
http://www.oac.cdlib.org/findaid/ark:/13030/kt058031zf	Thomson (David Croal) Papers
http://www.oac.cdlib.org/findaid/ark:/13030/c8bp03s2	Thomson (Marian) collection, circa 1900s
http://www.oac.cdlib.org/findaid/ark:/13030/kt800005zr	Thoreau (Henry D.) / Willson (Lawrence) Collection
http://www.oac.cdlib.org/findaid/ark:/13030/tf7489p1cg	Thoreau (Henry David) Letter and Engraving
http://www.oac.cdlib.org/findaid/ark:/13030/kt887036xg	Thorez (Maurice) letters
http://www.oac.cdlib.org/findaid/ark:/13030/tf4r29n71r	Thorlaksson (Steingrimur O.) Papers
http://www.oac.cdlib.org/findaid/ark:/13030/c8k64js9	Thornberg (Royden) Papers
http://www.oac.cdlib.org/findaid/ark:/13030/kt3s20264v	Thorne (Beowulf) Papers
http://www.oac.cdlib.org/findaid/ark:/13030/tf0779n3t6	Thorpe (Charles) Papers
http://www.oac.cdlib.org/findaid/ark:/13030/kt7q2nf5p0	Thorpe (Crayton) Photographs
http://www.oac.cdlib.org/findaid/ark:/13030/kt1j49n4r8	Thorpe (Maner L.) Collection
http://www.oac.cdlib.org/findaid/ark:/13030/kt738nf45t	Thorpe (Steve) photograph collection
http://www.oac.cdlib.org/findaid/ark:/13030/c88g8mxd	Thrasher (barkentine) logbook
http://www.oac.cdlib.org/findaid/ark:/13030/c84m9547	Three Mile Island Collection
http://www.oac.cdlib.org/findaid/ark:/13030/c8zk5j4c	Three Mile Island [videorecording]
http://www.oac.cdlib.org/findaid/ark:/13030/c8ns0vwb	Thresher (George P.) Negative Collection of the Southwest
http://www.oac.cdlib.org/findaid/ark:/13030/c8bk1dps	Thrilling and Tragic Account of a Perilous Journey Overland to California
http://www.oac.cdlib.org/findaid/ark:/13030/kt4w10330r	Thurgood Marshall College (University of California, San Diego) Provost. Records
http://www.oac.cdlib.org/findaid/ark:/13030/kt4779r7jx	Thurston (E. Coppee) papers
http://www.oac.cdlib.org/findaid/ark:/13030/c89k490d	Tian Chaoming papers
http://www.oac.cdlib.org/findaid/ark:/13030/c84m92zr	Tibbets Family Collection
http://www.oac.cdlib.org/findaid/ark:/13030/kt4d5nf36w	Tibbett (Lawrence) Collection
http://www.oac.cdlib.org/findaid/ark:/13030/tf2r29n6tj	Tibbetts (Sidney A.) Papers
http://www.oac.cdlib.org/findaid/ark:/13030/c84x5736	Tibbitts (H.C.) Photograph Collection
http://www.oac.cdlib.org/findaid/ark:/13030/c85141c8	Tibby (Ardella) papers
http://www.oac.cdlib.org/findaid/ark:/13030/kt7779p67t	Tibetan Manuscript Leaves
http://www.oac.cdlib.org/findaid/ark:/13030/kt9c6039qs	Tidball (Aneita) papers
http://www.oac.cdlib.org/findaid/ark:/13030/kt9z09s5dg	Tidwell (James N.) American Folklore Collection
http://www.oac.cdlib.org/findaid/ark:/13030/kt6b69r8s9	Tielicke (H.) typescript
http://www.oac.cdlib.org/findaid/ark:/13030/c8h41st6	Tiesler (Herbert H.) papers
http://www.oac.cdlib.org/findaid/ark:/13030/c8p55mfm	Tiesler (Herbert) papers
http://www.oac.cdlib.org/findaid/ark:/13030/c8jd4vrb	Tiesler (Herbert) papers
http://www.oac.cdlib.org/findaid/ark:/13030/kt6779s0pp	Tigers Youth Club records
http://www.oac.cdlib.org/findaid/ark:/13030/kt567nf0s7	Tijtgat (Edgard) printed material
http://www.oac.cdlib.org/findaid/ark:/13030/kt0779r45j	Tikhon, Patriarch of Moscow and all Russia letter
http://www.oac.cdlib.org/findaid/ark:/13030/tf3t1nb05j	Tilden (Douglas) Papers
http://www.oac.cdlib.org/findaid/ark:/13030/tf587004qs	Tilden (Gladys) Papers
http://www.oac.cdlib.org/findaid/ark:/13030/kt8580393v	Tilghman (B. Noah) Color Transparencies and Other Materials Documenting Antarctica
http://www.oac.cdlib.org/findaid/ark:/13030/c8t72kks	Tillack (Coralie Hewitt) Collection
http://www.oac.cdlib.org/findaid/ark:/13030/kt6c6013q2	Tiller (Ann Q.) papers on Juarez Távora
http://www.oac.cdlib.org/findaid/ark:/13030/tf6t1nb1s8	Tillie Lewis Foods Collection
http://www.oac.cdlib.org/findaid/ark:/13030/kt2s2032xz	Tillon (Charles) miscellaneous papers
http://www.oac.cdlib.org/findaid/ark:/13030/kt3k40338m	Tillotson (W. D.) memorandum
http://www.oac.cdlib.org/findaid/ark:/13030/kt196n99n4	Times Change Press political posters
http://www.oac.cdlib.org/findaid/ark:/13030/c8dj5gnz	Timme (Robert H.) interviews
http://www.oac.cdlib.org/findaid/ark:/13030/c8rf5vm4	Timmons (William E.) Papers, White House Central Files, 1969-1974
http://www.oac.cdlib.org/findaid/ark:/13030/kt958036x4	Timofievich (Anatolii Pavlovich) papers
http://www.oac.cdlib.org/findaid/ark:/13030/kt638nf49k	Timoshenko (Stephen) Papers
http://www.oac.cdlib.org/findaid/ark:/13030/kt8v19s2sr	Timpany (Charles R.) Collection
http://www.oac.cdlib.org/findaid/ark:/13030/kt7t1nd5m5	Tindale (Thomas K.) Japanese Papermaking Photographs
http://www.oac.cdlib.org/findaid/ark:/13030/c8vx0h9t	Tiner (Hugh M.) Papers
http://www.oac.cdlib.org/findaid/ark:/13030/kt8779s09m	Tinkler (Charles C.) papers
http://www.oac.cdlib.org/findaid/ark:/13030/kt7j49r9nb	Tinley (James Maddison) papers
http://www.oac.cdlib.org/findaid/ark:/13030/kt4j49r69s	Tirelis (Voldemars) diaries
http://www.oac.cdlib.org/findaid/ark:/13030/kt9f59s123	Tiro (Hasan Muhammad) papers
http://www.oac.cdlib.org/findaid/ark:/13030/kt0c60317w	Tirpitz (Alfred Peter Friedrich von) appeal
http://www.oac.cdlib.org/findaid/ark:/13030/c80v8bh1	Tirrel/Spear Collection
http://www.oac.cdlib.org/findaid/ark:/13030/kt4t1nf0m8	Tisa von der Schulenburg letters
http://www.oac.cdlib.org/findaid/ark:/13030/tf9f59p3c1	Tisi (Gennaro) Papers
http://www.oac.cdlib.org/findaid/ark:/13030/kt5w10322m	Tiso (Stefan) diary
http://www.oac.cdlib.org/findaid/ark:/13030/kt3f59p4wr	Tissarevskaia (Ol'ga) Papers
http://www.oac.cdlib.org/findaid/ark:/13030/kt7s20381z	Title XX, USC Training Series, Child Protective Services training materials
http://www.oac.cdlib.org/findaid/ark:/13030/kt3b69r6c6	Tittle (Walter) portraits
http://www.oac.cdlib.org/findaid/ark:/13030/tf2x0n998b	Titulescu (Nicolae) Papers
http://www.oac.cdlib.org/findaid/ark:/13030/kt7z09p7mk	Titus (Charles H.) Papers
http://www.oac.cdlib.org/findaid/ark:/13030/kt1000376h	Tkhilaishvili (Aleksandr Dursunovich) photographic collection
http://www.oac.cdlib.org/findaid/ark:/13030/c85h7fkw	Tlaxcala Excise Tax Records, 1780 and 1804
http://www.oac.cdlib.org/findaid/ark:/13030/kt4r29r72z	To the civilized world! printed material
http://www.oac.cdlib.org/findaid/ark:/13030/kt429035ms	"To Touch History: Gorbachev at Stanford"
http://www.oac.cdlib.org/findaid/ark:/13030/c89025gd	Tobacco Control
http://www.oac.cdlib.org/findaid/ark:/13030/ft1t1n99c9	The Tobacco Free Project
http://www.oac.cdlib.org/findaid/ark:/13030/ft838nb5kh	Tobacco Free Project, San Francisco Department of Public Health Records
http://www.oac.cdlib.org/findaid/ark:/13030/c89c6zng	Tobey C. Moss Gallery records on Lorser Feitelson and Helen Lundeburg
http://www.oac.cdlib.org/findaid/ark:/13030/tf558006cx	Tobias (Harry) Collection
http://www.oac.cdlib.org/findaid/ark:/13030/c89g5nfq	Tobis (Jerome) Papers
http://www.oac.cdlib.org/findaid/ark:/13030/ft0z09n428	Toch (Ernst) Archive
http://www.oac.cdlib.org/findaid/ark:/13030/kt6f59r8pd	Todd (Arthur) Dance collection
http://www.oac.cdlib.org/findaid/ark:/13030/kt8j49s0cm	Todd (Carlos) newspaper articles
http://www.oac.cdlib.org/findaid/ark:/13030/tf3q2nb0zs	Todd (David K.) Papers
http://www.oac.cdlib.org/findaid/ark:/13030/c81c1vjh	Todd (John) and Olga Taussky-Todd papers
http://www.oac.cdlib.org/findaid/ark:/13030/kt1d5nd89g	Todd (Laurence) typescript
http://www.oac.cdlib.org/findaid/ark:/13030/kt2199r429	Todd (O.J.) Collection -- Yellow River Dam Project, China
http://www.oac.cdlib.org/findaid/ark:/13030/tf896nb2wn	Todd (Oliver J.) Papers
http://www.oac.cdlib.org/findaid/ark:/13030/c8d22031	Toddy Pictures Company collection
http://www.oac.cdlib.org/findaid/ark:/13030/kt0k4032b7	Toegel (Stanislaw) cartoons
http://www.oac.cdlib.org/findaid/ark:/13030/kt2r29p551	Toews (Emil O.) Collection of Material about Georg Kerschensteiner
http://www.oac.cdlib.org/findaid/ark:/13030/tf309nb20p	Togawa (Akira) Papers
http://www.oac.cdlib.org/findaid/ark:/13030/tf2q2n98vb	Togolese Subject Collection
http://www.oac.cdlib.org/findaid/ark:/13030/kt7q2nc0jm	Tokarev (Timofei Fedotovich) Papers
http://www.oac.cdlib.org/findaid/ark:/13030/kt1199r6j6	Toklas (Alice B.) Letters to Donald H. Frank
http://www.oac.cdlib.org/findaid/ark:/13030/kt3j49r8cg	Tokmakoff (George) papers
http://www.oac.cdlib.org/findaid/ark:/13030/kt2779r3nx	Tokyo Daigaku statement
http://www.oac.cdlib.org/findaid/ark:/13030/tf7779n8rr	Toledano (Ralph de) Papers
http://www.oac.cdlib.org/findaid/ark:/13030/kt2489r8kn	Toledo (Alejandro), President of Peru, Election Ephemera
http://www.oac.cdlib.org/findaid/ark:/13030/kt3b69r6bp	Toler (H. Les) collection
http://www.oac.cdlib.org/findaid/ark:/13030/kt829037hf	Toller (Ernst) appeal
http://www.oac.cdlib.org/findaid/ark:/13030/kt0t1nb6h1	Tolmachev (Vladimir Iakovlevich) Papers
http://www.oac.cdlib.org/findaid/ark:/13030/tf7j49n99g	Tolman (Edward C.) Papers: re loyalty oath controversy
http://www.oac.cdlib.org/findaid/ark:/13030/tf4w1003fs	Tolman (Richard C.) papers
http://www.oac.cdlib.org/findaid/ark:/13030/c8xd13td	Tolna Megyei Tanács records
http://www.oac.cdlib.org/findaid/ark:/13030/kt7m3nf296	Tolstaia (Mariia Alekseevna) typescript
http://www.oac.cdlib.org/findaid/ark:/13030/kt087028dr	Tolstaia (S.A.) diary
http://www.oac.cdlib.org/findaid/ark:/13030/kt100033c5	Tolstoi (M. P.) miscellaneous papers
http://www.oac.cdlib.org/findaid/ark:/13030/kt6m3nc091	Tolstov (Sergei Sergeevich) Papers
http://www.oac.cdlib.org/findaid/ark:/13030/tf767nb207	Tolstoy (Leo, Graf) Miscellaneous Papers
http://www.oac.cdlib.org/findaid/ark:/13030/kt609nf6cx	Tom Killefer, 1917-1996 Biography
http://www.oac.cdlib.org/findaid/ark:/13030/tf4g5003xd	Tom Mooney Molders' Defense Committee Collection
http://www.oac.cdlib.org/findaid/ark:/13030/kt087022kf	Tom (William S.) Photographs
http://www.oac.cdlib.org/findaid/ark:/13030/kt7b69r7s4	Toman (Jiri) papers
http://www.oac.cdlib.org/findaid/ark:/13030/kt0870307r	Tomasevich (Jozo) papers
http://www.oac.cdlib.org/findaid/ark:/13030/kt529034h2	Tomasic (Dinko) papers
http://www.oac.cdlib.org/findaid/ark:/13030/kt3p3034fb	Tomaszewski (Tadeusz Roman) typescript
http://www.oac.cdlib.org/findaid/ark:/13030/tf9t1nb47c	Tombs (Nellie M.) Papers
http://www.oac.cdlib.org/findaid/ark:/13030/kt5w1036c6	Tomes (Joseph) Papers
http://www.oac.cdlib.org/findaid/ark:/13030/kt7v19r9vd	Tomilov (P. A.) typescript
http://www.oac.cdlib.org/findaid/ark:/13030/tf4489n73v	Tomlinson (Henry M.) Papers
http://www.oac.cdlib.org/findaid/ark:/13030/kt0x0nf2h3	Tomlinson, Ralph L. (toy collection)
http://www.oac.cdlib.org/findaid/ark:/13030/tf896nb2n1	TOMO Foundation Collection
http://www.oac.cdlib.org/findaid/ark:/13030/kt958006xs	Tompkins (Walker A.) Collection
http://www.oac.cdlib.org/findaid/ark:/13030/tf9x0nb450	Tone (John H.) Family Collection
http://www.oac.cdlib.org/findaid/ark:/13030/c8m907zn	Tongass (steam schooner) logbooks
http://www.oac.cdlib.org/findaid/ark:/13030/kt7779r0hz	Tonsor (Stephen J.) Papers
http://www.oac.cdlib.org/findaid/ark:/13030/kt1d5nd9bg	Too (C. C.) processed volume
http://www.oac.cdlib.org/findaid/ark:/13030/ft2b69n7k5	Tooker (Richard) Photographs
http://www.oac.cdlib.org/findaid/ark:/13030/tf767nb5qj	Toole-Stott Circus Collection
http://www.oac.cdlib.org/findaid/ark:/13030/ft329003hn	Toole-Stott (Raymond) / Maugham (W. Somerset) Collection
http://www.oac.cdlib.org/findaid/ark:/13030/tf7w1008h5	Toor (Frances) Papers
http://www.oac.cdlib.org/findaid/ark:/13030/kt5489q92v	Toparovsky (Simon) papers
http://www.oac.cdlib.org/findaid/ark:/13030/kt8199s1kx	Topaz (Aizik Berkovich) discharge certificate
http://www.oac.cdlib.org/findaid/ark:/13030/tf496nb351	Topolobampo Collection
http://www.oac.cdlib.org/findaid/ark:/13030/kt709nf53m	Topolobampo, Sinaloa, Mexico collection
http://www.oac.cdlib.org/findaid/ark:/13030/kt1q2nd7bg	Topolski (Fryderyk) typescript
http://www.oac.cdlib.org/findaid/ark:/13030/c8vm4ct9	Topping, William Hill, Diariess
http://www.oac.cdlib.org/findaid/ark:/13030/c8wd41d1	Torchia (Joseph) papers
http://www.oac.cdlib.org/findaid/ark:/13030/c8125v50	Torgersen (Olaf) Collection
http://www.oac.cdlib.org/findaid/ark:/13030/kt7s20357m	Toronto telegram printed articles
http://www.oac.cdlib.org/findaid/ark:/13030/c86w99dv	Torrence (Jackie) Collection
http://www.oac.cdlib.org/findaid/ark:/13030/tf5k40086x	Torres (Arnold) Papers
http://www.oac.cdlib.org/findaid/ark:/13030/ft787006fm	Torres (Art) Papers
http://www.oac.cdlib.org/findaid/ark:/13030/kt1q2nd7c0	Torres Quintero (M. Gregorio) commission
http://www.oac.cdlib.org/findaid/ark:/13030/kt1779r54t	Torres-Garcia (Joaquin) Papers
http://www.oac.cdlib.org/findaid/ark:/13030/c8rf5w7m	Torrey Canyon Oil Company properties in Ventura County, California photograph album
http://www.oac.cdlib.org/findaid/ark:/13030/kt6z09s2g4	Tosti (Don) Papers
http://www.oac.cdlib.org/findaid/ark:/13030/tf1c6001r8	Totheroh (Dan) Papers
http://www.oac.cdlib.org/findaid/ark:/13030/tf6q2nb227	Totheroh (Dan) Papers - Portraits
http://www.oac.cdlib.org/findaid/ark:/13030/c8m61kz4	Totheroh (Rollie) Collection
http://www.oac.cdlib.org/findaid/ark:/13030/kt9p3015qx	Totomiants (Vakhan Fomich) Papers
http://www.oac.cdlib.org/findaid/ark:/13030/c8k9367n	Toulmin Estate papers
http://www.oac.cdlib.org/findaid/ark:/13030/c8w66nwf	Toulmin (Stephen E.) papers
http://www.oac.cdlib.org/findaid/ark:/13030/c8cf9r38	Tour in Algeria
http://www.oac.cdlib.org/findaid/ark:/13030/c8kw5gsr	Tourist Photograph Albums, ca. 1890
http://www.oac.cdlib.org/findaid/ark:/13030/c80k29s5	Tournament of Roses Parade (11th Annual) photograph album
http://www.oac.cdlib.org/findaid/ark:/13030/c88w3dzm	Touton (Rush D.) Tobacco Collection
http://www.oac.cdlib.org/findaid/ark:/13030/kt6q2nf5x9	Tovar (Nancy) Murals of East Los Angeles Slide Collection
http://www.oac.cdlib.org/findaid/ark:/13030/tf0k4000gn	Tower Bridge (Sacramento, Calif.) Collection
http://www.oac.cdlib.org/findaid/ark:/13030/kt1j49r34t	Tower of Peace radio broadcasts
http://www.oac.cdlib.org/findaid/ark:/13030/kt4j49r6b9	Tower (Raymond Camille) speech
http://www.oac.cdlib.org/findaid/ark:/13030/kt167nd71j	Towers (Roy L.) interviews
http://www.oac.cdlib.org/findaid/ark:/13030/c8hh6htk	Town and Gown Records (University of California, Irvine)
http://www.oac.cdlib.org/findaid/ark:/13030/tf1h4n989f	Towne and Bacon Printers Records
http://www.oac.cdlib.org/findaid/ark:/13030/c8d21zd8	Towne (Stuart S.) Collection
http://www.oac.cdlib.org/findaid/ark:/13030/kt6r29s3tg	Townley (Sidney Dean) Papers
http://www.oac.cdlib.org/findaid/ark:/13030/c85h7h4w	Towns (Royal E.) Papers
http://www.oac.cdlib.org/findaid/ark:/13030/kt8f59q47x	Townsend (Edward Davis) Collection
http://www.oac.cdlib.org/findaid/ark:/13030/kt3b69r5sx	Townsend Family Papers 1826-1914
http://www.oac.cdlib.org/findaid/ark:/13030/c8kd1w93	Townsend (Johnny) New Orleans Gay Men Photographs
http://www.oac.cdlib.org/findaid/ark:/13030/kt8p3008qm	Townsend National Recovery Plan Records
http://www.oac.cdlib.org/findaid/ark:/13030/kt5c60277w	Townsend (Patricia) Traditional Birth Attendants in Papua New Guinea Project materials
http://www.oac.cdlib.org/findaid/ark:/13030/c8fn14kr	Townsend Studio Performance/Art Photographs
http://www.oac.cdlib.org/findaid/ark:/13030/c861113v	Toy Magic Lantern Film Strips
http://www.oac.cdlib.org/findaid/ark:/13030/c8611149	Toy Projector Film Collection, ca. 1940s
http://www.oac.cdlib.org/findaid/ark:/13030/kt4489r674	Toynbee (Arnold Joseph) miscellaneous papers
http://www.oac.cdlib.org/findaid/ark:/13030/ft3s2002qv	Toyota family papers
http://www.oac.cdlib.org/findaid/ark:/13030/kt1p3034b5	Traaen (Carl Egeberg) sermons
http://www.oac.cdlib.org/findaid/ark:/13030/tf9g5009fm	Tract Maps and Cadastral Maps of Southern California Collection
http://www.oac.cdlib.org/findaid/ark:/13030/tf2m3nb0x9	Tract Maps (Los Angeles) Collection from a Real Estate Business Scrapbook
http://www.oac.cdlib.org/findaid/ark:/13030/kt196nd7xn	Trade and Advertising Card Collection
http://www.oac.cdlib.org/findaid/ark:/13030/kt8s201592	Trade Cards Collection
http://www.oac.cdlib.org/findaid/ark:/13030/kt2r29r9h1	Trade Catalog Additions
http://www.oac.cdlib.org/findaid/ark:/13030/c8794651	Trade Literature Collection
http://www.oac.cdlib.org/findaid/ark:/13030/c85d8qs7	Tradewell Middletown Collection
http://www.oac.cdlib.org/findaid/ark:/13030/kt987041sr	Traditions in Stanford Student Life
http://www.oac.cdlib.org/findaid/ark:/13030/c8057hwr	Trager (George) Papers
http://www.oac.cdlib.org/findaid/ark:/13030/kt0b69r524	Trail Smelter Arbitral Tribunal records
http://www.oac.cdlib.org/findaid/ark:/13030/c8x34z1g	Trailfinders collection
http://www.oac.cdlib.org/findaid/ark:/13030/c86111n1	Training Institute for Probation, Parole and Institutional Staff reports
http://www.oac.cdlib.org/findaid/ark:/13030/tf987006rh	Trainor (Joseph C.) Papers
http://www.oac.cdlib.org/findaid/ark:/13030/tf8f59p1tg	Tran (Paul) Files on Southeast Asian Refugees
http://www.oac.cdlib.org/findaid/ark:/13030/c8pk0dk5	Trannyshack Collection
http://www.oac.cdlib.org/findaid/ark:/13030/kt438nf4s6	Tranquada (Jim) Collection on the Divestment Movement at Stanford University
http://www.oac.cdlib.org/findaid/ark:/13030/kt3f59r94p	Tranquada (Robert E.) Papers
http://www.oac.cdlib.org/findaid/ark:/13030/c86t0ngs	Tranquada (Robert E.) papers
http://www.oac.cdlib.org/findaid/ark:/13030/kt7w103756	Trans-Atlantic Conference on East-West Trade records
http://www.oac.cdlib.org/findaid/ark:/13030/c85q4wrf	Transgender San Francisco Collection
http://www.oac.cdlib.org/findaid/ark:/13030/kt3m3nc65x	Transit Reference Collection
http://www.oac.cdlib.org/findaid/ark:/13030/kt5v19r870	Transition to Constitutional Democracy and Market Economy in Poland conference proceedings
http://www.oac.cdlib.org/findaid/ark:/13030/c8hm59tr	Transportation and Traffic Engineering (Institute of). Publications.
http://www.oac.cdlib.org/findaid/ark:/13030/kt0489r5xr	Transportation Commission Records
http://www.oac.cdlib.org/findaid/ark:/13030/kt8j49s3v9	Transportation companies receipts
http://www.oac.cdlib.org/findaid/ark:/13030/c84b3205	Transportation Photo Collection
http://www.oac.cdlib.org/findaid/ark:/13030/c8q52q7b	Transports and Battleships logbook and a logbook of vessel disasters
http://www.oac.cdlib.org/findaid/ark:/13030/kt1m3nd8v2	Trapp (Lawrence R.) papers
http://www.oac.cdlib.org/findaid/ark:/13030/kt5h4nf669	Trask Family Chinese Correspondence Collection
http://www.oac.cdlib.org/findaid/ark:/13030/c8qv3nrh	Traubel (Helen) Collection
http://www.oac.cdlib.org/findaid/ark:/13030/c8639qz2	Travel Scrapbook Collection
http://www.oac.cdlib.org/findaid/ark:/13030/kt6j49r82r	Travelers Aid Society of San Diego Records
http://www.oac.cdlib.org/findaid/ark:/13030/kt0489r64b	Travelers Aid Society of San Francisco Records
http://www.oac.cdlib.org/findaid/ark:/13030/tf009n97qk	Traven (B.) Collection
http://www.oac.cdlib.org/findaid/ark:/13030/tf238nb0sz	Traven (B.) Collection of Material
http://www.oac.cdlib.org/findaid/ark:/13030/c8988611	Traver Family Papers
http://www.oac.cdlib.org/findaid/ark:/13030/kt896nb2sf	Travis (Helen Levi) Papers
http://www.oac.cdlib.org/findaid/ark:/13030/kt058030wx	Travis (Joseph William) papers
http://www.oac.cdlib.org/findaid/ark:/13030/kt467nf1wz	Travis (Martin Bice) Papers
http://www.oac.cdlib.org/findaid/ark:/13030/kt396nf0wt	Travis (Maury M.) Collection
http://www.oac.cdlib.org/findaid/ark:/13030/tf0v19n4wn	Travis-Cook Family Papers
http://www.oac.cdlib.org/findaid/ark:/13030/c8d50nq7	Traylor (Teddy G.) Papers
http://www.oac.cdlib.org/findaid/ark:/13030/kt3s2033cg	Treadwell (David K.) Genealogical Collection
http://www.oac.cdlib.org/findaid/ark:/13030/kt7s2034tx	Treanor (John) Papers of the San Diego Water Company, Water Resources Collection
http://www.oac.cdlib.org/findaid/ark:/13030/tf7p3005fc	Treasurer Office Records
http://www.oac.cdlib.org/findaid/ark:/13030/tf5k4004xv	Treat (Archibald J) Papers
http://www.oac.cdlib.org/findaid/ark:/13030/kt9h4nf651	Treat (Archibald J.) Photograph collection
http://www.oac.cdlib.org/findaid/ark:/13030/kt2k4036jw	Treat (Payson J.) Papers
http://www.oac.cdlib.org/findaid/ark:/13030/tf709nb1vc	Treat (Payson J.) Papers
http://www.oac.cdlib.org/findaid/ark:/13030/kt038nc9nd	Trebay (Guy) Collection of Fashion Ephemera
http://www.oac.cdlib.org/findaid/ark:/13030/tf187001s4	Trefethen (Eugene E.) Papers
http://www.oac.cdlib.org/findaid/ark:/13030/c86w9bv3	Treiguts (Ernests) collection
http://www.oac.cdlib.org/findaid/ark:/13030/kt800035qg	Treint (Albert) typescript
http://www.oac.cdlib.org/findaid/ark:/13030/kt287032sm	Trelawny (Edward John) Collection
http://www.oac.cdlib.org/findaid/ark:/13030/kt8q2nf2f7	Treloar (George D.) diary
http://www.oac.cdlib.org/findaid/ark:/13030/kt196nd7p1	Tremaine (Frank) printed material
http://www.oac.cdlib.org/findaid/ark:/13030/kt4779s0ff	Tremaine (Katharine W.) Collection
http://www.oac.cdlib.org/findaid/ark:/13030/tf5b69p0j8	Trench (Herbert) Letter
http://www.oac.cdlib.org/findaid/ark:/13030/kt2k4036xk	Trend (Harry G.) writings
http://www.oac.cdlib.org/findaid/ark:/13030/c88s4qj9	Trent (Darrell) Papers, White House Central Files, 1969-1974
http://www.oac.cdlib.org/findaid/ark:/13030/kt367nd9xk	Trent (Evelyn) papers
http://www.oac.cdlib.org/findaid/ark:/13030/kt6q2nf73v	Trepte Construction Company Building Project Records
http://www.oac.cdlib.org/findaid/ark:/13030/kt2h4nf2dj	Tresidder (Donald B.) Photograph Albums
http://www.oac.cdlib.org/findaid/ark:/13030/kt7r29s0xw	Tresidder (Donald B.): Stanford's Overlooked Treasure
http://www.oac.cdlib.org/findaid/ark:/13030/kt700038vp	Tresidder (Donald Bertrand) Christmas Cards
http://www.oac.cdlib.org/findaid/ark:/13030/kt6g503737	Tresidder (Donald Bertrand) Letter
http://www.oac.cdlib.org/findaid/ark:/13030/kt4z09s0pn	Tresidder (Donald Bertrand), President of Stanford University, Records
http://www.oac.cdlib.org/findaid/ark:/13030/kt9t1nf86g	Tresidder (Mary Curry) Diary
http://www.oac.cdlib.org/findaid/ark:/13030/kt309nf3r7	Tresidder Memorial Union
http://www.oac.cdlib.org/findaid/ark:/13030/kt009nf031	Tressider (Mary Curry) Letter to Alice N. Hays
http://www.oac.cdlib.org/findaid/ark:/13030/tf409nb2g7	Tresun, Irene Daniel (UCLA 1939). Student memorabilia.
http://www.oac.cdlib.org/findaid/ark:/13030/c8js9r1c	Tretter (Jean-Nickolaus) Night Rivers audiocassette collection
http://www.oac.cdlib.org/findaid/ark:/13030/tf6t1nb1ts	Trevino (Jesus) Papers
http://www.oac.cdlib.org/findaid/ark:/13030/kt1b69r7wt	Trevor (Claire) Memorabilia
http://www.oac.cdlib.org/findaid/ark:/13030/kt7h4nf2m6	Trevor-Roper (H. R. (Hugh Redwald)) sound recording
http://www.oac.cdlib.org/findaid/ark:/13030/kt2q2nf2w3	Trianon Press collection of material
http://www.oac.cdlib.org/findaid/ark:/13030/kt5m3nf0zf	Tribe (Mattie) typescript
http://www.oac.cdlib.org/findaid/ark:/13030/kt4w103449	Tribunal arbitral issuances
http://www.oac.cdlib.org/findaid/ark:/13030/kt3779s17h	A Tribute to Edward l. Ginzton Ephemera
http://www.oac.cdlib.org/findaid/ark:/13030/kt309nf4ws	Tribute to Peter Bing [videorecording]
http://www.oac.cdlib.org/findaid/ark:/13030/tf5n39p020	Trieb (Martin H.) Papers
http://www.oac.cdlib.org/findaid/ark:/13030/kt4r29r5xx	Trierich (Paul) papers
http://www.oac.cdlib.org/findaid/ark:/13030/c89z93vt	The Trimountain Bugle newsletter
http://www.oac.cdlib.org/findaid/ark:/13030/kt667nf146	Trinadtsat' let oktiabria mimeograph
http://www.oac.cdlib.org/findaid/ark:/13030/tf600004b0	Trinity Church Collection
http://www.oac.cdlib.org/findaid/ark:/13030/tf3p3002qt	Trinity Dredging Company Papers
http://www.oac.cdlib.org/findaid/ark:/13030/kt4j49q904	Trinkkeller (Edward G.) Papers, 1896-1999 (bulk 1905-1945)
http://www.oac.cdlib.org/findaid/ark:/13030/kt9p304110	A trip around the world typescript
http://www.oac.cdlib.org/findaid/ark:/13030/tf4c600848	A Trip to California, 1887-1889 - Views
http://www.oac.cdlib.org/findaid/ark:/13030/tf8n39p0m6	Trip to Mining Sites in Mexico - Album
http://www.oac.cdlib.org/findaid/ark:/13030/c8ms3tqh	Trippel (E. J.) Interview With Thomas Gates
http://www.oac.cdlib.org/findaid/ark:/13030/kt6g50359c	Trjitzinsky (Joseph S.) papers
http://www.oac.cdlib.org/findaid/ark:/13030/tf209n985d	Troendle (Lois G.C.) Papers
http://www.oac.cdlib.org/findaid/ark:/13030/kt967nc2z4	Trollope (Anthony) Letters
http://www.oac.cdlib.org/findaid/ark:/13030/kt3489n84w	Trollope Family Papers
http://www.oac.cdlib.org/findaid/ark:/13030/c8765cr2	Tropico and Glendale Promotional Brochures
http://www.oac.cdlib.org/findaid/ark:/13030/tf8c600652	Trotsky Colloqium Papers
http://www.oac.cdlib.org/findaid/ark:/13030/tf296n98nm	Trotsky (Leon) Collection
http://www.oac.cdlib.org/findaid/ark:/13030/kt4d5nf1km	Trotsky video tape
http://www.oac.cdlib.org/findaid/ark:/13030/kt358033w9	Trott (Margaret Akers) typescript
http://www.oac.cdlib.org/findaid/ark:/13030/c80865vt	Troyer, William L. Diaries
http://www.oac.cdlib.org/findaid/ark:/13030/kt4g502159	Trubetskoi (Grigorii Nikolaevich) Papers
http://www.oac.cdlib.org/findaid/ark:/13030/kt1n39r5v9	Trubetskoi (Kniaz Mikhail Nikolaevich) papers
http://www.oac.cdlib.org/findaid/ark:/13030/kt3j49r89f	Trubetskoi (Vladimir S.) typescript
http://www.oac.cdlib.org/findaid/ark:/13030/kt1199r4cn	Trudeau (Pierre Elliott) speeches
http://www.oac.cdlib.org/findaid/ark:/13030/c8xw4mj0	Trudell (Clyde F.) Collection.
http://www.oac.cdlib.org/findaid/ark:/13030/kt7n39p1mq	Trudgett (R. Dudley) Collection, 1932-1985
http://www.oac.cdlib.org/findaid/ark:/13030/kt458033bb	True (Arnold E.) papers
http://www.oac.cdlib.org/findaid/ark:/13030/kt8779r97g	True (Gordon Haines) Papers
http://www.oac.cdlib.org/findaid/ark:/13030/c8416xk5	Truett, George Washington Truett: Papers on Microfiche
http://www.oac.cdlib.org/findaid/ark:/13030/kt2p3031m5	Trujillo (Robert) interview
http://www.oac.cdlib.org/findaid/ark:/13030/c8dv1hw3	Truman (Benjamin Cummings) Scrapbooks
http://www.oac.cdlib.org/findaid/ark:/13030/tf487005d9	Trumbo (Dalton) Papers
http://www.oac.cdlib.org/findaid/ark:/13030/kt9p3037cm	Truth about communism motion picture film
http://www.oac.cdlib.org/findaid/ark:/13030/kt9489s0kd	Truth about Croatia video tape
http://www.oac.cdlib.org/findaid/ark:/13030/kt8779s083	Truth about Cuba Committee issuances
http://www.oac.cdlib.org/findaid/ark:/13030/c85m66hr	Truth about Pocahontas: A Love Story, by Bryan, Paul M.
http://www.oac.cdlib.org/findaid/ark:/13030/kt709nf298	Trybuna ludu newspaper issue
http://www.oac.cdlib.org/findaid/ark:/13030/kt1t1nd830	Trynin (Ben) correspondence
http://www.oac.cdlib.org/findaid/ark:/13030/kt2d5nf29b	Tryout Theatre collection of radio plays
http://www.oac.cdlib.org/findaid/ark:/13030/kt8w10366j	Tsai (Meng-gian) papers
http://www.oac.cdlib.org/findaid/ark:/13030/kt0199r6fb	Tsang (Matthew), "Auctoritas and potestas: the art of balance in the architecture of Stanford University"
http://www.oac.cdlib.org/findaid/ark:/13030/kt7f59s07k	Tschebotarioff (Gregory Porphyriewitch) correspondence
http://www.oac.cdlib.org/findaid/ark:/13030/kt967nf411	Tschechoslovakische Nachrichten mimeograph
http://www.oac.cdlib.org/findaid/ark:/13030/tf6199n7q4	Tschichold (Jan and Edith) Papers
http://www.oac.cdlib.org/findaid/ark:/13030/kt0w1032d7	TSeklinskii family papers
http://www.oac.cdlib.org/findaid/ark:/13030/kt4q2nd9rk	Tsing Hua Alumni Association circular
http://www.oac.cdlib.org/findaid/ark:/13030/kt4b69r7c0	Tsipouras (Mary W.) memoir
http://www.oac.cdlib.org/findaid/ark:/13030/kt3j49r8d0	TSitlidze (Artem Dmitrievich) indictment
http://www.oac.cdlib.org/findaid/ark:/13030/kt1t1nd82g	TSK KPSS. Prezidium miscellaneous records
http://www.oac.cdlib.org/findaid/ark:/13030/kt5r29r7h0	TSK VKP(b) resolution
http://www.oac.cdlib.org/findaid/ark:/13030/c8rf5vrx	Tsui (Kitty) papers
http://www.oac.cdlib.org/findaid/ark:/13030/kt8j49q5dn	Tsunami Press Archive
http://www.oac.cdlib.org/findaid/ark:/13030/kt2x0nb15q	Tsuneishi (Shisei) Papers
http://www.oac.cdlib.org/findaid/ark:/13030/kt229032s9	TSurikov (N. A.) papers
http://www.oac.cdlib.org/findaid/ark:/13030/kt0x0nd9jj	Tuban (Mark R.) collection
http://www.oac.cdlib.org/findaid/ark:/13030/tf90000905	Tubbs Family Photographs
http://www.oac.cdlib.org/findaid/ark:/13030/c8jm28mt	Tuchman (Phyllis) Interviews with Artists
http://www.oac.cdlib.org/findaid/ark:/13030/kt809nf69h	Tuck (William Hallam) papers
http://www.oac.cdlib.org/findaid/ark:/13030/kt3f59r804	Tucker (Marcia) Papers
http://www.oac.cdlib.org/findaid/ark:/13030/c89w0cwg	Tucker (Nancy M.) Philadelphia Reminder Day Photographs
http://www.oac.cdlib.org/findaid/ark:/13030/c81g0kjv	Tucker (Warren) Photograph Albums
http://www.oac.cdlib.org/findaid/ark:/13030/kt5p3035xp	Tucker (Warren) Photograph Albums
http://www.oac.cdlib.org/findaid/ark:/13030/kt9870412w	Tucker (William Henry) Photograph Album
http://www.oac.cdlib.org/findaid/ark:/13030/tf2j49n5h3	Tudor (David) papers
http://www.oac.cdlib.org/findaid/ark:/13030/kt28702559	Tudor Engineering Company Records
http://www.oac.cdlib.org/findaid/ark:/13030/c85t3m6m	Tufaro (Richard C.) Papers, White House Special Files, 1972-1973
http://www.oac.cdlib.org/findaid/ark:/13030/kt3g5037vp	Tuft (Captain James ) papers
http://www.oac.cdlib.org/findaid/ark:/13030/c8542pcd	Tuganova (O. E.) papers
http://www.oac.cdlib.org/findaid/ark:/13030/kt5h4nc86c	Tulancingo (Hildago, Mexico) Manuscript Collection
http://www.oac.cdlib.org/findaid/ark:/13030/kt7g50386k	Tulare County Sesquicentennial Photograph Collection
http://www.oac.cdlib.org/findaid/ark:/13030/tf9h4nb3dh	Tule Lake Relocation Center
http://www.oac.cdlib.org/findaid/ark:/13030/c8668dr9	Tulloch (Ethel) Papers
http://www.oac.cdlib.org/findaid/ark:/13030/kt787034zq	Tullock (Gordon) papers
http://www.oac.cdlib.org/findaid/ark:/13030/tf0199n3ms	Tully (Gene) Papers
http://www.oac.cdlib.org/findaid/ark:/13030/kt3n39r6bn	Tully (J. M.) papers
http://www.oac.cdlib.org/findaid/ark:/13030/kt987022gp	Tully (Jim) papers
http://www.oac.cdlib.org/findaid/ark:/13030/kt3q2nd82f	Tumanov (I.) holograph
http://www.oac.cdlib.org/findaid/ark:/13030/kt0k4032cr	Tunaya (Tarik Zafer) typescript
http://www.oac.cdlib.org/findaid/ark:/13030/kt6m3nf32r	Tung (Julia) collection
http://www.oac.cdlib.org/findaid/ark:/13030/kt829015ch	Tunisia Photograph Album
http://www.oac.cdlib.org/findaid/ark:/13030/kt0x0nd9k2	Tunisian subject collection
http://www.oac.cdlib.org/findaid/ark:/13030/tf2h4nb2dv	Tuolumne Co. (Calif.) Gold Rush Papers
http://www.oac.cdlib.org/findaid/ark:/13030/tf7j49n9p5	Tuolumne County Records
http://www.oac.cdlib.org/findaid/ark:/13030/kt3s20213x	Tuolumne County Water Company Records
http://www.oac.cdlib.org/findaid/ark:/13030/tf8s2006cs	Tuolumne County Water Company Records
http://www.oac.cdlib.org/findaid/ark:/13030/kt3489n64x	Tuolumne River Preservation Trust Records
http://www.oac.cdlib.org/findaid/ark:/13030/kt6b69r8q8	Tupitsyn (Gennadii Ivanovich) papers
http://www.oac.cdlib.org/findaid/ark:/13030/kt9x0nf3sh	Tupper (Gene) photographs
http://www.oac.cdlib.org/findaid/ark:/13030/kt400018b3	Tupper (Jeanne) Collection about Jane Austen
http://www.oac.cdlib.org/findaid/ark:/13030/tf7t1nb2cv	Turauskas (Edvardas) Papers
http://www.oac.cdlib.org/findaid/ark:/13030/c85t3m8h	Turin, Italy Photograph album
http://www.oac.cdlib.org/findaid/ark:/13030/kt1v19r70n	Turkey Press Broadside Collection
http://www.oac.cdlib.org/findaid/ark:/13030/kt15803218	Turkish Conference proceedings
http://www.oac.cdlib.org/findaid/ark:/13030/c8rx9dg9	Turkish manuscripts collection
http://www.oac.cdlib.org/findaid/ark:/13030/tf1n39n4pj	Turkish subject collection
http://www.oac.cdlib.org/findaid/ark:/13030/kt7h4nf3rr	Turkish Wilsonian League letter
http://www.oac.cdlib.org/findaid/ark:/13030/kt6r29r1t2	Turkul (A. V. (Anton Vasil'evich)) Papers
http://www.oac.cdlib.org/findaid/ark:/13030/kt2h4nb16m	Turman (Lawrence) Papers
http://www.oac.cdlib.org/findaid/ark:/13030/kt2h4nc4n7	Turn Toward Peace Records
http://www.oac.cdlib.org/findaid/ark:/13030/c88p6274	Turnabout Theatre Collection
http://www.oac.cdlib.org/findaid/ark:/13030/tf2t1nb1jd	Turnbull (Gael). Letters to Cid Corman and Misc. Papers
http://www.oac.cdlib.org/findaid/ark:/13030/kt5s20213j	Turnbull (William Jr.)/MLTW Collection, 1959-1997
http://www.oac.cdlib.org/findaid/ark:/13030/tf4t1nb36t	Turner (Arthur A.) Papers
http://www.oac.cdlib.org/findaid/ark:/13030/kt5199r16v	Turner (Daniel) Papers
http://www.oac.cdlib.org/findaid/ark:/13030/kt8f59q629	Turner Family Album
http://www.oac.cdlib.org/findaid/ark:/13030/c8ww7jg3	Turner (Florence) (1888?-1946) Collection, 1915-1933
http://www.oac.cdlib.org/findaid/ark:/13030/c8d21w1h	Turner (Florence) Scrapbooks
http://www.oac.cdlib.org/findaid/ark:/13030/c8zk5jb2	Turner (Fred) Papers
http://www.oac.cdlib.org/findaid/ark:/13030/tf4r29n77v	Turner (Frederick J.) Collection
http://www.oac.cdlib.org/findaid/ark:/13030/c86t0p9z	Turner (George E.) collection
http://www.oac.cdlib.org/findaid/ark:/13030/kt438nf08h	Turner (J. Max) Writings
http://www.oac.cdlib.org/findaid/ark:/13030/c8fb54w6	Turner, Janet Papers
http://www.oac.cdlib.org/findaid/ark:/13030/c83n24mg	Turner (Morrie) Papers
http://www.oac.cdlib.org/findaid/ark:/13030/kt5580393x	Turner (Paul Venable) Papers
http://www.oac.cdlib.org/findaid/ark:/13030/tf9199p04b	Turner (Robert F.) Papers
http://www.oac.cdlib.org/findaid/ark:/13030/c82r3q4b	Turner (Thomas Larkin) Collection.
http://www.oac.cdlib.org/findaid/ark:/13030/c8z320m2	Turner/MGM scripts
http://www.oac.cdlib.org/findaid/ark:/13030/tf9x0nb3st	Turpin (Georges) Journals and Letters
http://www.oac.cdlib.org/findaid/ark:/13030/kt65803937	Turrentine (Lowell) Papers
http://www.oac.cdlib.org/findaid/ark:/13030/tf9x0nb71c	Turrill (Charles B.) A Trip to Lower California
http://www.oac.cdlib.org/findaid/ark:/13030/tf1m3n98dn	Turrill (Charles B.) Papers
http://www.oac.cdlib.org/findaid/ark:/13030/tf2870029p	Turrill-Miller Photograph Collection
http://www.oac.cdlib.org/findaid/ark:/13030/kt3g50346d	Turrou, (Leon G.) typescript
http://www.oac.cdlib.org/findaid/ark:/13030/c86d5vg1	Tuscarora Reservation Collection
http://www.oac.cdlib.org/findaid/ark:/13030/kt0s2032n6	Tuskegee Airmen biographical information collection
http://www.oac.cdlib.org/findaid/ark:/13030/kt5c6037gz	Tuskegee Airmen collection
http://www.oac.cdlib.org/findaid/ark:/13030/kt038nd9cq	Tuskegee Airmen, Inc. Los Angeles Chapter records
http://www.oac.cdlib.org/findaid/ark:/13030/tf558004bf	Tuthill Family Papers
http://www.oac.cdlib.org/findaid/ark:/13030/c86t0p4q	Tuttle (Frank) papers
http://www.oac.cdlib.org/findaid/ark:/13030/c8gb23c7	Tuttle (Paul) papers
http://www.oac.cdlib.org/findaid/ark:/13030/c88k77t5	Twain (Mark) Letter
http://www.oac.cdlib.org/findaid/ark:/13030/tf8q2nb37x	Twentieth Century Club of Berkeley Records
http://www.oac.cdlib.org/findaid/ark:/13030/c8xp76tp	Twentieth Century-Fox Film Corporation photographs
http://www.oac.cdlib.org/findaid/ark:/13030/tf929009wq	Twersky (Lori) Papers
http://www.oac.cdlib.org/findaid/ark:/13030/kt6z09s281	Twice Blessed Collection
http://www.oac.cdlib.org/findaid/ark:/13030/tf209nb1d3	Twitchell (Edward W.) Papers
http://www.oac.cdlib.org/findaid/ark:/13030/c89c6z6n	Twomey (Michael) Music Collection
http://www.oac.cdlib.org/findaid/ark:/13030/c8qj7j18	Tyger-Womon papers
http://www.oac.cdlib.org/findaid/ark:/13030/tf1489n482	Tyler (Albert) Papers
http://www.oac.cdlib.org/findaid/ark:/13030/c82f7p3w	Tyler Ecology Award Records
http://www.oac.cdlib.org/findaid/ark:/13030/kt867nf427	Tyler (Guy) Audio Recordings
http://www.oac.cdlib.org/findaid/ark:/13030/tf0m3n97z4	Tyler (Hamilton A.) Papers
http://www.oac.cdlib.org/findaid/ark:/13030/tf829009g6	Tyler (Parker) Letter
http://www.oac.cdlib.org/findaid/ark:/13030/kt5779q58p	Tymowski (Andrzej W.) Interview Transcripts
http://www.oac.cdlib.org/findaid/ark:/13030/kt5x0nf3wt	Type Specimens Collection
http://www.oac.cdlib.org/findaid/ark:/13030/c8mk6bvk	Typescript of California Gold Rush Fleet
http://www.oac.cdlib.org/findaid/ark:/13030/tf3q2n99zp	Typographical collection
http://www.oac.cdlib.org/findaid/ark:/13030/tf5c60044n	Tyrmand (Leopold) Papers
http://www.oac.cdlib.org/findaid/ark:/13030/tf2f59n94p	Tyson (Ian) Collection
http://www.oac.cdlib.org/findaid/ark:/13030/kt0v19p992	Tyson (Seth H.) Letters
http://www.oac.cdlib.org/findaid/ark:/13030/c8gq6w5c	Tzu Hsi (Dowager Empress) of China, Princess Der Ling's collection of Photographs of the

