http://www.oac.cdlib.org/findaid/ark:/13030/c80r9qnq	Oak (Henry L.) 1874 Diary and Biography
http://www.oac.cdlib.org/findaid/ark:/13030/tf3p30031z	Oakeshott (Walter Fraser) Papers
http://www.oac.cdlib.org/findaid/ark:/13030/tf0199n49m	Oakland and the San Francisco Bay Area - Slides
http://www.oac.cdlib.org/findaid/ark:/13030/c89w0g1h	Oakland, Antioch &amp; Eastern Railway Collection
http://www.oac.cdlib.org/findaid/ark:/13030/kt2j49q7qd	Oakland (Calif.) estuary postcard
http://www.oac.cdlib.org/findaid/ark:/13030/kt8d5nd50j	Oakland (Calif.) harbor postcard
http://www.oac.cdlib.org/findaid/ark:/13030/tf938nb6v2	Oakland (Calif.) School Women's Club Records
http://www.oac.cdlib.org/findaid/ark:/13030/tf1g5006hq	Oakland, California, ca. 1930-1939 - Views
http://www.oac.cdlib.org/findaid/ark:/13030/c80g3n8x	Oakland Federation of Teachers, Local 771 Collection
http://www.oac.cdlib.org/findaid/ark:/13030/tf209n98hk	Oakland Home Telephone Company Collection
http://www.oac.cdlib.org/findaid/ark:/13030/c8p55p2h	Oakland Tribune Records
http://www.oac.cdlib.org/findaid/ark:/13030/c88051kx	Oakley (Laura) Papers
http://www.oac.cdlib.org/findaid/ark:/13030/c88g8j48	Oaks (Robert) Papers
http://www.oac.cdlib.org/findaid/ark:/13030/kt1199r5gp	Obama (Barack) Presidential Election Memorabilia from Kenya
http://www.oac.cdlib.org/findaid/ark:/13030/kt9v19r966	Ob"edinenie chinov Kornilovskogo udarnogo polka records
http://www.oac.cdlib.org/findaid/ark:/13030/tf0k4000pr	Obedinenie russkikh v Marokko Records
http://www.oac.cdlib.org/findaid/ark:/13030/kt567nd97v	Oberheitmann (Theo) deposition
http://www.oac.cdlib.org/findaid/ark:/13030/kt6b69r8bk	Oberlander (Theodo) memoranda
http://www.oac.cdlib.org/findaid/ark:/13030/c8db82cg	Oberlin '57 Faith &amp; Order Meeting
http://www.oac.cdlib.org/findaid/ark:/13030/kt0k403223	Oberlin (B. G.) collection
http://www.oac.cdlib.org/findaid/ark:/13030/c8zw1nzz	Obledo (Mario G.) Papers.
http://www.oac.cdlib.org/findaid/ark:/13030/kt5r29q5vr	Oblique Aerial Photographs
http://www.oac.cdlib.org/findaid/ark:/13030/kt858035zv	Obolensky (Prince Alexis) typescript
http://www.oac.cdlib.org/findaid/ark:/13030/c8pz5779	Obregón (Álvaro) (Collection on)
http://www.oac.cdlib.org/findaid/ark:/13030/kt5g50374f	O'Brian (Hugh) papers
http://www.oac.cdlib.org/findaid/ark:/13030/tf2w1002hq	O'Brian (John L.) Papers
http://www.oac.cdlib.org/findaid/ark:/13030/c8rf5wrb	O'Brien (C. Bickford) Papers.
http://www.oac.cdlib.org/findaid/ark:/13030/kt1290312n	O'Brien (Charles A.) papers
http://www.oac.cdlib.org/findaid/ark:/13030/kt7x0nf7vv	O'Brien (Dave) Red Skelton Show scripts
http://www.oac.cdlib.org/findaid/ark:/13030/c8s184k9	O'Brien (Ersey) scrapbooks
http://www.oac.cdlib.org/findaid/ark:/13030/tf2g5002f2	O'Brien (Mark) Papers
http://www.oac.cdlib.org/findaid/ark:/13030/c8t1555h	O'Brien (Michael) Northwest Coast Graphic Art Collection
http://www.oac.cdlib.org/findaid/ark:/13030/tf4290047x	O'Brien (Morrough P.) Papers
http://www.oac.cdlib.org/findaid/ark:/13030/kt258035gr	O'Brien (Neil) Papers
http://www.oac.cdlib.org/findaid/ark:/13030/c8r2121p	O'Brien (Smith) drawing of the Youth Directory building
http://www.oac.cdlib.org/findaid/ark:/13030/c86t0nfb	O'Brien (Willis) Scrapbooks, ca. 1929-30, 1933
http://www.oac.cdlib.org/findaid/ark:/13030/kt896nf6t7	O'Brien-Rothe (Linda Lee) Collection 1972.03
http://www.oac.cdlib.org/findaid/ark:/13030/kt8v19s2fk	O'Brien-Rothe (Linda Lee) Collection 1974.01
http://www.oac.cdlib.org/findaid/ark:/13030/kt9t1nc2rz	Obshchestudencheskii russkii khor imeni A. A. Arkhangel'skogo Records
http://www.oac.cdlib.org/findaid/ark:/13030/kt638nf20z	Obshchestvo formirovaniia boevykh otriadov proclamation
http://www.oac.cdlib.org/findaid/ark:/13030/kt358034zt	Obshchestvo obedineniia i vzaimopomoshchi russkikh ofitserov printed material
http://www.oac.cdlib.org/findaid/ark:/13030/kt9k40387c	Obshchestvo rossiisko-chechenskoi druzhby issuances
http://www.oac.cdlib.org/findaid/ark:/13030/kt700035gj	O'Byrne (Ernest B.) Papers
http://www.oac.cdlib.org/findaid/ark:/13030/c8gb263w	Obzina (Martin) papers
http://www.oac.cdlib.org/findaid/ark:/13030/c8vx0dxn	Ocamb (Karen) Photographs
http://www.oac.cdlib.org/findaid/ark:/13030/kt3779s14z	Occupational Information Coordinating Committee Records
http://www.oac.cdlib.org/findaid/ark:/13030/ft2r29n6js	Occupational Safety and Health Administration Hearing on Indoor Air Quality
http://www.oac.cdlib.org/findaid/ark:/13030/kt187009xd	Occupied Japan Photograph Album
http://www.oac.cdlib.org/findaid/ark:/13030/kt6x0nf6nz	Occupy Stanford Collection
http://www.oac.cdlib.org/findaid/ark:/13030/kt6d5nf72c	Occupy the Future Collection
http://www.oac.cdlib.org/findaid/ark:/13030/c8tq60h6	Ocean Cruise Tour Pamphlet Collection
http://www.oac.cdlib.org/findaid/ark:/13030/kt9z09s5x7	Ocean treasures from Santa Barbara, Cal.
http://www.oac.cdlib.org/findaid/ark:/13030/kt2q2nf2p0	Oceanology Associates Records and Publications
http://www.oac.cdlib.org/findaid/ark:/13030/kt2f59q8bj	Ochoa (Victor) Papers
http://www.oac.cdlib.org/findaid/ark:/13030/tf167n98xs	O'Connell (William J.) Papers
http://www.oac.cdlib.org/findaid/ark:/13030/c8959k2c	O'Connor (Frances Bowker) Scrapbook
http://www.oac.cdlib.org/findaid/ark:/13030/kt5p3018bf	O'Connor (Frank B.) Collection of Materials of or about Los Angeles County Agencies
http://www.oac.cdlib.org/findaid/ark:/13030/tf5n39n7t9	O'Connor (Frank) Papers
http://www.oac.cdlib.org/findaid/ark:/13030/tf9s2007hn	O'Connor (James F.T.) Diaries and Correspondence
http://www.oac.cdlib.org/findaid/ark:/13030/kt4199s0c3	O'Connor (John J.) scrapbooks, 1931-2008
http://www.oac.cdlib.org/findaid/ark:/13030/kt8v19s0nq	O'Connor (John Jay) notes
http://www.oac.cdlib.org/findaid/ark:/13030/kt9x0nf4cs	O'Connor (June) Papers
http://www.oac.cdlib.org/findaid/ark:/13030/kt1r29r5wg	O'Connor (Michael G.) papers
http://www.oac.cdlib.org/findaid/ark:/13030/tf7f59n947	O'Connor (Richard) Manuscripts
http://www.oac.cdlib.org/findaid/ark:/13030/tf8q2nb6j1	Odd Fellows, Independent Order of Charity Lodge (Stockton, Calif.) Records
http://www.oac.cdlib.org/findaid/ark:/13030/tf1z09n557	Oddie (Tasker L.) Collection
http://www.oac.cdlib.org/findaid/ark:/13030/kt0f59r4s5	Ode to joy and freedom: the fall of the Berlin Wall video tape
http://www.oac.cdlib.org/findaid/ark:/13030/c89w0h5q	Odeen (Captain Peter E.) collection
http://www.oac.cdlib.org/findaid/ark:/13030/kt800039bq	Odegard (Peter S.) Musical Scores
http://www.oac.cdlib.org/findaid/ark:/13030/c8wq04bz	Oden (William Arthur) Collection
http://www.oac.cdlib.org/findaid/ark:/13030/tf22900479	Odets (Clifford) Theatrical Materials
http://www.oac.cdlib.org/findaid/ark:/13030/kt5f59r907	Odintsov (Gleb Nikolaevich) papers
http://www.oac.cdlib.org/findaid/ark:/13030/c89w0g93	O'Donnell (Eddie) Collection, ca. 1913-1920
http://www.oac.cdlib.org/findaid/ark:/13030/kt1779r3z8	O'Donnell (Edward J.) correpondence
http://www.oac.cdlib.org/findaid/ark:/13030/c8cn74n9	O'Donnell (Terrence) Papers, White House Special Files, 1973-1974
http://www.oac.cdlib.org/findaid/ark:/13030/kt8q2nf3vx	O'Donovan (James) photographs
http://www.oac.cdlib.org/findaid/ark:/13030/kt8n39s00k	O'Driscoll (Gerald P.) correspondence
http://www.oac.cdlib.org/findaid/ark:/13030/kt7779r7vh	Oertel (Irmgard) typescript
http://www.oac.cdlib.org/findaid/ark:/13030/c8gx4dmq	Offen (Karen M.) Papers
http://www.oac.cdlib.org/findaid/ark:/13030/kt1580325b	Office of Analytic Studies and Institutional Research Records
http://www.oac.cdlib.org/findaid/ark:/13030/c84b32tx	Office of Ceremonies and Special Events Collection
http://www.oac.cdlib.org/findaid/ark:/13030/kt7n39s359	Office of County Counsel Records
http://www.oac.cdlib.org/findaid/ark:/13030/kt6z09q7k6	Office of Institutional Advancement. GTU Photograph Collection
http://www.oac.cdlib.org/findaid/ark:/13030/kt400031k7	Office of Planning photograph, slide and film collection
http://www.oac.cdlib.org/findaid/ark:/13030/kt3n39r851	Office of Planning Records
http://www.oac.cdlib.org/findaid/ark:/13030/kt0x0nf16z	Office of Public Affairs Plaques Collection
http://www.oac.cdlib.org/findaid/ark:/13030/kt2c603490	Office of Public Affairs Records
http://www.oac.cdlib.org/findaid/ark:/13030/c8h41tbb	Office of Research Administration Records (University of California, Irvine)
http://www.oac.cdlib.org/findaid/ark:/13030/c8ks6src	Office of the Assistant Vice Chancellor, Facilities Design and Construction Camp Matthews Buildings Photographs, UCSD
http://www.oac.cdlib.org/findaid/ark:/13030/kt2d5n98z8	Office of the Chancellor. Administrative Files for John S. Galbraith
http://www.oac.cdlib.org/findaid/ark:/13030/c8vh5n5f	Office of the Chancellor Calendar Notebooks (Atkinson)
http://www.oac.cdlib.org/findaid/ark:/13030/tf3199n92b	Office of the Chancellor. Campus Expansion Files
http://www.oac.cdlib.org/findaid/ark:/13030/tf1779n7g8	Office of the Chancellor. Outgoing Correspondence
http://www.oac.cdlib.org/findaid/ark:/13030/c8z038z6	Office of the Chancellor Records
http://www.oac.cdlib.org/findaid/ark:/13030/tf4d5nb387	Office of the Chancellor. Subject Files
http://www.oac.cdlib.org/findaid/ark:/13030/tf3d5nb07z	Office of the Chancellor, University of California, Berkeley, Records
http://www.oac.cdlib.org/findaid/ark:/13030/tf5w10046z	Office Of The Dean. GTU Distinguished Faculty Lecture
http://www.oac.cdlib.org/findaid/ark:/13030/tf5p300475	Office of the President and Dean. GTU Guild
http://www.oac.cdlib.org/findaid/ark:/13030/tf5j49n7gg	Office Of The President And Dean. John Dillenberger Papers
http://www.oac.cdlib.org/findaid/ark:/13030/tf367nb0fr	Office of the Registrar Records
http://www.oac.cdlib.org/findaid/ark:/13030/c87w69xr	Official Bulletin Collection
http://www.oac.cdlib.org/findaid/ark:/13030/tf1n39n56s	Official Documents Relating to Early San Francisco
http://www.oac.cdlib.org/findaid/ark:/13030/kt7p3021p9	Ogden (C.K.) Papers
http://www.oac.cdlib.org/findaid/ark:/13030/kt5r29r77v	Ogden (David Ayres Depue) letter
http://www.oac.cdlib.org/findaid/ark:/13030/kt687034g5	Ogden (Helen) papers
http://www.oac.cdlib.org/findaid/ark:/13030/kt5h4nf517	Ogg (Richard), Elementary General Chemistry: Laboratory Manual for Chemistry 1, 2, 3
http://www.oac.cdlib.org/findaid/ark:/13030/kt1m3nd888	Ogita (Tomoo) photograph albums
http://www.oac.cdlib.org/findaid/ark:/13030/kt396nc3tb	O'Gorman (Ella F.) papers
http://www.oac.cdlib.org/findaid/ark:/13030/kt2w1035ft	O'Grady (Roberta) Scrapbook
http://www.oac.cdlib.org/findaid/ark:/13030/kt6x0nf2mh	O'Guinn (Allan Asbury) papers
http://www.oac.cdlib.org/findaid/ark:/13030/kt8w1039b2	Oh Leven Stanford Reflections
http://www.oac.cdlib.org/findaid/ark:/13030/tf1g5001h9	O'Hanlon (Daniel) - Vatican II Collection
http://www.oac.cdlib.org/findaid/ark:/13030/c87p8xcq	O'Hanlon, S.J. (Daniel J.) Papers
http://www.oac.cdlib.org/findaid/ark:/13030/kt9d5nf56d	Ohff (Heinz) Collection of Wolf Vostell Papers
http://www.oac.cdlib.org/findaid/ark:/13030/kt4v19n71r	Ohio Infantry (42nd Regiment, Co. C) Clothing Account Book
http://www.oac.cdlib.org/findaid/ark:/13030/ft0g5000hw	Oi (Matsunosuke) Papers
http://www.oac.cdlib.org/findaid/ark:/13030/kt629033ct	Oiderman (M.) typescript
http://www.oac.cdlib.org/findaid/ark:/13030/tf787008zz	Oil Industry in California, 1911-1914
http://www.oac.cdlib.org/findaid/ark:/13030/kt4m3nb26c	Oil Spill Information Center (OSIC) Collection
http://www.oac.cdlib.org/findaid/ark:/13030/ft2779n738	Oiye (George) Album
http://www.oac.cdlib.org/findaid/ark:/13030/tf7h4nb2bc	Ojai Festivals, Ltd. Collection
http://www.oac.cdlib.org/findaid/ark:/13030/c8cc0z26	Ojai Music Festival Records
http://www.oac.cdlib.org/findaid/ark:/13030/ft6m3nb18k	Oka (Shigeki) Papers
http://www.oac.cdlib.org/findaid/ark:/13030/kt538nf189	Okhrana records
http://www.oac.cdlib.org/findaid/ark:/13030/kt5b69s037	Okihiro (Gary Y.) Papers
http://www.oac.cdlib.org/findaid/ark:/13030/kt1199p3hb	Okinawa World War II Photograph Album
http://www.oac.cdlib.org/findaid/ark:/13030/kt496nf189	Okmin (Dr. Seymour) Collection
http://www.oac.cdlib.org/findaid/ark:/13030/kt28703589	Okubo (Miné ) papers
http://www.oac.cdlib.org/findaid/ark:/13030/tf4s2003mq	Okulich (Iosif K.) Papers
http://www.oac.cdlib.org/findaid/ark:/13030/c80866sb	Olaussen (Harold) Collection
http://www.oac.cdlib.org/findaid/ark:/13030/kt8d5nf1pd	Olchowski (Edward F.) collection
http://www.oac.cdlib.org/findaid/ark:/13030/c8vd71mj	Old China Hands Oral History Project Collection
http://www.oac.cdlib.org/findaid/ark:/13030/c8rb76nf	Old China Hands Unpublished Manuscripts Collection
http://www.oac.cdlib.org/findaid/ark:/13030/kt2w103587	Old Fashioned Revival Hour Collection
http://www.oac.cdlib.org/findaid/ark:/13030/kt838nf1md	Old Globe Theatre Photograph Collection
http://www.oac.cdlib.org/findaid/ark:/13030/c8z89fjx	Old Lesbians Organizing for Change records
http://www.oac.cdlib.org/findaid/ark:/13030/kt6n39n8g8	Old Master Prints
http://www.oac.cdlib.org/findaid/ark:/13030/kt4c6037jp	Old San Diego Architectural Control Board Records
http://www.oac.cdlib.org/findaid/ark:/13030/c84m93hb	Old San Diego Community Church Records
http://www.oac.cdlib.org/findaid/ark:/13030/tf1d5n9804	Old Wives' Tales Bookstore records
http://www.oac.cdlib.org/findaid/ark:/13030/kt0v19r5xb	Oldeberg (Andreas) papers
http://www.oac.cdlib.org/findaid/ark:/13030/tf6n39n8m0	Older (Fremont) Papers
http://www.oac.cdlib.org/findaid/ark:/13030/kt087000r5	Older (Fremont) Papers - Portraits
http://www.oac.cdlib.org/findaid/ark:/13030/kt3489r7m0	Older Women's League, San Diego County Chapter Records
http://www.oac.cdlib.org/findaid/ark:/13030/kt096nc4bn	Oldroyd (Ida S.) Papers
http://www.oac.cdlib.org/findaid/ark:/13030/kt467nd9m7	Olds (Charles Burnell) papers
http://www.oac.cdlib.org/findaid/ark:/13030/kt1p30341h	Oleinikov (Pavel) collection
http://www.oac.cdlib.org/findaid/ark:/13030/kt309nf0k6	Olferieff (Theo) typescript
http://www.oac.cdlib.org/findaid/ark:/13030/c81r6s1n	Olga Aleksandrovna letters
http://www.oac.cdlib.org/findaid/ark:/13030/kt909nd6w5	Olin (Spencer C.) papers
http://www.oac.cdlib.org/findaid/ark:/13030/kt8r29s2pj	Olin (Spencer) Oral Histories of University of California, Irvine Faculty and Staff
http://www.oac.cdlib.org/findaid/ark:/13030/kt1k4024j5	Olins (Peters Z.) Papers
http://www.oac.cdlib.org/findaid/ark:/13030/kt8g50383b	Oliphant (David D.) papers
http://www.oac.cdlib.org/findaid/ark:/13030/c8m61mg8	Olive View Hospital Earthquake Damage Collection
http://www.oac.cdlib.org/findaid/ark:/13030/kt5q2nf17q	Oliveira (Sebastiao Mesquita Correia) holograph and typescript
http://www.oac.cdlib.org/findaid/ark:/13030/c8dr2w8x	Oliver (Audrey) Collection
http://www.oac.cdlib.org/findaid/ark:/13030/kt658038wn	Oliver (Bernard M.) Oral History Interview
http://www.oac.cdlib.org/findaid/ark:/13030/kt4t1nf3s9	Oliver, Dave, Memoir
http://www.oac.cdlib.org/findaid/ark:/13030/kt7f59q21j	Oliver Eckhardt Players Records
http://www.oac.cdlib.org/findaid/ark:/13030/ft0q2n99r1	Oliver Family Photograph Collections
http://www.oac.cdlib.org/findaid/ark:/13030/c8r49p63	Oliver (R. L.) Photographs
http://www.oac.cdlib.org/findaid/ark:/13030/kt9f59p0n2	Oliver (Robert W.) papers
http://www.oac.cdlib.org/findaid/ark:/13030/kt0p3031k1	Olivereau (Louise) trial transcript
http://www.oac.cdlib.org/findaid/ark:/13030/c86w9d7v	Oliveros (Pauline) Papers
http://www.oac.cdlib.org/findaid/ark:/13030/c8k64m6h	Olmo (Frank del) Collection
http://www.oac.cdlib.org/findaid/ark:/13030/tf409nb0g8	Olmsted Brothers Collection, n.d., 1913-1916
http://www.oac.cdlib.org/findaid/ark:/13030/tf9d5nb6d9	Olmsted (Evangeline H.) Papers
http://www.oac.cdlib.org/findaid/ark:/13030/c80k299w	Olmsted (John D.) Papers
http://www.oac.cdlib.org/findaid/ark:/13030/c89k4bzc	Olmsted (Nancy and Roger) Papers
http://www.oac.cdlib.org/findaid/ark:/13030/c8r78fsg	Olmsted (Nancy) scow schooner slide show
http://www.oac.cdlib.org/findaid/ark:/13030/kt1779r41s	Olmsted (Scott M.) papers
http://www.oac.cdlib.org/findaid/ark:/13030/kt6000348n	Olney (Warren) motion picture film
http://www.oac.cdlib.org/findaid/ark:/13030/kt600036jr	Olonetskaia Kareliia typescript
http://www.oac.cdlib.org/findaid/ark:/13030/ft3g5002hs	Olschki (Fiammetta) Olschki Firm and Family Papers
http://www.oac.cdlib.org/findaid/ark:/13030/kt800036x2	Olschki (Leonardo) Papers
http://www.oac.cdlib.org/findaid/ark:/13030/c86m35jz	Olsen (Captain Andrew) papers
http://www.oac.cdlib.org/findaid/ark:/13030/c8b856vz	Olsen (Captain Andrew) papers
http://www.oac.cdlib.org/findaid/ark:/13030/kt5f59s2n4	Olsen (Don) / Ox Head Press Collection
http://www.oac.cdlib.org/findaid/ark:/13030/ft1d5n97qw	Olsen (Tillie) Papers
http://www.oac.cdlib.org/findaid/ark:/13030/c86975m8	Olson (Everett Claire) papers
http://www.oac.cdlib.org/findaid/ark:/13030/c8n01894	Olson (Leon) Oral History
http://www.oac.cdlib.org/findaid/ark:/13030/kt7d5nf23s	Olson (Reuel) Papers on the Colorado River Compact, Water Resources Collection
http://www.oac.cdlib.org/findaid/ark:/13030/ft1580011g	Olson (Toby) Papers
http://www.oac.cdlib.org/findaid/ark:/13030/kt4s20360j	Olszowski (Stefan) papers
http://www.oac.cdlib.org/findaid/ark:/13030/c8wq05x0	Olvera, (Robert) Sr. and Robert Olvera, Jr. International Longshore and Warehouse Union, Local 13 Collection
http://www.oac.cdlib.org/findaid/ark:/13030/c8bv7j0h	Olympia (passenger vessel) logbook
http://www.oac.cdlib.org/findaid/ark:/13030/c8jm2bgv	Olympic Games (1932) Collection
http://www.oac.cdlib.org/findaid/ark:/13030/c8q2412j	Olympic Games (1984) Collection
http://www.oac.cdlib.org/findaid/ark:/13030/ft209n99fd	Olympic Games Collection
http://www.oac.cdlib.org/findaid/ark:/13030/tf7v19n90s	Olympic Velodome Collection
http://www.oac.cdlib.org/findaid/ark:/13030/c8ht2mq2	Olympics (1932) Collection
http://www.oac.cdlib.org/findaid/ark:/13030/c8639r6m	Olympics Out of Cobb County records
http://www.oac.cdlib.org/findaid/ark:/13030/kt8779q730	O'Malley (Charles Donald) Papers.
http://www.oac.cdlib.org/findaid/ark:/13030/tf1489n72d	Omar Khayyam Collection of Material
http://www.oac.cdlib.org/findaid/ark:/13030/kt467nf132	Once In A Blue Moon Productions Records
http://www.oac.cdlib.org/findaid/ark:/13030/c8fj2hsb	ONE Archives gay, lesbian, bisexual and transgender manuscripts collection
http://www.oac.cdlib.org/findaid/ark:/13030/kt1d5nd7tr	One Hundred Years of Revolutionary Internationals Conference proceedings
http://www.oac.cdlib.org/findaid/ark:/13030/c8df6s1z	ONE in Long Beach Incorporated Records
http://www.oac.cdlib.org/findaid/ark:/13030/c8rf5wz1	One Inc. Magazine Collection
http://www.oac.cdlib.org/findaid/ark:/13030/kt7290389h	ONE Incorporated Records
http://www.oac.cdlib.org/findaid/ark:/13030/kt7779s1q0	ONE Subject Files Collection
http://www.oac.cdlib.org/findaid/ark:/13030/tf1g5001pw	O'Neal (A. Daniel) Papers
http://www.oac.cdlib.org/findaid/ark:/13030/tf1199n52s	O'Neil (Hugh F.) Collection of Utah Documents and Reports
http://www.oac.cdlib.org/findaid/ark:/13030/c8bz66nj	O'Neill (Dan) (b. 1875) Collection
http://www.oac.cdlib.org/findaid/ark:/13030/c8mk6g1g	O'Neill (Dick) scripts
http://www.oac.cdlib.org/findaid/ark:/13030/tf1j49n585	O'Neill (Edmond) Papers
http://www.oac.cdlib.org/findaid/ark:/13030/tf929009v6	O'Neill (James) Collection
http://www.oac.cdlib.org/findaid/ark:/13030/c88051zv	Oneira Women's Club Records
http://www.oac.cdlib.org/findaid/ark:/13030/kt8580360v	Onikul (Abram Grigor'evich) papers
http://www.oac.cdlib.org/findaid/ark:/13030/c8sn09rs	Ontario Business and Professional Women's Club Collection
http://www.oac.cdlib.org/findaid/ark:/13030/c8kp80wc	Ontario Motor Speedway Collection
http://www.oac.cdlib.org/findaid/ark:/13030/c8vm4cw6	Opel (Robert) Los Angeles Christopher Street West Gay Pride Parade Photographs
http://www.oac.cdlib.org/findaid/ark:/13030/tf7b69n8qw	Open End (Television Program) Sound Recordings
http://www.oac.cdlib.org/findaid/ark:/13030/kt1p3037dn	Open Ring Galleries Records
http://www.oac.cdlib.org/findaid/ark:/13030/kt109nd6zq	Open Society Archives collection
http://www.oac.cdlib.org/findaid/ark:/13030/c8w0949p	Opera Air Check Recordings Collection
http://www.oac.cdlib.org/findaid/ark:/13030/kt0c6032r4	Opera Pacific Records
http://www.oac.cdlib.org/findaid/ark:/13030/kt3z09r4zz	Operation Crossroads
http://www.oac.cdlib.org/findaid/ark:/13030/kt7r29r7zb	Opgenorth (Olive) typescript
http://www.oac.cdlib.org/findaid/ark:/13030/kt8r29r31r	Ophelia (built 1863; bark, 3m) postcard
http://www.oac.cdlib.org/findaid/ark:/13030/tf8489p276	Oppen (George) Letters (Ed. Rachel Blau DuPlessis)
http://www.oac.cdlib.org/findaid/ark:/13030/tf0870048h	Oppen (George) Letters to James Weil
http://www.oac.cdlib.org/findaid/ark:/13030/tf7f59p2k1	Oppen (George) Papers
http://www.oac.cdlib.org/findaid/ark:/13030/tf4f59p0h3	Oppen (Linda) Correspondence
http://www.oac.cdlib.org/findaid/ark:/13030/tf5g50081p	Oppen (Mary) Papers
http://www.oac.cdlib.org/findaid/ark:/13030/kt3489r70p	Oppenheim (Siegfried) papers
http://www.oac.cdlib.org/findaid/ark:/13030/kt6w1037c0	Oppenheimer (Donald R) photographs
http://www.oac.cdlib.org/findaid/ark:/13030/kt6p3015b9	Oppenheimer (Frank) Papers
http://www.oac.cdlib.org/findaid/ark:/13030/kt9d5nf280	Oppenheimer (Fritz E.) papers
http://www.oac.cdlib.org/findaid/ark:/13030/c81z452z	Oracle Feminist Bookstore Subject Files
http://www.oac.cdlib.org/findaid/ark:/13030/kt5h4nf29x	Orage (Desmond L.) papers
http://www.oac.cdlib.org/findaid/ark:/13030/tf4870035q	Oral History Collection
http://www.oac.cdlib.org/findaid/ark:/13030/kt038nf0nz	Oral History Interviews with Stanford People
http://www.oac.cdlib.org/findaid/ark:/13030/kt667nd2wm	Oral History Program. Administrative files.
http://www.oac.cdlib.org/findaid/ark:/13030/c89c6ztq	Oral History Program. Publications.
http://www.oac.cdlib.org/findaid/ark:/13030/c8xs5wss	Oral History Research (Center for). Donated oral history interviews.
http://www.oac.cdlib.org/findaid/ark:/13030/c8cn74g2	Oral History Research (Center for). Internal reference copies of transcripts
http://www.oac.cdlib.org/findaid/ark:/13030/tf2489n8tk	Orange blossoms and mature oranges growing on the same tree
http://www.oac.cdlib.org/findaid/ark:/13030/kt4x0nf475	Orange County Aerial Photograph Collection
http://www.oac.cdlib.org/findaid/ark:/13030/kt029017dh	Orange County and California Maps (Collection of)
http://www.oac.cdlib.org/findaid/ark:/13030/c8571dg3	Orange County California Anthropological Project: Banning Site Notes
http://www.oac.cdlib.org/findaid/ark:/13030/kt6f59r1z5	Orange County, California Centennial Year (Collection on)
http://www.oac.cdlib.org/findaid/ark:/13030/kt196nc419	Orange County Californio Families Portrait Photograph Album
http://www.oac.cdlib.org/findaid/ark:/13030/c8fx7b0n	Orange County Commission on the Status of Women Records
http://www.oac.cdlib.org/findaid/ark:/13030/c8n29w7d	Orange County Directories
http://www.oac.cdlib.org/findaid/ark:/13030/c8st7rk9	Orange County District Attorney's Obscenity and the Law Collection
http://www.oac.cdlib.org/findaid/ark:/13030/c8g16260	Orange County Division of the League of California Cities
http://www.oac.cdlib.org/findaid/ark:/13030/tf4f59n9gg	Orange County Environmental Issues, Land Use, and Planning Collection
http://www.oac.cdlib.org/findaid/ark:/13030/kt7j49s39q	Orange County Ephemera Collection
http://www.oac.cdlib.org/findaid/ark:/13030/c8gx490d	Orange County Group Documents on Gays and Homosexuality
http://www.oac.cdlib.org/findaid/ark:/13030/kt9000422z	Orange County Holocaust Oral History Project Interviews
http://www.oac.cdlib.org/findaid/ark:/13030/c8qz2bjr	Orange County Human Relations Commission Records
http://www.oac.cdlib.org/findaid/ark:/13030/kt7199r85b	Orange County Lesbian, Gay, Bisexual, and Transgender Timeline Research Files
http://www.oac.cdlib.org/findaid/ark:/13030/kt9f59s4h8	Orange County Library Association Records
http://www.oac.cdlib.org/findaid/ark:/13030/tf3870056w	Orange County Newspaper and Magazine Clippings Collection
http://www.oac.cdlib.org/findaid/ark:/13030/kt3b69s086	Orange County Photograph Collection
http://www.oac.cdlib.org/findaid/ark:/13030/kt6b69q5nb	Orange County Public Library Local History Collection
http://www.oac.cdlib.org/findaid/ark:/13030/kt1m3nb7nk	Orange County Rancho Title Abstracts, Collection of
http://www.oac.cdlib.org/findaid/ark:/13030/tf867nb57m	Orange County School Yearbook Collection
http://www.oac.cdlib.org/findaid/ark:/13030/kt6w10163g	Orange County Social Services Agency Records
http://www.oac.cdlib.org/findaid/ark:/13030/c8d798vk	Orange County Visibility League Records
http://www.oac.cdlib.org/findaid/ark:/13030/kt5k4020tm	Orange Public Library Local History Collection
http://www.oac.cdlib.org/findaid/ark:/13030/kt1p3033xg	Orata (Pedro Tamesis) writings
http://www.oac.cdlib.org/findaid/ark:/13030/tf4199n69t	Orbison (Thomas J.) Papers
http://www.oac.cdlib.org/findaid/ark:/13030/kt4c6037rs	Orchesis (Stanford University) Records
http://www.oac.cdlib.org/findaid/ark:/13030/c8ws8vmz	Orcutt (Charles Russell) Papers
http://www.oac.cdlib.org/findaid/ark:/13030/tf8290068n	Ord (Edward O.C.) Papers
http://www.oac.cdlib.org/findaid/ark:/13030/tf2p3002kf	Ord (Edward O.C.) Papers
http://www.oac.cdlib.org/findaid/ark:/13030/kt496nd9f9	Orders and Medals Society of America publications
http://www.oac.cdlib.org/findaid/ark:/13030/tf496nb32g	Ordination Document
http://www.oac.cdlib.org/findaid/ark:/13030/tf709nb1sb	Ordination of Women in the Episcopal Church Collection
http://www.oac.cdlib.org/findaid/ark:/13030/kt0290312b	Oreamuno (J. Rafael) interview
http://www.oac.cdlib.org/findaid/ark:/13030/c8f47r31	OREGON AND CALIFORNIA RAILROAD CO. COLLECTION
http://www.oac.cdlib.org/findaid/ark:/13030/c80p11dk	Oregon (built 1848; steamer) logbook
http://www.oac.cdlib.org/findaid/ark:/13030/tf796nb6z9	Oregon, California, Idaho, and Other Western Scenes - Photographs
http://www.oac.cdlib.org/findaid/ark:/13030/c82f7q6n	OREGON CENTRAL &amp; EASTERN RAILROAD VOUCHERS
http://www.oac.cdlib.org/findaid/ark:/13030/c8p55q8m	OREGON CENTRAL RAILROAD RECORDS
http://www.oac.cdlib.org/findaid/ark:/13030/kt6w1024zw	Oregon Ledger
http://www.oac.cdlib.org/findaid/ark:/13030/tf8k4006sp	Oregon Miscellany
http://www.oac.cdlib.org/findaid/ark:/13030/tf7n39p2f8	Oregon Multi-Use 19th c. Ledger
http://www.oac.cdlib.org/findaid/ark:/13030/tf896nb3fd	Oregon Pioneer Records
http://www.oac.cdlib.org/findaid/ark:/13030/c81z451h	Oregon Railroad and Navigation Company
http://www.oac.cdlib.org/findaid/ark:/13030/c8ff3sxs	Oregon Short Line Railroad Payroll
http://www.oac.cdlib.org/findaid/ark:/13030/c8vx0hwf	Oregon (steam schooner) pilot house logbook
http://www.oac.cdlib.org/findaid/ark:/13030/tf7c6008s1	Oregon (Stuart) History Collection
http://www.oac.cdlib.org/findaid/ark:/13030/c8jd4zjw	OREGON WESTERN RAILWAY CO. BALANCE SHEET
http://www.oac.cdlib.org/findaid/ark:/13030/kt509nf331	Organisation Armee secrete leaflet
http://www.oac.cdlib.org/findaid/ark:/13030/kt0199r3q1	Organisation for European Economic Co-operation, Intergovernmental Committee on the Establishment of a European Free Trade Area.
http://www.oac.cdlib.org/findaid/ark:/13030/kt6489r803	Organization and Economy, Commission on California State Government (Little Hoover Commission) Records
http://www.oac.cdlib.org/findaid/ark:/13030/kt4779q8vm	Organizational Charts (University of California, Irvine)
http://www.oac.cdlib.org/findaid/ark:/13030/kt8k4038n8	"Organizational Vision and Visionary Organizations" [videorecording]
http://www.oac.cdlib.org/findaid/ark:/13030/kt8199n9dd	Orgel (Leslie) Papers
http://www.oac.cdlib.org/findaid/ark:/13030/kt2t1nf0tr	Orgelsdorfer Eulenspiegel
http://www.oac.cdlib.org/findaid/ark:/13030/kt1g5036ng	Oriental Consolidated Mining Company Photograph Collection
http://www.oac.cdlib.org/findaid/ark:/13030/c89024kb	Oriental Mine Research Collection
http://www.oac.cdlib.org/findaid/ark:/13030/kt3f59r9bs	Orientation events
http://www.oac.cdlib.org/findaid/ark:/13030/kt5w1006wm	Original Works of Art on Paper Collection
http://www.oac.cdlib.org/findaid/ark:/13030/c81g0k88	Origins of the School of Medicine at UCSD
http://www.oac.cdlib.org/findaid/ark:/13030/kt0k40321k	Orion (Walter Harold) papers
http://www.oac.cdlib.org/findaid/ark:/13030/c8bk1ff2	Orlando (Guido) papers
http://www.oac.cdlib.org/findaid/ark:/13030/kt6c6013gf	Orlov (Nikolai Vasil'evich) Writings
http://www.oac.cdlib.org/findaid/ark:/13030/c8ww7gnh	Orme Family Papers
http://www.oac.cdlib.org/findaid/ark:/13030/kt4m3nf42m	Ornithology and Mammalogy Department Field Note Collection at the California Academy of Sciences
http://www.oac.cdlib.org/findaid/ark:/13030/c8tq63d3	OROVILLE AND NELSON RAILROAD COMPANY RECORDS
http://www.oac.cdlib.org/findaid/ark:/13030/c8t43tpc	Orozco (Jose Clemente) Prints
http://www.oac.cdlib.org/findaid/ark:/13030/kt5k4033qz	Orozco (Jose Clemente) Scrapbook
http://www.oac.cdlib.org/findaid/ark:/13030/c889148q	Orphanos (Stathis) Gay Activist Photographs
http://www.oac.cdlib.org/findaid/ark:/13030/kt9000094k	Orphanos (Stathis) Papers
http://www.oac.cdlib.org/findaid/ark:/13030/c8cr5tw0	Orquestra Medellin Photograph Collection
http://www.oac.cdlib.org/findaid/ark:/13030/kt1n39r4g4	Orr (Charles Andrew)
http://www.oac.cdlib.org/findaid/ark:/13030/kt3q2nd7tb	Orr (George Vernon) notes
http://www.oac.cdlib.org/findaid/ark:/13030/tf2d5nb1vf	Orr (Gregory). Notes for a Final Exam
http://www.oac.cdlib.org/findaid/ark:/13030/kt5w103721	Orr (Violet) Oral History
http://www.oac.cdlib.org/findaid/ark:/13030/c8ks6qhd	Orrell Anza Borrego Desert Collection
http://www.oac.cdlib.org/findaid/ark:/13030/kt2489q7g5	Orrin Peck Collection of Photographs
http://www.oac.cdlib.org/findaid/ark:/13030/kt0n39q6hv	Orsini Family Papers
http://www.oac.cdlib.org/findaid/ark:/13030/kt058031d5	Ortenburger (Leigh N.) papers
http://www.oac.cdlib.org/findaid/ark:/13030/c8cz38ts	Orth (Myra Dickman) research papers
http://www.oac.cdlib.org/findaid/ark:/13030/kt1779r7ff	Ortiz (Bobbye S.) collection on Latin America
http://www.oac.cdlib.org/findaid/ark:/13030/kt3r29q8r1	Ortiz, (Joe) Papers and Radio Interviews
http://www.oac.cdlib.org/findaid/ark:/13030/c8r212vf	Ortiz-Taylor (Sheila) Papers
http://www.oac.cdlib.org/findaid/ark:/13030/kt0z09r6f7	Ortlieb (Patricia) collection on Eliza L. Tibbets
http://www.oac.cdlib.org/findaid/ark:/13030/kt5t1nf18w	Orzechowski (Marian) writings
http://www.oac.cdlib.org/findaid/ark:/13030/kt3p302646	Osborn (Ken) Legal Records
http://www.oac.cdlib.org/findaid/ark:/13030/c8vh5q92	Osborne (Dr. Leonard) Journal
http://www.oac.cdlib.org/findaid/ark:/13030/kt8f59n9m4	Osborne Family Papers
http://www.oac.cdlib.org/findaid/ark:/13030/c8xw4h68	Osborne (George E.) Papers
http://www.oac.cdlib.org/findaid/ark:/13030/kt4m3nb25v	Osborne (Henry Z.) Papers
http://www.oac.cdlib.org/findaid/ark:/13030/kt5r29s0k3	Osborne (Henry Z.) Papers
http://www.oac.cdlib.org/findaid/ark:/13030/c8fj2hrw	Osborne (Selden) Papers
http://www.oac.cdlib.org/findaid/ark:/13030/kt467nf1sd	Osborne-Montague family papers
http://www.oac.cdlib.org/findaid/ark:/13030/kt709nd4jd	Osen (Lynn M.) Papers
http://www.oac.cdlib.org/findaid/ark:/13030/kt8j49s0hp	Osgood (Agnes) Papers
http://www.oac.cdlib.org/findaid/ark:/13030/hb5d5nb6sr	O'Shaughnessy (Michael M.) papers
http://www.oac.cdlib.org/findaid/ark:/13030/c8v40ww2	Osheroff (Douglas Dean) Papers
http://www.oac.cdlib.org/findaid/ark:/13030/kt6v19r8xn	Osiatynski (Wiktor) papers
http://www.oac.cdlib.org/findaid/ark:/13030/tf5000048n	Osio (Antonio M.) Papers
http://www.oac.cdlib.org/findaid/ark:/13030/kt2q2nd824	Osipov (Lidiia) diary
http://www.oac.cdlib.org/findaid/ark:/13030/kt858023hq	Osler (Sir William) Portrait by Seymour Thomas, and other Osler-Related Papers
http://www.oac.cdlib.org/findaid/ark:/13030/kt2h4nd260	Osma (Julio de) Collection
http://www.oac.cdlib.org/findaid/ark:/13030/c8b27tmz	Osmanczyk (Edmund Jan) papers
http://www.oac.cdlib.org/findaid/ark:/13030/kt6h4nf2qf	Osobka-Morawski (Edward) papers
http://www.oac.cdlib.org/findaid/ark:/13030/tf6j49p11m	OSPAAAL Poster Collection
http://www.oac.cdlib.org/findaid/ark:/13030/kt109nd77b	Osswald (R. P.) mimeograph
http://www.oac.cdlib.org/findaid/ark:/13030/kt8z09r91z	Ostland miscellaneous records
http://www.oac.cdlib.org/findaid/ark:/13030/kt409nc8cc	Ostroff (Manning) Papers
http://www.oac.cdlib.org/findaid/ark:/13030/kt429033f7	Ostroukhov (P.)
http://www.oac.cdlib.org/findaid/ark:/13030/c8377746	Osuna (Sabino) papers
http://www.oac.cdlib.org/findaid/ark:/13030/kt5p30142c	Osusky (Stefan) Papers
http://www.oac.cdlib.org/findaid/ark:/13030/c83j3dzm	Oswald (Elinor) Collection of Southern California Tourism Ephemera
http://www.oac.cdlib.org/findaid/ark:/13030/kt2r29r62v	Oswald (James M.) papers
http://www.oac.cdlib.org/findaid/ark:/13030/c86h4gd7	Otay Flood Relief Expedition Records
http://www.oac.cdlib.org/findaid/ark:/13030/kt1r29q7z1	Otay Ranch Records
http://www.oac.cdlib.org/findaid/ark:/13030/c8028q72	Other Minds Collection
http://www.oac.cdlib.org/findaid/ark:/13030/c8n58nv7	Otis (Bill) Typescript
http://www.oac.cdlib.org/findaid/ark:/13030/kt3h4nd94n	Otis (Frances L.) diary
http://www.oac.cdlib.org/findaid/ark:/13030/c83b60x8	Otis (Harrison Gray) (1837-1917) Mexican Military Photos
http://www.oac.cdlib.org/findaid/ark:/13030/tf7s2010q6	Otis (Harrison Gray) Album of California Scenes
http://www.oac.cdlib.org/findaid/ark:/13030/kt8z09s19p	Oto zdrada narodu radzieckiego mimeograph
http://www.oac.cdlib.org/findaid/ark:/13030/c89w0gzm	Otomi Language Documents
http://www.oac.cdlib.org/findaid/ark:/13030/kt5p3033g0	Otorchi (Ulan) typescript
http://www.oac.cdlib.org/findaid/ark:/13030/kt9v19r9hv	Otselelite video tape
http://www.oac.cdlib.org/findaid/ark:/13030/c8mc8xfx	Ottinger (Bee) Los Angeles Parade Photographs
http://www.oac.cdlib.org/findaid/ark:/13030/tf2x0n98t4	Ottley (Allan) Papers
http://www.oac.cdlib.org/findaid/ark:/13030/c8z320cx	Ottley (Allan R.) photograph and postcard collection
http://www.oac.cdlib.org/findaid/ark:/13030/c8513wxd	Otto Kraus papers
http://www.oac.cdlib.org/findaid/ark:/13030/kt9k40385b	Otvos (Ervin George) collection
http://www.oac.cdlib.org/findaid/ark:/13030/tf4c600738	Oullahan Family Papers
http://www.oac.cdlib.org/findaid/ark:/13030/kt4z09s0x8	"Our Darling Boy" [videorecording]
http://www.oac.cdlib.org/findaid/ark:/13030/kt4x0nf0qg	Our globe under siege video tape
http://www.oac.cdlib.org/findaid/ark:/13030/kt5779q444	Our Miss Brooks - Collection of Radio and Television Scripts
http://www.oac.cdlib.org/findaid/ark:/13030/c8rf5wh6	Our Native Flora
http://www.oac.cdlib.org/findaid/ark:/13030/kt8m3nd0n8	Our Pool from Start to Finish: Photograph Album
http://www.oac.cdlib.org/findaid/ark:/13030/c82v2gsm	Ousdal (Asbjorn) Papers
http://www.oac.cdlib.org/findaid/ark:/13030/kt6b69q56m	Ouspenskaya (Maria) Papers
http://www.oac.cdlib.org/findaid/ark:/13030/kt209nc603	Out in the Redwoods Collection
http://www.oac.cdlib.org/findaid/ark:/13030/kt629036px	Out on the Farm
http://www.oac.cdlib.org/findaid/ark:/13030/kt329032j0	Outcalt (Irving E.) Collection
http://www.oac.cdlib.org/findaid/ark:/13030/kt4d5nc6q6	Outcalt (Miller) Photographs
http://www.oac.cdlib.org/findaid/ark:/13030/c8g44s1q	Outcasts Records
http://www.oac.cdlib.org/findaid/ark:/13030/kt2489r6p7	Outdoor Sculpture Survey
http://www.oac.cdlib.org/findaid/ark:/13030/kt087031vj	Outerbridge (Paul) Papers
http://www.oac.cdlib.org/findaid/ark:/13030/c8nz88gp	Outfest Records
http://www.oac.cdlib.org/findaid/ark:/13030/c8cn74wf	Outland (Charles F.) records, circa 1900s
http://www.oac.cdlib.org/findaid/ark:/13030/c83f4r4b	Outland (George E.) USC Trojans football scrapbook
http://www.oac.cdlib.org/findaid/ark:/13030/kt75804045	Outroads Travel Promotional Materials (Collection of)
http://www.oac.cdlib.org/findaid/ark:/13030/c81g0nxm	Ouzoonian (Vahan) U. S. Army Signal Corps negatives
http://www.oac.cdlib.org/findaid/ark:/13030/c81v5ghv	Ouzoonian (Vahan) U. S. Army Signal Corps photographs
http://www.oac.cdlib.org/findaid/ark:/13030/kt1g5034p1	Ovcharov (Svetoslav) video tapes
http://www.oac.cdlib.org/findaid/ark:/13030/kt6r29r9vf	Ovchinnikov (Anton Zakharovich)
http://www.oac.cdlib.org/findaid/ark:/13030/c8mc91q4	Overdrive: L.A. constructs the future, 1940-1990 exhibition oral history interviews
http://www.oac.cdlib.org/findaid/ark:/13030/tf138n97vm	Overland Mail Collection
http://www.oac.cdlib.org/findaid/ark:/13030/tf9x0nb4pr	Overland Monthly Records
http://www.oac.cdlib.org/findaid/ark:/13030/c8th8p1w	Overland to California: An Interesting History of the Trip of General Hammond and Robert Eliot Across the Continent in 1849
http://www.oac.cdlib.org/findaid/ark:/13030/kt4v19s0t2	Overton (Alice) papers
http://www.oac.cdlib.org/findaid/ark:/13030/kt3w1038b1	Ovieda/Murphy (Ayala) (Mendez et. al v. Westminster et. al papers)
http://www.oac.cdlib.org/findaid/ark:/13030/tf0m3n97kf	Owen (Albert K.) Papers
http://www.oac.cdlib.org/findaid/ark:/13030/c8jh3p76	Owen (A.Y.) Lon Chaney scrapbooks
http://www.oac.cdlib.org/findaid/ark:/13030/kt400032tb	Owen (C. R.) papers
http://www.oac.cdlib.org/findaid/ark:/13030/kt8w1023dr	Owen (Maureen) Papers
http://www.oac.cdlib.org/findaid/ark:/13030/c8c24vrb	Owens (Charles) Sketches
http://www.oac.cdlib.org/findaid/ark:/13030/kt8q2nf3wf	Owens (Claude M.) papers
http://www.oac.cdlib.org/findaid/ark:/13030/kt7h4nf5x9	Owens (Rochelle) Papers
http://www.oac.cdlib.org/findaid/ark:/13030/ft4q2nb23h	Owens (Trudy) Collection of Materials Relating to the Credentials Committee of the 1968 Democratic National Convention
http://www.oac.cdlib.org/findaid/ark:/13030/kt009nd62z	Owens Valley Collection, Water Resources Collection
http://www.oac.cdlib.org/findaid/ark:/13030/c8sx6f12	Owens Valley photograph album
http://www.oac.cdlib.org/findaid/ark:/13030/kt4v19p6gf	Owens Valley Radio Observatory records
http://www.oac.cdlib.org/findaid/ark:/13030/kt1779r43t	Owings (Alison) interviews
http://www.oac.cdlib.org/findaid/ark:/13030/kt3n39q1kd	Owings (Margaret W.) Papers
http://www.oac.cdlib.org/findaid/ark:/13030/kt3v19n8s9	Oxnard Public Library Photograph Collection
http://www.oac.cdlib.org/findaid/ark:/13030/kt9h4nf6xd	Oxtoby (Willard Gurdon) Papers
http://www.oac.cdlib.org/findaid/ark:/13030/c8pv6jp6	OxyCorps Student/Alumni Interviews
http://www.oac.cdlib.org/findaid/ark:/13030/kt8j49s040	Ozols (Oskars) typescript

