rel=cannonical	title	parent
http://www.oac.cdlib.org/findaid/ark:/13030/c80k29xz	E. B. Dunnells Company ledger	ark:/13030/tf9d5nc0sj
http://www.oac.cdlib.org/findaid/ark:/13030/tf038nb0sb	E Clampus Vitus Archives	ark:/13030/tf609nb7wg
http://www.oac.cdlib.org/findaid/ark:/13030/tf4m3nb2st	E Clampus Vitus Records	ark:/13030/tf129008pn
http://www.oac.cdlib.org/findaid/ark:/13030/kt5489s1np	E! Entertainment Library Collection of Picture Files and Tabloids	ark:/13030/kt4199r6d2
http://www.oac.cdlib.org/findaid/ark:/13030/tf667nb4m6	"Eagal (John H., Sr.) Collection"	ark:/13030/tf609nb7wg
http://www.oac.cdlib.org/findaid/ark:/13030/tf5b69n761	Eagle (Arnold) Papers and Films Related to Hans Richter	ark:/13030/kt98703819
http://www.oac.cdlib.org/findaid/ark:/13030/kt4c60390c	Eagle (Schooner?) Papers	ark:/13030/kt8s2020gp
http://www.oac.cdlib.org/findaid/ark:/13030/kt829040m2	Eagleton (George D.) Stereoview Collection	ark:/13030/kt2j49q7f8
http://www.oac.cdlib.org/findaid/ark:/13030/kt6489s2qh	Eakland (Martha ) Collection Documenting Stanford Women's Basketball	ark:/13030/tf458010c5
http://www.oac.cdlib.org/findaid/ark:/13030/c8vd701h	Eames (Charles &amp; Ray) ephemera and photographs	ark:/13030/kt8779s1dn
http://www.oac.cdlib.org/findaid/ark:/13030/c8c53mp6	"Earhart (Amelia) (1898-1937) Collection, 1928-1937, 1945"	ark:/13030/kt4c60381d
http://www.oac.cdlib.org/findaid/ark:/13030/c8gq6wgd	Earhart (Amelia) Papers	ark:/13030/kt4c60381d
http://www.oac.cdlib.org/findaid/ark:/13030/kt2x0nd6tv	Earl of Roden CommonPlace Book	ark:/13030/kt7199q50v
http://www.oac.cdlib.org/findaid/ark:/13030/kt0199p7jg	Early American Documents Collection	ark:/13030/tf129008pn
http://www.oac.cdlib.org/findaid/ark:/13030/c8sq91cn	Early California residents' portraits	ark:/13030/tf129008pn
http://www.oac.cdlib.org/findaid/ark:/13030/kt0r29p3hm	Early Campus Photograph Albums	ark:/13030/kt3v19n8bk
http://www.oac.cdlib.org/findaid/ark:/13030/c8s75h3h	Early Days in Arizona as Seen by Thomas Thompson Hunter	ark:/13030/kt8489r6nk
http://www.oac.cdlib.org/findaid/ark:/13030/c8r78gjr	Early Los Angeles Court Transcript Collection	ark:/13030/c8736rx6
http://www.oac.cdlib.org/findaid/ark:/13030/c8zw1n46	Early Los Angeles photograph album	ark:/13030/tf129008pn
http://www.oac.cdlib.org/findaid/ark:/13030/c851419c	Early Manuscripts and Engravings Collection	ark:/13030/c8736rx6
http://www.oac.cdlib.org/findaid/ark:/13030/c8wq032z	Early Mexican Imprint Collection	ark:/13030/kt4c60381d
http://www.oac.cdlib.org/findaid/ark:/13030/c8p55mv0	Early Printing Examples Collection	ark:/13030/kt4c60381d
http://www.oac.cdlib.org/findaid/ark:/13030/c8jd4xh1	Early Railroad and Locomotive Photo Collection	ark:/13030/kt4c60381d
http://www.oac.cdlib.org/findaid/ark:/13030/tf467nb12v	Early Santa Clara County and Other Views	ark:/13030/tf7r29p8s0
http://www.oac.cdlib.org/findaid/ark:/13030/tf3c60030g	Early Tall Buildings: Original Drawing of California Urban Scenes	ark:/13030/tf7r29p8s0
http://www.oac.cdlib.org/findaid/ark:/13030/kt8t1nf6v1	Earnest (Dr. Sue) Papers	ark:/13030/tf4779p5jq
http://www.oac.cdlib.org/findaid/ark:/13030/kt900009h8	Earnest (John W.) California Gold Rush and Civil War Manuscript	ark:/13030/kt2j49q7f8
http://www.oac.cdlib.org/findaid/ark:/13030/kt6t1nf4c6	Earnest (Lester) Papers	ark:/13030/tf4779p5jq
http://www.oac.cdlib.org/findaid/ark:/13030/tf058001gh	Earplay Collection	ark:/13030/tf4000119v
http://www.oac.cdlib.org/findaid/ark:/13030/tf5j49p0gj	"Earthquake Damage in Santa Barbara, California - Views"	ark:/13030/tf7r29p8s0
http://www.oac.cdlib.org/findaid/ark:/13030/tf6m3nb186	Earthquake (Governor's Interagency Council) Records	ark:/13030/tf6g5012g8
http://www.oac.cdlib.org/findaid/ark:/13030/c82j6ch6	Earthquake Photographs Collection	ark:/13030/tf129008pn
http://www.oac.cdlib.org/findaid/ark:/13030/kt2489r81c	The Earthquake Story of Stanford University Photograph Album	ark:/13030/tf458010c5
http://www.oac.cdlib.org/findaid/ark:/13030/c8gf0sv2	"Earthquakes Scrapbook, 1925-1927"	ark:/13030/kt4c60381d
http://www.oac.cdlib.org/findaid/ark:/13030/tf700005gv	East Asia Collection	ark:/13030/tf5r29p4tz
http://www.oac.cdlib.org/findaid/ark:/13030/kt838nb2s4	East Asian Artifacts Collection	ark:/13030/kt2j49q7f8
http://www.oac.cdlib.org/findaid/ark:/13030/c85q4xft	East Asian Languages and Cultures Department. Administrative files.	ark:/13030/tf1d5nb4kf
http://www.oac.cdlib.org/findaid/ark:/13030/kt4s2006s3	East Asian Photograph Collection	ark:/13030/kt2j49q7f8
http://www.oac.cdlib.org/findaid/ark:/13030/c85m66p0	East Bay Negro Historical Society Records	ark:/13030/kt9c6029ms
http://www.oac.cdlib.org/findaid/ark:/13030/kt1c603202	East European Constitutionalism Teacher-Training Project records	ark:/13030/tf4m3nb8sq
http://www.oac.cdlib.org/findaid/ark:/13030/ft538nb0c2	East German art collection	ark:/13030/tf5r29p4tz
http://www.oac.cdlib.org/findaid/ark:/13030/tf1n39n537	East German Movie Posters	ark:/13030/tf5r29p4tz
http://www.oac.cdlib.org/findaid/ark:/13030/tf900008z5	East Irvine Historic Resources Documentation Photographs	ark:/13030/tf1p3008cx
http://www.oac.cdlib.org/findaid/ark:/13030/kt4779s0dx	East Palo Alto Women's Club Records	ark:/13030/kt8j49q3pt
http://www.oac.cdlib.org/findaid/ark:/13030/kt7t1nf35x	East San Diego Chamber of Commerce Records	ark:/13030/tf4779p5jq
http://www.oac.cdlib.org/findaid/ark:/13030/tf1489n74f	"East West Players (Los Angeles, Calif.) Records"	ark:/13030/kt4199r6d2
http://www.oac.cdlib.org/findaid/ark:/13030/kt138n9874	East West Research Files	ark:/13030/kt4b69n6wx
http://www.oac.cdlib.org/findaid/ark:/13030/kt6290337r	East West Trade Associates records	ark:/13030/tf4m3nb8sq
http://www.oac.cdlib.org/findaid/ark:/13030/kt0q2nf01k	Easterbrook (Ernest Fred) papers	ark:/13030/tf4m3nb8sq
http://www.oac.cdlib.org/findaid/ark:/13030/c8fj2jnz	Easterby Family Papers	ark:/13030/kt8s2020gp
http://www.oac.cdlib.org/findaid/ark:/13030/kt2h4nd98d	Eastern European Oral History Project interviews	ark:/13030/tf4m3nb8sq
http://www.oac.cdlib.org/findaid/ark:/13030/tf387002f2	Eastland (Thomas B.) Papers	ark:/13030/tf7v19p5mm
http://www.oac.cdlib.org/findaid/ark:/13030/tf6w100646	Eastman (J.H.) Collection	ark:/13030/tf1489p250
http://www.oac.cdlib.org/findaid/ark:/13030/kt8z09r94h	Eastman (Joseph Houston) papers	ark:/13030/tf4m3nb8sq
http://www.oac.cdlib.org/findaid/ark:/13030/kt367nf2p1	Easton (Robert E.) Collection	ark:/13030/kt2j49q7f8
http://www.oac.cdlib.org/findaid/ark:/13030/kt0h4nf0vp	Easton (Robert O.) Collection	ark:/13030/kt2j49q7f8
http://www.oac.cdlib.org/findaid/ark:/13030/kt28703348	Eastwood (Alice) Papers	ark:/13030/kt9k4037h1
http://www.oac.cdlib.org/findaid/ark:/13030/tf4199n757	Eastwood (John Samuel) Papers	ark:/13030/tf009nb42r
http://www.oac.cdlib.org/findaid/ark:/13030/kt0m3nd9tq	Eaton (J. Lloyd) papers	ark:/13030/tf6t1nc14w
http://www.oac.cdlib.org/findaid/ark:/13030/c8bg2md1	Eaton (John) Papers	ark:/13030/kt2n39q9dc
http://www.oac.cdlib.org/findaid/ark:/13030/tf7v19n97d	Eaton (William) Papers	ark:/13030/tf209nb609
http://www.oac.cdlib.org/findaid/ark:/13030/kt0z09r3x1	Eaves (Gerald R.) Papers	ark:/13030/tf6g5012g8
http://www.oac.cdlib.org/findaid/ark:/13030/tf900009kz	Eberhart (Richard) Letters	ark:/13030/tf5r29p653
http://www.oac.cdlib.org/findaid/ark:/13030/kt5b69s24q	Eberhart (Roland) Collection	ark:/13030/kt1d5nc252
http://www.oac.cdlib.org/findaid/ark:/13030/tf8c6009g5	Eberson (Frederick) Papers	ark:/13030/tf0h4nb4sw
http://www.oac.cdlib.org/findaid/ark:/13030/tf7w1008k6	Ebsworth (Joseph W.) Papers	ark:/13030/tf129008pn
http://www.oac.cdlib.org/findaid/ark:/13030/tf8n39n9j2	Echeverría Martínez (Rodolfo) Collection	ark:/13030/tf4m3nb8sq
http://www.oac.cdlib.org/findaid/ark:/13030/c8t154fp	Echo (barkentine) logbook	ark:/13030/tf9d5nc0sj
http://www.oac.cdlib.org/findaid/ark:/13030/tf4h4nb0c0	Echo Lakes Association Papers	ark:/13030/tf7r29p8s0
http://www.oac.cdlib.org/findaid/ark:/13030/kt067nf07d	Eckart (Dietrich) printed material	ark:/13030/tf4m3nb8sq
http://www.oac.cdlib.org/findaid/ark:/13030/tf4290044c	"Eckbo (Garrett) Collection, 1933-1996"	ark:/13030/tf5j49p46b
http://www.oac.cdlib.org/findaid/ark:/13030/c8jw8fg4	"Eckbo, Royston &amp; Williams drawings"	ark:/13030/kt8779s1dn
http://www.oac.cdlib.org/findaid/ark:/13030/kt4f59r7ns	Eckert (Jerry) papers	ark:/13030/tf4m3nb8sq
http://www.oac.cdlib.org/findaid/ark:/13030/kt8580383c	Eckert (John Edward) Papers	ark:/13030/tf1489p250
http://www.oac.cdlib.org/findaid/ark:/13030/tf8d5nb2w9	Eckhardt (Tibor) Papers	ark:/13030/tf4m3nb8sq
http://www.oac.cdlib.org/findaid/ark:/13030/kt0v19r481	Eckhardt (William) writings	ark:/13030/tf4m3nb8sq
http://www.oac.cdlib.org/findaid/ark:/13030/kt6n39n8fr	Eckstein (Hans) Research Files	ark:/13030/kt98703819
http://www.oac.cdlib.org/findaid/ark:/13030/kt3s2037cd	Eckstein (Harry) Papers	ark:/13030/tf1p3008cx
http://www.oac.cdlib.org/findaid/ark:/13030/c8bk1b3b	Ecology Action Records	ark:/13030/tf7r29p8s0
http://www.oac.cdlib.org/findaid/ark:/13030/kt7r29s1pr	The Ecology of Nuclear War [videorecording]	ark:/13030/tf458010c5
http://www.oac.cdlib.org/findaid/ark:/13030/kt0t1nd8tj	Economic and Business Development Department Records	ark:/13030/tf6g5012g8
http://www.oac.cdlib.org/findaid/ark:/13030/kt7k4037cb	Economic and Financial Conference records	ark:/13030/tf4m3nb8sq
http://www.oac.cdlib.org/findaid/ark:/13030/kt7m3nf5pb	Economic and Youth Opportunities Agency of Greater Los Angeles records	ark:/13030/kt8f59q5cg
http://www.oac.cdlib.org/findaid/ark:/13030/kt258032kv	Economic conditions of Kuban Black Sea region typescript	ark:/13030/tf4m3nb8sq
http://www.oac.cdlib.org/findaid/ark:/13030/tf08700093	Economic Opportunity Office Records	ark:/13030/tf6g5012g8
http://www.oac.cdlib.org/findaid/ark:/13030/kt067nd99b	"Economic Research Bureau, Records of"	ark:/13030/tf4779p5jq
http://www.oac.cdlib.org/findaid/ark:/13030/kt0r29r8bb	Economics Club of Leland Stanford Junior University Records	ark:/13030/tf458010c5
http://www.oac.cdlib.org/findaid/ark:/13030/c8c24x5j	Ecuador Figurine Drawing Collection	ark:/13030/kt8489r6nk
http://www.oac.cdlib.org/findaid/ark:/13030/c81z42s4	Eddelman (William) Interview and Lecture	ark:/13030/tf458010c5
http://www.oac.cdlib.org/findaid/ark:/13030/c8xd13mq	Eddy (Nelson) collection compiled by Val Davison	ark:/13030/c8ff3t03
http://www.oac.cdlib.org/findaid/ark:/13030/c8dn43gt	Edelman (Ed) Photographs	ark:/13030/kt2n39q9dc
http://www.oac.cdlib.org/findaid/ark:/13030/c8hq40j3	Edelman (Edmund D.) Papers	ark:/13030/tf209nb609
http://www.oac.cdlib.org/findaid/ark:/13030/kt4g50067v	Edelstein (J.M.) Correspondence	ark:/13030/tf129008pn
http://www.oac.cdlib.org/findaid/ark:/13030/c8668gbr	Edgar G. Ulmer papers	ark:/13030/c8ff3t03
http://www.oac.cdlib.org/findaid/ark:/13030/kt6k403909	Edgar Spalsbury Portrait Album	ark:/13030/kt8s2020gp
http://www.oac.cdlib.org/findaid/ark:/13030/kt4199s0mq	Edgerton (Lucile Selk) Papers	ark:/13030/tf209nb609
http://www.oac.cdlib.org/findaid/ark:/13030/c8kd1x82	Edgewood Records	ark:/13030/tf809nb9vj
http://www.oac.cdlib.org/findaid/ark:/13030/tf1q2n97z3	Edinger and Johnston Company Collection	ark:/13030/tf5r29p4sf
http://www.oac.cdlib.org/findaid/ark:/13030/kt067nd8rk	Edison (J.) photographs	ark:/13030/tf4m3nb8sq
http://www.oac.cdlib.org/findaid/ark:/13030/c8xk8gsw	Edison (Thomas A.) Photograph	ark:/13030/c8736rx6
http://www.oac.cdlib.org/findaid/ark:/13030/c8zk5hc3	Edison (Thomas A.) Photographs	ark:/13030/kt4c60381d
http://www.oac.cdlib.org/findaid/ark:/13030/kt8g50380s	Editions stereoscopiques de guerre slides	ark:/13030/tf4m3nb8sq
http://www.oac.cdlib.org/findaid/ark:/13030/kt3g50347x	Edmiston (Eleanor) Collection	ark:/13030/tf4779p5jq
http://www.oac.cdlib.org/findaid/ark:/13030/c82j6d4p	Edmondson (Hugh A.) papers	ark:/13030/kt800021wp
http://www.oac.cdlib.org/findaid/ark:/13030/tf1z09n4rj	Edmondson (Mildred) Oral History	ark:/13030/tf7v19p5mm
http://www.oac.cdlib.org/findaid/ark:/13030/tf3b69n77x	Edmunds (John) Papers	ark:/13030/tf4000119v
http://www.oac.cdlib.org/findaid/ark:/13030/kt938nf5mn	Edouart (Alexander F.) papers	ark:/13030/tf4m3nb8sq
http://www.oac.cdlib.org/findaid/ark:/13030/kt4d5nd2zb	Edsall (Thomas Byrne) Papers	ark:/13030/tf4m3nb8sq
http://www.oac.cdlib.org/findaid/ark:/13030/tf629007gm	Edson (Katherine P.) Papers	ark:/13030/tf129008pn
http://www.oac.cdlib.org/findaid/ark:/13030/kt9q2nf7v5	Eduard Seelig papers	ark:/13030/tf9d5nc2vj
http://www.oac.cdlib.org/findaid/ark:/13030/c88c9xmf	Education and Information Studies (Graduate School of). Center X. Administrative files.	ark:/13030/tf1d5nb4kf
http://www.oac.cdlib.org/findaid/ark:/13030/tf4m3n99zb	Education Dept. -- School Apportionments and Reports Bureau Records	ark:/13030/tf6g5012g8
http://www.oac.cdlib.org/findaid/ark:/13030/tf3779n5p1	Education Dept. Records	ark:/13030/tf6g5012g8
http://www.oac.cdlib.org/findaid/ark:/13030/c8sx6fk7	Education (Graduate School of). Administrative files.	ark:/13030/tf1d5nb4kf
http://www.oac.cdlib.org/findaid/ark:/13030/tf4x0nb2t9	Education (Graduate School of). Assistant Dean for Programs. Administrative files of Marjorie Day.	ark:/13030/tf1d5nb4kf
http://www.oac.cdlib.org/findaid/ark:/13030/c8x34zqf	Education (Graduate School of). Dean. Administrative files of John Goodlad.	ark:/13030/tf1d5nb4kf
http://www.oac.cdlib.org/findaid/ark:/13030/c8n01820	Education (Graduate School of). Publications.	ark:/13030/tf1d5nb4kf
http://www.oac.cdlib.org/findaid/ark:/13030/c81j98hs	"Education Opportunity Program Records (University of California, Irvine)"	ark:/13030/kt3v19n8bk
http://www.oac.cdlib.org/findaid/ark:/13030/c8rb75z2	Education (School of). Reports.	ark:/13030/tf1d5nb4kf
http://www.oac.cdlib.org/findaid/ark:/13030/tf000000fr	Education Subject Collection	ark:/13030/tf4m3nb8sq
http://www.oac.cdlib.org/findaid/ark:/13030/kt5779r71g	Educational Research Council of America records	ark:/13030/tf4m3nb8sq
http://www.oac.cdlib.org/findaid/ark:/13030/tf9489p0g5	Educators and Librarians Collection	ark:/13030/tf5r29p4tz
http://www.oac.cdlib.org/findaid/ark:/13030/kt7q2nf7bs	Edward L. Schreiber papers	ark:/13030/tf9d5nc2vj
http://www.oac.cdlib.org/findaid/ark:/13030/kt000033dc	Edwards (Amy Ferguson) Photograph Albums	ark:/13030/tf458010c5
http://www.oac.cdlib.org/findaid/ark:/13030/tf458005ps	Edwards (Anne) papers	ark:/13030/tf129008pn
http://www.oac.cdlib.org/findaid/ark:/13030/ft0n39n3xr	Edwards (Arthur C.) Collection of musical compositions	ark:/13030/kt4199r6d2
http://www.oac.cdlib.org/findaid/ark:/13030/tf1k40042p	Edwards (Charles) Papers	ark:/13030/tf5r29p653
http://www.oac.cdlib.org/findaid/ark:/13030/kt096nc5sv	Edwards (Don) Congressional Papers	ark:/13030/kt8j49q3pt
http://www.oac.cdlib.org/findaid/ark:/13030/kt1d5nf0s9	Edwards (Edna) Interviews	ark:/13030/kt9k402381
http://www.oac.cdlib.org/findaid/ark:/13030/kt029030xs	Edwards (Gordon) typescript	ark:/13030/tf4m3nb8sq
http://www.oac.cdlib.org/findaid/ark:/13030/c8sj1j1m	Edwards (John W.) Papers	ark:/13030/tf6q2nc0cc
http://www.oac.cdlib.org/findaid/ark:/13030/kt5q2nf31k	Edwards (Lee) papers	ark:/13030/tf4m3nb8sq
http://www.oac.cdlib.org/findaid/ark:/13030/kt3m3nd8bx	Edwards (Marvin R.) papers	ark:/13030/tf4m3nb8sq
http://www.oac.cdlib.org/findaid/ark:/13030/c8w66mbv	"Edwards, Morgan: Sermons"	ark:/13030/c8vq312z
http://www.oac.cdlib.org/findaid/ark:/13030/kt2z09q747	Edwards (Neil) Photography Collection	ark:/13030/kt2n39q9dc
http://www.oac.cdlib.org/findaid/ark:/13030/kt8199s125	Edwards (Paul C.) miscellaneous papers	ark:/13030/tf4m3nb8sq
http://www.oac.cdlib.org/findaid/ark:/13030/kt067nf1zr	Edwards (Paul C.) Papers	ark:/13030/tf458010c5
http://www.oac.cdlib.org/findaid/ark:/13030/c8h70gjj	Edwards (Peter) drawing of the Hidalgo Plumbing building	ark:/13030/kt8779s1dn
http://www.oac.cdlib.org/findaid/ark:/13030/c8mw2hrw	"Edwards, Plunkett &amp; Howell drawings"	ark:/13030/kt8779s1dn
http://www.oac.cdlib.org/findaid/ark:/13030/c8h41s2b	Edwards-Pitman drawings	ark:/13030/kt8779s1dn
http://www.oac.cdlib.org/findaid/ark:/13030/c8j9674j	Edwin Ehrhardt Photograph Collection	ark:/13030/tf1f59p2n6
http://www.oac.cdlib.org/findaid/ark:/13030/tf409nb0hs	Eel River Water Council Collection	ark:/13030/tf009nb42r
http://www.oac.cdlib.org/findaid/ark:/13030/kt029030z9	Eendracht is Macht records	ark:/13030/tf4m3nb8sq
http://www.oac.cdlib.org/findaid/ark:/13030/c8ft8jdv	Eesti NSV Riikliku Julgeoleku Komitee records	ark:/13030/tf4m3nb8sq
http://www.oac.cdlib.org/findaid/ark:/13030/tf8c60066k	Efimov (Avenir G.) Papers	ark:/13030/tf4m3nb8sq
http://www.oac.cdlib.org/findaid/ark:/13030/kt5d5nf3d9	Efimovskiĭ (Evgeniĭ Amvrosievich) papers	ark:/13030/tf4m3nb8sq
http://www.oac.cdlib.org/findaid/ark:/13030/ft7x0nb3gx	Efraín Gutiérrez Papers	ark:/13030/tf5r29p4tz
http://www.oac.cdlib.org/findaid/ark:/13030/tf9k4009f8	Egan (Richard) Manuscript Maps of Orange County	ark:/13030/tf1p3008cx
http://www.oac.cdlib.org/findaid/ark:/13030/kt7j49r9f7	Egbert (Donald Drew) typescript	ark:/13030/tf4m3nb8sq
http://www.oac.cdlib.org/findaid/ark:/13030/tf858005vm	Egbert (Edward H.) Papers	ark:/13030/tf4m3nb8sq
http://www.oac.cdlib.org/findaid/ark:/13030/kt4q2nd9bc	Egerskii vestnik bulletins	ark:/13030/tf4m3nb8sq
http://www.oac.cdlib.org/findaid/ark:/13030/c8k0760x	Egerton (Henry C.) Papers	ark:/13030/kt8s2020gp
http://www.oac.cdlib.org/findaid/ark:/13030/kt9j49p8qm	Eggers (John H.) Papers	ark:/13030/tf129008pn
http://www.oac.cdlib.org/findaid/ark:/13030/kt038nd786	Eggertsen (Claude A.) papers	ark:/13030/tf4m3nb8sq
http://www.oac.cdlib.org/findaid/ark:/13030/tf2580023x	Eggleston (Arthur D.) Papers	ark:/13030/tf7r29p8s0
http://www.oac.cdlib.org/findaid/ark:/13030/tf3290032j	Eggleston (William G.) Papers	ark:/13030/tf7r29p8s0
http://www.oac.cdlib.org/findaid/ark:/13030/kt7m3nf2c7	Egle (William H.) Collection	ark:/13030/tf4779p5jq
http://www.oac.cdlib.org/findaid/ark:/13030/kt4v19q9nx	Egly (Paul) Papers	ark:/13030/tf129008pn
http://www.oac.cdlib.org/findaid/ark:/13030/c8fn16zh	Egypt (antiquities of) photograph album	ark:/13030/tf129008pn
http://www.oac.cdlib.org/findaid/ark:/13030/kt5m3nf0cn	Egypt. Delegation for Negotiations with Great Britain memorandum	ark:/13030/tf4m3nb8sq
http://www.oac.cdlib.org/findaid/ark:/13030/kt1x0nb74s	Egypt Photograph Album	ark:/13030/kt2j49q7f8
http://www.oac.cdlib.org/findaid/ark:/13030/kt9p3015rf	Egyptian Manuscripts in Arabic Collection	ark:/13030/tf129008pn
http://www.oac.cdlib.org/findaid/ark:/13030/kt409nd9z3	Egyptian subject collection	ark:/13030/tf4m3nb8sq
http://www.oac.cdlib.org/findaid/ark:/13030/c8hm57f0	Ehmcke (Caspar Johann) papers	ark:/13030/kt8779s1dn
http://www.oac.cdlib.org/findaid/ark:/13030/kt3t1n99q2	Ehrenberg (Felipe) Papers	ark:/13030/tf5r29p4tz
http://www.oac.cdlib.org/findaid/ark:/13030/kt800038sz	Ehrhorn (Jack) collection of Stone Boat Yard naval architectural drawings	ark:/13030/tf9d5nc0sj
http://www.oac.cdlib.org/findaid/ark:/13030/c8p84b6t	Ehrhorn (Jack) collection of Stone Boat Yard photographs	ark:/13030/tf9d5nc0sj
http://www.oac.cdlib.org/findaid/ark:/13030/kt3r29r8pf	Ehrlich (Paul) Papers	ark:/13030/tf458010c5
http://www.oac.cdlib.org/findaid/ark:/13030/c8kw5hd7	Ehrlich (Richard) Holocaust Archives Series Photograph Collection	ark:/13030/kt9k402381
http://www.oac.cdlib.org/findaid/ark:/13030/c8ws8tss	Ehrlich (Richard) Photographs of the Holocaust Museum	ark:/13030/tf129008pn
http://www.oac.cdlib.org/findaid/ark:/13030/c89w0g2z	"Ehrlichman (John D.) Papers, White House Special Files, 01/20/1969 - 04/30/1973"	ark:/13030/c8tm79dx
http://www.oac.cdlib.org/findaid/ark:/13030/tf7w1005vw	Ehrlichman (John) Papers	ark:/13030/tf4m3nb8sq
http://www.oac.cdlib.org/findaid/ark:/13030/c87h1k6z	Eibhlyn (Arawn) Papers	ark:/13030/tf8j49p7c9
http://www.oac.cdlib.org/findaid/ark:/13030/c8j67jnb	Eichelberger (Major-General R. L.) Papers	ark:/13030/c8cn7290
http://www.oac.cdlib.org/findaid/ark:/13030/tf5p300721	Eichelberger (Robert L.) Papers	ark:/13030/tf129008pn
http://www.oac.cdlib.org/findaid/ark:/13030/kt0k4009rg	Eichhem (Henry) Papers	ark:/13030/kt2j49q7f8
http://www.oac.cdlib.org/findaid/ark:/13030/c8cv4grq	Eichler (Alfred) papers	ark:/13030/kt8779s1dn
http://www.oac.cdlib.org/findaid/ark:/13030/kt7f59r9r7	Eichmann (Adolf) trial excerpts	ark:/13030/tf4m3nb8sq
http://www.oac.cdlib.org/findaid/ark:/13030/kt7m3nf1wh	"Eichrodt, Joan Beecher collection"	ark:/13030/tf4m3nb8sq
http://www.oac.cdlib.org/findaid/ark:/13030/kt2r29r8w7	Eickhoff (Henry) Photographs of Stanford University	ark:/13030/tf458010c5
http://www.oac.cdlib.org/findaid/ark:/13030/kt5199r8jd	Eidel'man (N. IA.) typescript	ark:/13030/tf4m3nb8sq
http://www.oac.cdlib.org/findaid/ark:/13030/kt8x0nf3tq	Eidgenossische Technische Hochschule Zurich collection	ark:/13030/tf4m3nb8sq
http://www.oac.cdlib.org/findaid/ark:/13030/kt358033m5	Eifler (Carl Frederick) papers	ark:/13030/tf4m3nb8sq
http://www.oac.cdlib.org/findaid/ark:/13030/kt3g5036x7	Eighmy (J. W.) Notebook	ark:/13030/tf4779p5jq
http://www.oac.cdlib.org/findaid/ark:/13030/c8q23z81	Eighteenth Century French Plays	ark:/13030/kt2j49q7f8
http://www.oac.cdlib.org/findaid/ark:/13030/kt4k40336w	Eigner (Larry) Papers	ark:/13030/tf5r29p4tz
http://www.oac.cdlib.org/findaid/ark:/13030/kt296nd80g	Eiler (Keith E.)	ark:/13030/tf4m3nb8sq
http://www.oac.cdlib.org/findaid/ark:/13030/kt8v19s0kp	Eilers (William L.) miscellany	ark:/13030/tf4m3nb8sq
http://www.oac.cdlib.org/findaid/ark:/13030/c8v69mqm	Einreinhofer (Bill) Collection	ark:/13030/c8zp473v
http://www.oac.cdlib.org/findaid/ark:/13030/tf0n39n51w	Einstein (Alfred) Memorabilia	ark:/13030/tf4000119v
http://www.oac.cdlib.org/findaid/ark:/13030/tf0779n59d	Einstein (Alfred) Papers	ark:/13030/tf4000119v
http://www.oac.cdlib.org/findaid/ark:/13030/tf567nb1ct	Einstein (Hans A.) Flow Collection	ark:/13030/tf009nb42r
http://www.oac.cdlib.org/findaid/ark:/13030/tf0779n5bx	Einstein (Hans A.) Papers	ark:/13030/tf009nb42r
http://www.oac.cdlib.org/findaid/ark:/13030/tf5t1nb1wh	Einstein (Hans A.) Sediment Transport Collection	ark:/13030/tf009nb42r
http://www.oac.cdlib.org/findaid/ark:/13030/kt6r29s3sz	Eisele(Robert)scripts	ark:/13030/kt4199r6d2
http://www.oac.cdlib.org/findaid/ark:/13030/kt267nc4mr	Eisenberg (Frances R.) L.A. City Schools Loyalty Oath Collection	ark:/13030/tf129008pn
http://www.oac.cdlib.org/findaid/ark:/13030/tf0c6000rg	Eisenberg (Francis R.) Papers: Blacklisted Teachers in Los Angeles	ark:/13030/tf7q2nb9fm
http://www.oac.cdlib.org/findaid/ark:/13030/c8833sq3	Eisenhower (Dwight D.) Ephemera Collection	ark:/13030/kt2j49q7f8
http://www.oac.cdlib.org/findaid/ark:/13030/kt867nc9cd	Eisenman (Peter) Architectural drawings for House VI	ark:/13030/kt98703819
http://www.oac.cdlib.org/findaid/ark:/13030/kt3x0nf1fh	Eisenman (Peter) Architectural Drawings for House VI	ark:/13030/kt98703819
http://www.oac.cdlib.org/findaid/ark:/13030/kt5870386n	Eisenshtat (Sidney) Papers	ark:/13030/tf6t1nc15d
http://www.oac.cdlib.org/findaid/ark:/13030/c8b27vxd	"Eisinger (Jean) Papers, White House Central Files, 1969-1974"	ark:/13030/c8tm79dx
http://www.oac.cdlib.org/findaid/ark:/13030/kt8q2nf6bm	Eisler (Dorothy) Collection	ark:/13030/kt1v19q1s6
http://www.oac.cdlib.org/findaid/ark:/13030/kt5t1nf4bc	Eisler (Hanns) papers	ark:/13030/kt5j49q642
http://www.oac.cdlib.org/findaid/ark:/13030/kt6w1037bg	Eisner (Betty Grover) Papers	ark:/13030/tf458010c5
http://www.oac.cdlib.org/findaid/ark:/13030/kt7f59s38j	Eisner (Elliot W.) Papers	ark:/13030/tf458010c5
http://www.oac.cdlib.org/findaid/ark:/13030/kt5489p58k	Eisner (Milton D.) Papers	ark:/13030/tf7r29p8s0
http://www.oac.cdlib.org/findaid/ark:/13030/kt2r29n5td	Eissler (Fred) Collection	ark:/13030/kt2j49q7f8
http://www.oac.cdlib.org/findaid/ark:/13030/tf6g50051j	Eitel (William W.) Papers	ark:/13030/tf5r29p4tz
http://www.oac.cdlib.org/findaid/ark:/13030/kt7580360j	Eizans (Andrejs) papers	ark:/13030/tf4m3nb8sq
http://www.oac.cdlib.org/findaid/ark:/13030/kt5489r86w	Ekonomicheskoe polizhenie Sov. Rossii typescript	ark:/13030/tf4m3nb8sq
http://www.oac.cdlib.org/findaid/ark:/13030/c82r3t17	Ekstrand (Kasia) Photographs of San Jose	ark:/13030/kt1d5nc252
http://www.oac.cdlib.org/findaid/ark:/13030/kt909nf427	Ekstrom (Clarence E.) papers	ark:/13030/tf4m3nb8sq
http://www.oac.cdlib.org/findaid/ark:/13030/c83b5xhp	El Cajon Horticultural Society Records	ark:/13030/kt0g50151g
http://www.oac.cdlib.org/findaid/ark:/13030/tf896nb6tj	El Dorado Co. (Calif.) Gold Rush Papers	ark:/13030/tf609nb7wg
http://www.oac.cdlib.org/findaid/ark:/13030/kt6h4nb1kj	El Dorado County Archives?	ark:/13030/tf209nb609
http://www.oac.cdlib.org/findaid/ark:/13030/tf296n98fh	El Dorado County Deeds	ark:/13030/tf5r29p4sf
http://www.oac.cdlib.org/findaid/ark:/13030/tf9s2007ck	El Espectador : Weekly Spanish Language Newspaper	ark:/13030/tf5r29p4tz
http://www.oac.cdlib.org/findaid/ark:/13030/tf8199n9hm	El Malcriado : Spanish language newspaper	ark:/13030/tf5r29p4tz
http://www.oac.cdlib.org/findaid/ark:/13030/kt0z09r611	El Nido Services and Lodges records	ark:/13030/kt8f59q5cg
http://www.oac.cdlib.org/findaid/ark:/13030/kt700034m4	El Paladin (Newspaper) Collection	ark:/13030/kt187015vw
http://www.oac.cdlib.org/findaid/ark:/13030/c8z039sc	El Paseo Scrapbooks	ark:/13030/c8kp82ph
http://www.oac.cdlib.org/findaid/ark:/13030/kt3000252n	El Paso (built 1924; ferry) postcard	ark:/13030/tf9d5nc0sj
http://www.oac.cdlib.org/findaid/ark:/13030/c88c9x1t	El Paso (built 1924; ferry) records	ark:/13030/tf9d5nc0sj
http://www.oac.cdlib.org/findaid/ark:/13030/c8xw4hsw	El Teatro Campesino Archives	ark:/13030/kt2j49q7f8
http://www.oac.cdlib.org/findaid/ark:/13030/kt7d5nf2jh	El Toro Airport (Collection on the Development of)	ark:/13030/tf1p3008cx
http://www.oac.cdlib.org/findaid/ark:/13030/kt3n39r62h	Elachich (S. A.) typescript	ark:/13030/tf4m3nb8sq
http://www.oac.cdlib.org/findaid/ark:/13030/c8668g8v	Elbogen (Paul) Papers	ark:/13030/tf1489p250
http://www.oac.cdlib.org/findaid/ark:/13030/kt1k4031qr	El'darova (Margarita Khristoforovna) holograph	ark:/13030/tf4m3nb8sq
http://www.oac.cdlib.org/findaid/ark:/13030/ft4s20047w	Elder (Paul) and Company Collection	ark:/13030/kt2j49q7f8
http://www.oac.cdlib.org/findaid/ark:/13030/kt08703287	Eldred Family Papers	ark:/13030/tf4779p5jq
http://www.oac.cdlib.org/findaid/ark:/13030/kt738nb41d	Eldredge (Helen W.) Papers	ark:/13030/tf129008pn
http://www.oac.cdlib.org/findaid/ark:/13030/c8pz59km	Elections Committee of the County of Orange (ECCO) Records	ark:/13030/tf1p3008cx
http://www.oac.cdlib.org/findaid/ark:/13030/kt8m3nf57x	Elections et les partis typescript	ark:/13030/tf4m3nb8sq
http://www.oac.cdlib.org/findaid/ark:/13030/kt0j49r990	Elias Aelion oral history interview	ark:/13030/tf9d5nc2vj
http://www.oac.cdlib.org/findaid/ark:/13030/c87d2vrs	Elias (Paul) field notes	ark:/13030/c8dj5g7k
http://www.oac.cdlib.org/findaid/ark:/13030/kt6p3038k8	Eliashev typescript	ark:/13030/tf4m3nb8sq
http://www.oac.cdlib.org/findaid/ark:/13030/tf8r29n9dn	Eliel (Harriet J.) Oral History	ark:/13030/tf7v19p5mm
http://www.oac.cdlib.org/findaid/ark:/13030/kt60003432	Eliel (Paul) miscellaneous papers	ark:/13030/tf4m3nb8sq
http://www.oac.cdlib.org/findaid/ark:/13030/kt7g5034xh	Eliot (T. S.) Papers	ark:/13030/tf5h4nb7td
http://www.oac.cdlib.org/findaid/ark:/13030/tf8f59n9k8	Eliseev (Fedor I.) Memoirs	ark:/13030/tf4m3nb8sq
http://www.oac.cdlib.org/findaid/ark:/13030/tf6p30058g	Elk River Mill and Lumber Co. Records	ark:/13030/tf7r29p8s0
http://www.oac.cdlib.org/findaid/ark:/13030/tf596nb18x	Elkins (Kate F.) Collection	ark:/13030/tf5r29p4tz
http://www.oac.cdlib.org/findaid/ark:/13030/tf2x0n99s3	Elkus (Albert Israel) Papers	ark:/13030/tf7r29p8s0
http://www.oac.cdlib.org/findaid/ark:/13030/tf187002bw	Elkus (Albert) Papers	ark:/13030/tf4000119v
http://www.oac.cdlib.org/findaid/ark:/13030/tf8q2nb3q5	Elkus (Bertha K.) Scrapbooks	ark:/13030/tf4000119v
http://www.oac.cdlib.org/findaid/ark:/13030/tf4199n736	Elkus (Elizabeth) Papers	ark:/13030/tf4000119v
http://www.oac.cdlib.org/findaid/ark:/13030/tf4p3004fz	Elkus (Jonathan) Papers	ark:/13030/tf4000119v
http://www.oac.cdlib.org/findaid/ark:/13030/c8sf2z9h	Ellacuría (Ignacio) Collection	ark:/13030/tf6g5012hs
http://www.oac.cdlib.org/findaid/ark:/13030/kt3p303414	Elleman (Bruce A.) papers	ark:/13030/tf4m3nb8sq
http://www.oac.cdlib.org/findaid/ark:/13030/kt20002907	Ellenberger (Allan R.) Collection on Ramon Novarro	ark:/13030/kt2n39q9dc
http://www.oac.cdlib.org/findaid/ark:/13030/kt309nf44d	Ellenwood (Cecilia Freeman Atherton) Class Notes	ark:/13030/tf458010c5
http://www.oac.cdlib.org/findaid/ark:/13030/kt0n39r8vf	Ellenwood (Frank Oakes) materials on Stanford and William F. Durand	ark:/13030/tf458010c5
http://www.oac.cdlib.org/findaid/ark:/13030/c8s183t1	Ellerbe (Rose L.) Papers	ark:/13030/kt8489r6nk
http://www.oac.cdlib.org/findaid/ark:/13030/tf4j49n77j	Ellet Family Papers	ark:/13030/tf5r29p4tz
http://www.oac.cdlib.org/findaid/ark:/13030/tf0x0nb147	Ellingham (Lewis). POET BE LIKE GOD	ark:/13030/tf5r29p653
http://www.oac.cdlib.org/findaid/ark:/13030/kt000030hg	Ellington (Richard) papers	ark:/13030/tf4m3nb8sq
http://www.oac.cdlib.org/findaid/ark:/13030/c8f76f9n	Elliot (Bradford W.) Papers	ark:/13030/kt8s2020gp
http://www.oac.cdlib.org/findaid/ark:/13030/c8j104xk	Elliot (Stephen F.) Papers	ark:/13030/kt8s2020gp
http://www.oac.cdlib.org/findaid/ark:/13030/c8mk6fk7	Elliott (Doug) papers	ark:/13030/kt2n39q9dc
http://www.oac.cdlib.org/findaid/ark:/13030/kt9c60401j	Elliott (Ellen Coit) Papers	ark:/13030/tf458010c5
http://www.oac.cdlib.org/findaid/ark:/13030/tf8g500604	Elliott Family Papers	ark:/13030/tf5r29p4sf
http://www.oac.cdlib.org/findaid/ark:/13030/c8mp5410	Elliott (Harold F.) Papers	ark:/13030/kt1d5nc252
http://www.oac.cdlib.org/findaid/ark:/13030/kt109nd6v5	Elliott (John Elbert) papers	ark:/13030/tf4m3nb8sq
http://www.oac.cdlib.org/findaid/ark:/13030/kt7n39s5jz	Elliott (Orrin Leslie) Correspondence	ark:/13030/tf458010c5
http://www.oac.cdlib.org/findaid/ark:/13030/kt9n39s1v9	Elliott (Orrin Leslie) Papers	ark:/13030/tf458010c5
http://www.oac.cdlib.org/findaid/ark:/13030/tf6b69p0s6	Elliott (Robert) Papers	ark:/13030/tf5r29p653
http://www.oac.cdlib.org/findaid/ark:/13030/tf1199n4gh	Elliott (William Yandell) papers	ark:/13030/tf4m3nb8sq
http://www.oac.cdlib.org/findaid/ark:/13030/tf4f59n9k1	Ellis Booksellers Records	ark:/13030/tf129008pn
http://www.oac.cdlib.org/findaid/ark:/13030/tf809nb537	Ellis Club of Los Angeles Collection of Musical Arrangements and Papers	ark:/13030/kt4199r6d2
http://www.oac.cdlib.org/findaid/ark:/13030/tf167n97q6	Ellis (Emory L.) Papers	ark:/13030/tf938nc278
http://www.oac.cdlib.org/findaid/ark:/13030/kt7f59s09m	Ellis Family Theater Memorabilia Collection	ark:/13030/tf4779p5jq
http://www.oac.cdlib.org/findaid/ark:/13030/tf4d5nb2jw	Ellis (Havelock) Papers	ark:/13030/tf129008pn
http://www.oac.cdlib.org/findaid/ark:/13030/tf5w1004m5	Ellis (Henry H.) Papers	ark:/13030/tf7r29p8s0
http://www.oac.cdlib.org/findaid/ark:/13030/kt3z09q4pc	Ellis (James L.) Papers	ark:/13030/tf6g5012g8
http://www.oac.cdlib.org/findaid/ark:/13030/kt029030qp	Ellis (Leon Hubbard) papers	ark:/13030/tf4m3nb8sq
http://www.oac.cdlib.org/findaid/ark:/13030/tf9s2007j5	Ellis (P. B.) Papers	ark:/13030/tf7r29p8s0
http://www.oac.cdlib.org/findaid/ark:/13030/kt3t1nc48t	Ellison (Harlan) Collection	ark:/13030/kt2j49q7f8
http://www.oac.cdlib.org/findaid/ark:/13030/kt1p3024xh	Ellison (Ralph) Collection	ark:/13030/tf5h4nb7td
http://www.oac.cdlib.org/findaid/ark:/13030/c85q4wq0	Elmadjian (Fred) Collection	ark:/13030/tf8h4nc0sw
http://www.oac.cdlib.org/findaid/ark:/13030/tf196n98f6	Elmer (Minnie) Collection	ark:/13030/tf4000119v
http://www.oac.cdlib.org/findaid/ark:/13030/c8wq02rh	Elmhurst (ship) journal	ark:/13030/tf9d5nc0sj
http://www.oac.cdlib.org/findaid/ark:/13030/kt0w1010kz	Elmslie (Kenward) Papers	ark:/13030/tf5r29p653
http://www.oac.cdlib.org/findaid/ark:/13030/kt6m3nd4p3	Eloesser (Leo) Papers	ark:/13030/tf4m3nb8sq
http://www.oac.cdlib.org/findaid/ark:/13030/kt8f59r9jf	Eloesser (Nina Franstead) papers	ark:/13030/tf4m3nb8sq
http://www.oac.cdlib.org/findaid/ark:/13030/kt1d5nd6qq	Elsbree (Langdon) Papers	ark:/13030/kt9g5023wp
http://www.oac.cdlib.org/findaid/ark:/13030/tf1h4n98bz	Elsen (Albert Edward) Papers	ark:/13030/tf458010c5
http://www.oac.cdlib.org/findaid/ark:/13030/kt5z09r7bq	Elstad (Peter Howard) collection	ark:/13030/tf4m3nb8sq
http://www.oac.cdlib.org/findaid/ark:/13030/kt1779r46c	Elster (Arlene) Papers	ark:/13030/tf8j49p7c9
http://www.oac.cdlib.org/findaid/ark:/13030/tf8s2009dr	Elster (Ernestine S.) Files of the Calif. State Resources Commission	ark:/13030/tf129008pn
http://www.oac.cdlib.org/findaid/ark:/13030/kt1b69p3w0	Elston (Allan V.) Papers	ark:/13030/tf129008pn
http://www.oac.cdlib.org/findaid/ark:/13030/tf5870051x	Elston (Arnold) Musical Compositions amd Papers	ark:/13030/tf4000119v
http://www.oac.cdlib.org/findaid/ark:/13030/kt7g50364k	Eltse (Ruth Ricci) papers	ark:/13030/tf4m3nb8sq
http://www.oac.cdlib.org/findaid/ark:/13030/tf4v19n75g	Elwell (Cyril F.) Papers	ark:/13030/tf5r29p4tz
http://www.oac.cdlib.org/findaid/ark:/13030/tf0g5000dz	Ely (Louise F.) Diary	ark:/13030/tf7v19p5mm
http://www.oac.cdlib.org/findaid/ark:/13030/ft1g5002n7	Ely (Northcutt)	ark:/13030/tf5r29p4tz
http://www.oac.cdlib.org/findaid/ark:/13030/kt42903374	Ely (Northcutt) typescript	ark:/13030/tf4m3nb8sq
http://www.oac.cdlib.org/findaid/ark:/13030/tf4q2nb0dt	"Ely (Walter R., Jr.) Papers"	ark:/13030/tf209nb609
http://www.oac.cdlib.org/findaid/ark:/13030/c86q1vp9	Elysian Fields Collection	ark:/13030/kt2n39q9dc
http://www.oac.cdlib.org/findaid/ark:/13030/c8cr5snf	Emancipation Proclamation	ark:/13030/kt4c60381d
http://www.oac.cdlib.org/findaid/ark:/13030/kt2q2nf2kf	Emanu-El Residence Club of San Francisco records	ark:/13030/tf7r29p8s0
http://www.oac.cdlib.org/findaid/ark:/13030/kt42903395	Embree (Edwin Rogers) mimeograph	ark:/13030/tf4m3nb8sq
http://www.oac.cdlib.org/findaid/ark:/13030/tf9h4nb3n4	Emel'ianov (Ivan V.) Papers	ark:/13030/tf4m3nb8sq
http://www.oac.cdlib.org/findaid/ark:/13030/kt196nd538	Emergency Medical Services Authority Records	ark:/13030/tf6g5012g8
http://www.oac.cdlib.org/findaid/ark:/13030/c8sj1n0d	Emeriti Association. Administrative files.	ark:/13030/tf1d5nb4kf
http://www.oac.cdlib.org/findaid/ark:/13030/kt1p3033tx	Emerson (Edwin) letter	ark:/13030/tf4m3nb8sq
http://www.oac.cdlib.org/findaid/ark:/13030/kt9v19s3qh	Emerson (Eloise) papers	ark:/13030/tf6t1nc14w
http://www.oac.cdlib.org/findaid/ark:/13030/kt3t1nd9kb	Emerson (George H.) papers	ark:/13030/tf4m3nb8sq
http://www.oac.cdlib.org/findaid/ark:/13030/kt6t1nb227	Emerson (Nathaniel B.) Papers?	ark:/13030/tf209nb609
http://www.oac.cdlib.org/findaid/ark:/13030/kt2p3017kn	"Emerson (Ralph W.) Letter, 1859"	ark:/13030/kt2j49q7f8
http://www.oac.cdlib.org/findaid/ark:/13030/kt1d5nc41z	"Emerson (Ralph W.) Letter, 1861"	ark:/13030/kt2j49q7f8
http://www.oac.cdlib.org/findaid/ark:/13030/tf7f59p2jh	Emerson (Ralph Waldo) letter	ark:/13030/tf5r29p653
http://www.oac.cdlib.org/findaid/ark:/13030/c8p270bj	Emerson (Rebecca) Papers	ark:/13030/kt9c6029ms
http://www.oac.cdlib.org/findaid/ark:/13030/kt738nf3sn	Emery (Jacob Adams) letters	ark:/13030/tf4m3nb8sq
http://www.oac.cdlib.org/findaid/ark:/13030/kt5g50343g	Emin (Vahan) collection	ark:/13030/tf4m3nb8sq
http://www.oac.cdlib.org/findaid/ark:/13030/c8cr5wf0	Emler (Mahala E.) Diary Collection	ark:/13030/c8736rx6
http://www.oac.cdlib.org/findaid/ark:/13030/c89k4cr3	Emler (Ron) Photographs and Greeting Cards	ark:/13030/kt2n39q9dc
http://www.oac.cdlib.org/findaid/ark:/13030/ft6z09n9c6	Emma Lazarus Jewish Women's Clubs of Los Angeles Records	ark:/13030/tf7q2nb9fm
http://www.oac.cdlib.org/findaid/ark:/13030/tf8n39n9kk	Emmerson (John K.) Papers	ark:/13030/tf4m3nb8sq
http://www.oac.cdlib.org/findaid/ark:/13030/tf209n98fj	Emmet (Christopher T.) papers	ark:/13030/tf4m3nb8sq
http://www.oac.cdlib.org/findaid/ark:/13030/tf1t1n98dz	Emmons (Delos C.) Papers	ark:/13030/tf4m3nb8sq
http://www.oac.cdlib.org/findaid/ark:/13030/c8x92bx0	Emmy Awards Collection of Music Scores	ark:/13030/tf129008pn
http://www.oac.cdlib.org/findaid/ark:/13030/kt3199r7fr	EMNID-Institut fur Meinungsforschung und Sozialforschung records	ark:/13030/tf4m3nb8sq
http://www.oac.cdlib.org/findaid/ark:/13030/kt1489r5qz	Emparan (Madie Brown) papers	ark:/13030/tf4m3nb8sq
http://www.oac.cdlib.org/findaid/ark:/13030/tf4s2003pr	Empey (William Y.) Papers	ark:/13030/tf209nb609
http://www.oac.cdlib.org/findaid/ark:/13030/tf2m3n98hh	Empire Mill and Mining Company Collection	ark:/13030/tf5r29p4sf
http://www.oac.cdlib.org/findaid/ark:/13030/kt3v19n6jq	Empire Mine State Historic Park Collection	ark:/13030/kt3g50036k
http://www.oac.cdlib.org/findaid/ark:/13030/c8df6s66	Employers' Associations Collection	ark:/13030/tf7779p81b
http://www.oac.cdlib.org/findaid/ark:/13030/tf9m3nb3fp	Employment Dept. -- Social Workers Placement Service Records	ark:/13030/tf6g5012g8
http://www.oac.cdlib.org/findaid/ark:/13030/kt3r29q8dv	Employment Dept. and Human Resources Development Dept. Records	ark:/13030/tf6g5012g8
http://www.oac.cdlib.org/findaid/ark:/13030/tf6m3nb19q	Employment Stabilization Commission Records	ark:/13030/tf6g5012g8
http://www.oac.cdlib.org/findaid/ark:/13030/kt1b69r7mp	en la Mira (America)	ark:/13030/kt187015vw
http://www.oac.cdlib.org/findaid/ark:/13030/kt2m3nf111	en L.A. (Vista) Archive	ark:/13030/kt187015vw
http://www.oac.cdlib.org/findaid/ark:/13030/c84x58dn	Encore (schooner) logbook	ark:/13030/tf9d5nc0sj
http://www.oac.cdlib.org/findaid/ark:/13030/c8hx1dwg	Enderlin (Calvin Charles) Enegineering Reports on Mining and Metallurgy	ark:/13030/tf458010c5
http://www.oac.cdlib.org/findaid/ark:/13030/kt2p30043h	Endore (S. Guy) Papers	ark:/13030/tf129008pn
http://www.oac.cdlib.org/findaid/ark:/13030/tf938nb32q	Energy Commission -- Siting and Environmental Division Records	ark:/13030/tf6g5012g8
http://www.oac.cdlib.org/findaid/ark:/13030/tf896nb2mh	Energy Commission Records	ark:/13030/tf6g5012g8
http://www.oac.cdlib.org/findaid/ark:/13030/c8ww7jb9	"Energy Policy Office Papers, White House Central Files, 1973-1974"	ark:/13030/c8tm79dx
http://www.oac.cdlib.org/findaid/ark:/13030/tf100000tr	Engel (Edward J.) Collection	ark:/13030/tf0f59p354
http://www.oac.cdlib.org/findaid/ark:/13030/c8cz38v7	Engel (Fred) family photograph collection	ark:/13030/tf1870105s
http://www.oac.cdlib.org/findaid/ark:/13030/kt3b69q9qc	Engel (Mark) Papers	ark:/13030/tf5h4nb7td
http://www.oac.cdlib.org/findaid/ark:/13030/ft3n39n626	Engelbart (Douglas C.) Papers	ark:/13030/tf5r29p4tz
http://www.oac.cdlib.org/findaid/ark:/13030/kt8r29s45r	Engelbart (Douglas) Symposia Records	ark:/13030/tf458010c5
http://www.oac.cdlib.org/findaid/ark:/13030/kt200017t7	Engelke (Marian E.) Printing Ephemera Collection	ark:/13030/tf129008pn
http://www.oac.cdlib.org/findaid/ark:/13030/kt0s2032h4	Engelman (Harry) papers	ark:/13030/kt8f59q5cg
http://www.oac.cdlib.org/findaid/ark:/13030/kt9489s3g9	Engelmore (Robert) Papers	ark:/13030/tf458010c5
http://www.oac.cdlib.org/findaid/ark:/13030/c89w0g6r	"Engh (Michael, S.J.) Collection of Mary Julia Workman Research Materials"	ark:/13030/kt9k402381
http://www.oac.cdlib.org/findaid/ark:/13030/c87p90rv	Engineering and Applied Science (School of). Accreditation Board for Engineering and Technology (ABET) files.	ark:/13030/tf1d5nb4kf
http://www.oac.cdlib.org/findaid/ark:/13030/c8222wxf	Engineering and Applied Science (School of). Bio-Technology Laboratory. Publications.	ark:/13030/tf1d5nb4kf
http://www.oac.cdlib.org/findaid/ark:/13030/c8cz38j6	Engineering and Applied Science (School of). Course proposal files.	ark:/13030/tf1d5nb4kf
http://www.oac.cdlib.org/findaid/ark:/13030/c8n87bkk	Engineering and Applied Science (School of). Dean. Administrative Files.	ark:/13030/tf1d5nb4kf
http://www.oac.cdlib.org/findaid/ark:/13030/c8vd70tt	Engineering and Applied Science (School of). Engineering Executive Program. Records.	ark:/13030/tf1d5nb4kf
http://www.oac.cdlib.org/findaid/ark:/13030/c8nc62kx	Engineering and Applied Science (School of). Executive Committee. Records.	ark:/13030/tf1d5nb4kf
http://www.oac.cdlib.org/findaid/ark:/13030/c8mw2jh5	Engineering and Applied Science (School of). Graduate Policy Committee. Records.	ark:/13030/tf1d5nb4kf
http://www.oac.cdlib.org/findaid/ark:/13030/tf529005x2	Engineering and Applied Science (School of). Hazardous Substances Control Research Center. Records.	ark:/13030/tf1d5nb4kf
http://www.oac.cdlib.org/findaid/ark:/13030/c8w0979x	Engineering and Applied Science (School of). Nuclear Energy Laboratory. Records.	ark:/13030/tf1d5nb4kf
http://www.oac.cdlib.org/findaid/ark:/13030/c8k64kqt	Engineering and Applied Science (School of). Publications and reports.	ark:/13030/tf1d5nb4kf
http://www.oac.cdlib.org/findaid/ark:/13030/tf8779p28c	Engineering (College of). Administrative files of C. [Charles] Martin Duke.	ark:/13030/tf1d5nb4kf
http://www.oac.cdlib.org/findaid/ark:/13030/tf1r29n7mm	Engineering (College of). Outgoing administrative correspondence of Charles Martin Duke.	ark:/13030/tf1d5nb4kf
http://www.oac.cdlib.org/findaid/ark:/13030/kt2s2035sb	Engineering Courses at Stanford University Correspondence	ark:/13030/tf458010c5
http://www.oac.cdlib.org/findaid/ark:/13030/c8w95bjw	"Engineering, Science, and Management War Training (ESMWT). Announcement and brochures."	ark:/13030/tf1d5nb4kf
http://www.oac.cdlib.org/findaid/ark:/13030/c84t6kc8	Engineer’s Report Photographs	ark:/13030/tf129008pn
http://www.oac.cdlib.org/findaid/ark:/13030/tf458003jr	"England : Documents, 1461-1871"	ark:/13030/tf5r29p4tz
http://www.oac.cdlib.org/findaid/ark:/13030/kt2b69r56t	England (Robert) mimeograph	ark:/13030/tf4m3nb8sq
http://www.oac.cdlib.org/findaid/ark:/13030/kt4199r6t8	"Engle (Shirley H.) papers,"	ark:/13030/tf4m3nb8sq
http://www.oac.cdlib.org/findaid/ark:/13030/kt7x0nc73k	Englekirk (John E.) Papers	ark:/13030/tf129008pn
http://www.oac.cdlib.org/findaid/ark:/13030/kt6h4nf2f9	Engleman (Finis Ewing) papers	ark:/13030/tf4m3nb8sq
http://www.oac.cdlib.org/findaid/ark:/13030/kt8j49s1tt	"English Almanacs, 1767"	ark:/13030/kt2j49q7f8
http://www.oac.cdlib.org/findaid/ark:/13030/kt0d5nf155	"English Almanacs, 1772"	ark:/13030/kt2j49q7f8
http://www.oac.cdlib.org/findaid/ark:/13030/c8gh9gxb	English Chapbook Collection	ark:/13030/tf5h4nb7sw
http://www.oac.cdlib.org/findaid/ark:/13030/kt8d5nf5wf	English court and peerage letters (Collection of)	ark:/13030/tf6t1nc14w
http://www.oac.cdlib.org/findaid/ark:/13030/kt8p30286r	English Department. Chair. Administrative files.	ark:/13030/tf1d5nb4kf
http://www.oac.cdlib.org/findaid/ark:/13030/c8xp769z	"English Department. Editorial files for ""Nineteenth-Century Fiction."""	ark:/13030/tf1d5nb4kf
http://www.oac.cdlib.org/findaid/ark:/13030/kt1v19q19z	English Photo Album	ark:/13030/kt2j49q7f8
http://www.oac.cdlib.org/findaid/ark:/13030/kt5w1036js	English (Robert A.) Collection	ark:/13030/kt2j49q7f8
http://www.oac.cdlib.org/findaid/ark:/13030/c87p9074	English-Seneca dictionary notes	ark:/13030/kt8489r6nk
http://www.oac.cdlib.org/findaid/ark:/13030/kt1h4nc4md	Englund (Ken) Papers	ark:/13030/tf129008pn
http://www.oac.cdlib.org/findaid/ark:/13030/kt7h4nc9s8	Englund (Ken) Papers	ark:/13030/kt4199r6d2
http://www.oac.cdlib.org/findaid/ark:/13030/c8nc61v3	"Engman (Lewis) Papers, White House Central Files, 1970-1974"	ark:/13030/c8tm79dx
http://www.oac.cdlib.org/findaid/ark:/13030/kt2b69n58h	Engravings (Hand-Colored Wood) of Fairgrounds Collection	ark:/13030/tf129008pn
http://www.oac.cdlib.org/findaid/ark:/13030/c82v2ffq	Engravings of theaters and stage sets collection	ark:/13030/tf129008pn
http://www.oac.cdlib.org/findaid/ark:/13030/c8qj7kc5	"Engravings, Portraits. Collection."	ark:/13030/tf1489p250
http://www.oac.cdlib.org/findaid/ark:/13030/c8vt1qff	Engsworth (Augustus S.) Ledger	ark:/13030/kt0g50151g
http://www.oac.cdlib.org/findaid/ark:/13030/kt80003598	Enke (Stephen) printed reports	ark:/13030/tf4m3nb8sq
http://www.oac.cdlib.org/findaid/ark:/13030/kt4290336m	Ennes (James M.) papers	ark:/13030/tf4m3nb8sq
http://www.oac.cdlib.org/findaid/ark:/13030/tf996nb384	Enochs (James) Papers	ark:/13030/tf7d5nb9d4
http://www.oac.cdlib.org/findaid/ark:/13030/kt5g5022k9	Enochs (James) Papers	ark:/13030/tf7d5nb9d4
http://www.oac.cdlib.org/findaid/ark:/13030/kt0v19q7b2	"Enrollment Services publications (University of California, Irvine)"	ark:/13030/kt3v19n8bk
http://www.oac.cdlib.org/findaid/ark:/13030/kt4s200606	Ensemble Theatre archives	ark:/13030/kt2j49q7f8
http://www.oac.cdlib.org/findaid/ark:/13030/kt8v19s4b0	Entitled Opinions (About Life and Literature) with Robert Harrison	ark:/13030/tf458010c5
http://www.oac.cdlib.org/findaid/ark:/13030/c88s4rt9	"Entomological Society of America, Pacific Branch. Records."	ark:/13030/tf1489p250
http://www.oac.cdlib.org/findaid/ark:/13030/tf629007h4	Entzmann (Arnold) Papers	ark:/13030/tf129008pn
http://www.oac.cdlib.org/findaid/ark:/13030/kt5n39r92k	Environmental Affairs Agency Records	ark:/13030/tf6g5012g8
http://www.oac.cdlib.org/findaid/ark:/13030/c82806xg	Environmental Coalition of Orange County Records	ark:/13030/tf1p3008cx
http://www.oac.cdlib.org/findaid/ark:/13030/kt9g503007	"Environmental Health and Safety publications (University of California, Irvine)"	ark:/13030/kt3v19n8bk
http://www.oac.cdlib.org/findaid/ark:/13030/kt3p3034qg	Environmental Issues Collection	ark:/13030/tf4779p5jq
http://www.oac.cdlib.org/findaid/ark:/13030/c88c9tp3	Environmental Protection Agency Records	ark:/13030/tf6g5012g8
http://www.oac.cdlib.org/findaid/ark:/13030/kt0g5034dk	Epel (David) Papers	ark:/13030/tf458010c5
http://www.oac.cdlib.org/findaid/ark:/13030/c8qz2bz4	Ephemera Collection	ark:/13030/kt9k402381
http://www.oac.cdlib.org/findaid/ark:/13030/c80r9pzb	Ephemera Collection	ark:/13030/kt4c60381d
http://www.oac.cdlib.org/findaid/ark:/13030/c8pr7xc2	Ephemera from the Wheelhouse of the Eureka (built 1890; ferry)	ark:/13030/tf9d5nc0sj
http://www.oac.cdlib.org/findaid/ark:/13030/kt4t1nb894	Ephemeral Mexican Popular Literature Published by Antonio Vanegas Arroyo Collection	ark:/13030/tf129008pn
http://www.oac.cdlib.org/findaid/ark:/13030/tf4r29n7pk	EPIC campaign material	ark:/13030/tf5r29p4tz
http://www.oac.cdlib.org/findaid/ark:/13030/kt2199p4c2	Epitome Publications Records	ark:/13030/tf129008pn
http://www.oac.cdlib.org/findaid/ark:/13030/tf1q2nb1dc	Epstein (Arnold Leonard and Trude Scarlett) Papers	ark:/13030/tf5r29p653
http://www.oac.cdlib.org/findaid/ark:/13030/kt8t1nf38s	Epstein (Fritz Theodore) papers	ark:/13030/tf4m3nb8sq
http://www.oac.cdlib.org/findaid/ark:/13030/c87946tj	Epstein (Julius J.) papers	ark:/13030/c8ff3t03
http://www.oac.cdlib.org/findaid/ark:/13030/tf7w1005xx	Epstein (Julius) Papers	ark:/13030/tf4m3nb8sq
http://www.oac.cdlib.org/findaid/ark:/13030/kt6z09p7b4	Epstein (Paul Sophus) Papers	ark:/13030/tf938nc278
http://www.oac.cdlib.org/findaid/ark:/13030/kt8r29q7m1	Epstein (Samuel) Papers	ark:/13030/tf938nc278
http://www.oac.cdlib.org/findaid/ark:/13030/kt6r29r8cq	"Equal Opportunity and Diversity Publications, University of California, Irvine"	ark:/13030/kt3v19n8bk
http://www.oac.cdlib.org/findaid/ark:/13030/kt2n39r6v3	Equatorial Guinean subject collection	ark:/13030/tf4m3nb8sq
http://www.oac.cdlib.org/findaid/ark:/13030/tf4m3nb0p9	Eragny Press Records	ark:/13030/tf7r29p8s0
http://www.oac.cdlib.org/findaid/ark:/13030/kt5b69r81m	Erasmus-Feit family papers	ark:/13030/tf4m3nb8sq
http://www.oac.cdlib.org/findaid/ark:/13030/kt5d5nb1kk	"Ercegovich (Anton) slides of the University of California, Irvine"	ark:/13030/kt3v19n8bk
http://www.oac.cdlib.org/findaid/ark:/13030/tf8b69p2vt	Erenburg (Ilia). Articles About Spain in the Early 1930s	ark:/13030/tf5r29p653
http://www.oac.cdlib.org/findaid/ark:/13030/kt1779r3sp	Ergushov (P.) typescript	ark:/13030/tf4m3nb8sq
http://www.oac.cdlib.org/findaid/ark:/13030/kt900038dk	Erhard (Ludwig) typescript	ark:/13030/tf4m3nb8sq
http://www.oac.cdlib.org/findaid/ark:/13030/kt238nd8x4	Erickson (Douglas) collection	ark:/13030/tf4m3nb8sq
http://www.oac.cdlib.org/findaid/ark:/13030/kt438nc5ck	Erickson (Edward O.) Collection	ark:/13030/kt2j49q7f8
http://www.oac.cdlib.org/findaid/ark:/13030/tf300002hp	Erickson (Eric) Papers	ark:/13030/tf4m3nb8sq
http://www.oac.cdlib.org/findaid/ark:/13030/c8bk1dq7	Erickson (Floyd R.) Papers	ark:/13030/kt629037x1
http://www.oac.cdlib.org/findaid/ark:/13030/c8hm5b63	Erickson (Jack) Collection	ark:/13030/tf1489p250
http://www.oac.cdlib.org/findaid/ark:/13030/c8qv3nb4	Erickson (Jan) collection of oral history interviews	ark:/13030/kt2f59r49j
http://www.oac.cdlib.org/findaid/ark:/13030/kt3779s1d3	Erickson (Reed L.) papers	ark:/13030/kt2n39q9dc
http://www.oac.cdlib.org/findaid/ark:/13030/c8348m3n	Erickson (Robert) Papers	ark:/13030/tf5r29p653
http://www.oac.cdlib.org/findaid/ark:/13030/tf9w1007xh	Erickson (Vance Bryant) Photographs	ark:/13030/tf458010c5
http://www.oac.cdlib.org/findaid/ark:/13030/kt9n39r93b	Erickson (William) Papers	ark:/13030/tf4779p5jq
http://www.oac.cdlib.org/findaid/ark:/13030/tf3489n5x0	Ericson Photograph Collection	ark:/13030/tf609nb7vz
http://www.oac.cdlib.org/findaid/ark:/13030/kt9b69s1s9	Eritrean People's Liberation Front sound recordings	ark:/13030/tf4m3nb8sq
http://www.oac.cdlib.org/findaid/ark:/13030/tf6c6004vt	Eritrean Subject Collection	ark:/13030/tf4m3nb8sq
http://www.oac.cdlib.org/findaid/ark:/13030/kt1r29r763	Erl H. Ellis Papers	ark:/13030/kt8489r6nk
http://www.oac.cdlib.org/findaid/ark:/13030/c8222vzg	Erlin (Ted) Photographs Documenting the 1906 Earthquake	ark:/13030/tf458010c5
http://www.oac.cdlib.org/findaid/ark:/13030/kt1g5034jz	Ermakov (Petr Zacharovich) typescript	ark:/13030/tf4m3nb8sq
http://www.oac.cdlib.org/findaid/ark:/13030/kt5x0nf082	Erman (Irma C.) papers	ark:/13030/tf4m3nb8sq
http://www.oac.cdlib.org/findaid/ark:/13030/kt45803698	Ernst (Kurt) computer disk	ark:/13030/tf4m3nb8sq
http://www.oac.cdlib.org/findaid/ark:/13030/tf2m3nb1j3	Ernst (Morris L.) Banned Books Collection	ark:/13030/kt2j49q7f8
http://www.oac.cdlib.org/findaid/ark:/13030/kt1489r5kw	Erskine (Dorothy Ward) Papers	ark:/13030/tf7r29p8s0
http://www.oac.cdlib.org/findaid/ark:/13030/kt787034jh	Ervin (Charles Wesley) collection	ark:/13030/tf4m3nb8sq
http://www.oac.cdlib.org/findaid/ark:/13030/ft187002jc	Esalen Institute Collection	ark:/13030/kt2j49q7f8
http://www.oac.cdlib.org/findaid/ark:/13030/c8000405	Esau (Katherine) Collection	ark:/13030/tf1489p250
http://www.oac.cdlib.org/findaid/ark:/13030/kt1s20304s	Esau (Katherine) Papers	ark:/13030/kt9v19r2dx
http://www.oac.cdlib.org/findaid/ark:/13030/kt767nf481	Esau (Katherine) Papers	ark:/13030/kt2j49q7f8
http://www.oac.cdlib.org/findaid/ark:/13030/kt9n39s25f	Eschelbach (Claire John) Papers	ark:/13030/kt2j49q7f8
http://www.oac.cdlib.org/findaid/ark:/13030/c8db83m1	Escobar Family Papers	ark:/13030/kt8s2020gp
http://www.oac.cdlib.org/findaid/ark:/13030/tf8k4008xq	Escondido Land and Town Company Records	ark:/13030/tf129008pn
http://www.oac.cdlib.org/findaid/ark:/13030/tf35800389	"Esherick (Joseph) Collection, 1933-1985"	ark:/13030/tf5j49p46b
http://www.oac.cdlib.org/findaid/ark:/13030/tf4779n9hp	Eshleman (Clayton) Papers	ark:/13030/tf5r29p653
http://www.oac.cdlib.org/findaid/ark:/13030/tf4k4006sf	Eshleman Family Papers	ark:/13030/tf5r29p653
http://www.oac.cdlib.org/findaid/ark:/13030/kt3w1034hp	Esmer (Mithat) typescript	ark:/13030/tf4m3nb8sq
http://www.oac.cdlib.org/findaid/ark:/13030/kt7489p0qh	Espey (John J.) Papers	ark:/13030/tf129008pn
http://www.oac.cdlib.org/findaid/ark:/13030/c8pg1q4d	Esselstyn (Kathy) San Francisco Gay Community Center Photographs	ark:/13030/kt2n39q9dc
http://www.oac.cdlib.org/findaid/ark:/13030/kt138nf3zc	Esser (Grace Denton) Collection	ark:/13030/tf1p3008cx
http://www.oac.cdlib.org/findaid/ark:/13030/kt9v19q8dc	Essert (Gary) Filmex Files	ark:/13030/kt4199r6d2
http://www.oac.cdlib.org/findaid/ark:/13030/c87d2w44	Estabrook (Emma Franklin) Papers	ark:/13030/kt8489r6nk
http://www.oac.cdlib.org/findaid/ark:/13030/c8x068jn	Estabrook (Howard) papers	ark:/13030/c8ff3t03
http://www.oac.cdlib.org/findaid/ark:/13030/kt2779r4nd	Estampas de la revolucion espanola : 19 julio de 1936 printed material	ark:/13030/tf4m3nb8sq
http://www.oac.cdlib.org/findaid/ark:/13030/kt5779r6dp	Estate of Carl Mydans Photography Collection	ark:/13030/tf5r29p4tz
http://www.oac.cdlib.org/findaid/ark:/13030/c8g44s25	"Estee (Morris M. and Heacock, E. H.) Papers"	ark:/13030/kt8s2020gp
http://www.oac.cdlib.org/findaid/ark:/13030/kt32903416	Esterly (Virginia Judy) Papers	ark:/13030/kt7199q50v
http://www.oac.cdlib.org/findaid/ark:/13030/kt2s203420	Esterowicz (Samuel) memoirs/ Samuel Esterowicz in collaboration with Pearl Esterowicz Good	ark:/13030/tf4m3nb8sq
http://www.oac.cdlib.org/findaid/ark:/13030/kt2j49q7gs	Estes (Donald H.) Papers	ark:/13030/kt758028mc
http://www.oac.cdlib.org/findaid/ark:/13030/kt596nf173	Estonia. Riigi Kohus records	ark:/13030/tf4m3nb8sq
http://www.oac.cdlib.org/findaid/ark:/13030/kt0r29r52r	Estonia. Valimste Peakomitee miscellaneous records	ark:/13030/tf4m3nb8sq
http://www.oac.cdlib.org/findaid/ark:/13030/kt7q2nf2k0	Estonian Prisoners of Conscience in the USSR issuances	ark:/13030/tf4m3nb8sq
http://www.oac.cdlib.org/findaid/ark:/13030/tf5v19n7rk	Estonian Subject Collection	ark:/13030/tf4m3nb8sq
http://www.oac.cdlib.org/findaid/ark:/13030/kt096nd74f	The Estonians: for the record video tape	ark:/13030/tf4m3nb8sq
http://www.oac.cdlib.org/findaid/ark:/13030/kt687034fn	Estoniia i pomoshch golodaiushchim typescript	ark:/13030/tf4m3nb8sq
http://www.oac.cdlib.org/findaid/ark:/13030/c8mg7q42	Estrada (William) Research Collection on Dr. Ernesto Galarza (1905-1984)	ark:/13030/kt4c60381d
http://www.oac.cdlib.org/findaid/ark:/13030/kt896nf3xb	Eta Sigma Lambda Fraternity Records	ark:/13030/kt8j49q3pt
http://www.oac.cdlib.org/findaid/ark:/13030/kt000030w5	"Etchegoyen (Olivier, comte d') holograph"	ark:/13030/tf4m3nb8sq
http://www.oac.cdlib.org/findaid/ark:/13030/c81r6r9t	Etchelly (Petra) Letters	ark:/13030/kt8489r6nk
http://www.oac.cdlib.org/findaid/ark:/13030/kt609nf6df	"Etchemendy (John), ""Conceptualization of KAIST and Prof. Frederick E. Terman"""	ark:/13030/tf458010c5
http://www.oac.cdlib.org/findaid/ark:/13030/tf6n39n97s	Etcheverry (Bernard A.) Papers	ark:/13030/tf009nb42r
http://www.oac.cdlib.org/findaid/ark:/13030/c84f1s04	Ethical Cultural Society of Los Angeles Collection	ark:/13030/c8q52qnq
http://www.oac.cdlib.org/findaid/ark:/13030/kt296nc54n	Ethics of Intelligence and Weapons Devlopment Oral History Collection	ark:/13030/tf7r29p8s0
http://www.oac.cdlib.org/findaid/ark:/13030/tf4x0nb0cm	Ethiopian Subject Collection	ark:/13030/tf4m3nb8sq
http://www.oac.cdlib.org/findaid/ark:/13030/c8mc91d3	Ethiopic manuscripts collection	ark:/13030/tf129008pn
http://www.oac.cdlib.org/findaid/ark:/13030/kt3q2nd7nr	"Ethnogeographic Board (Washington, D.C.) mimeograph"	ark:/13030/tf4m3nb8sq
http://www.oac.cdlib.org/findaid/ark:/13030/kt3b69r9d5	Ethnographic Futures Research Interviews Reports	ark:/13030/tf458010c5
http://www.oac.cdlib.org/findaid/ark:/13030/kt1199q7hq	"Ethnological documents of the Department and Museum of Anthropology, University of California, Berkeley"	ark:/13030/tf7r29p8s0
http://www.oac.cdlib.org/findaid/ark:/13030/kt6b69s042	Ethnomusicology Archive Open Reel Tape Collection	ark:/13030/kt2g501822
http://www.oac.cdlib.org/findaid/ark:/13030/tf3s20066n	Etienne Esquirol's 'Le present registre compos de vingt feuille[s] cottes [sic]...'	ark:/13030/tf8h4nc0sw
http://www.oac.cdlib.org/findaid/ark:/13030/tf596nb0dh	Etnyre (Mentor) Collection	ark:/13030/tf5r29p4sf
http://www.oac.cdlib.org/findaid/ark:/13030/kt6v19r8p1	Etter (Maria von) papers	ark:/13030/tf4m3nb8sq
http://www.oac.cdlib.org/findaid/ark:/13030/tf2h4n98s0	Eudin (Xenia J.) Papers	ark:/13030/tf4m3nb8sq
http://www.oac.cdlib.org/findaid/ark:/13030/tf6c6004m6	Eureka and Palisade Railroad Collection	ark:/13030/tf0f59p354
http://www.oac.cdlib.org/findaid/ark:/13030/c8mw2ggw	Eureka (built 1890; ferry) certificate	ark:/13030/tf9d5nc0sj
http://www.oac.cdlib.org/findaid/ark:/13030/kt6h4nf5fr	Eureka Valley Promotion Association Records	ark:/13030/tf809nb9vj
http://www.oac.cdlib.org/findaid/ark:/13030/kt5r29r71r	Eurich (Alvin C.) papers	ark:/13030/tf4m3nb8sq
http://www.oac.cdlib.org/findaid/ark:/13030/kt596nf14j	Eurich (Nell) papers	ark:/13030/tf4m3nb8sq
http://www.oac.cdlib.org/findaid/ark:/13030/kt7489s021	Euromissiles: A Panel Discussion [videorecording]	ark:/13030/tf458010c5
http://www.oac.cdlib.org/findaid/ark:/13030/kt0q2nd7hr	Europaische Zeitung newspaper issue	ark:/13030/tf4m3nb8sq
http://www.oac.cdlib.org/findaid/ark:/13030/kt3489q2w8	Europe 1930s and World War II North Africa Photograph Album	ark:/13030/kt2j49q7f8
http://www.oac.cdlib.org/findaid/ark:/13030/kt9779q4x8	European Photograph Albums and Los Angeles Area Documents Collection	ark:/13030/tf129008pn
http://www.oac.cdlib.org/findaid/ark:/13030/kt2m3nd28p	European Pictorial Collection	ark:/13030/tf4m3nb8sq
http://www.oac.cdlib.org/findaid/ark:/13030/tf7489n8m1	European subject collection	ark:/13030/tf4m3nb8sq
http://www.oac.cdlib.org/findaid/ark:/13030/tf7p3005p0	European Technical Advisers Records	ark:/13030/tf4m3nb8sq
http://www.oac.cdlib.org/findaid/ark:/13030/kt967nb5t2	"European Women's Fashion Drawings, Collection of"	ark:/13030/tf1p3008cx
http://www.oac.cdlib.org/findaid/ark:/13030/tf3v19n92k	Euterpe Opera Theatre Collection of Papers and Photographs	ark:/13030/kt4199r6d2
http://www.oac.cdlib.org/findaid/ark:/13030/c86w98sc	Eva Dimond Ygalsky oral history interview	ark:/13030/tf9d5nc2vj
http://www.oac.cdlib.org/findaid/ark:/13030/kt438nf4zs	Eva Gottheiner oral history interview	ark:/13030/tf9d5nc2vj
http://www.oac.cdlib.org/findaid/ark:/13030/kt338nd8wx	Evangelische Kirchen Deutschland. Hilfswerk. letters	ark:/13030/tf4m3nb8sq
http://www.oac.cdlib.org/findaid/ark:/13030/kt9r29s1kt	Evangelische Kirchen Deutschland newsletter	ark:/13030/tf4m3nb8sq
http://www.oac.cdlib.org/findaid/ark:/13030/kt358033qq	Evans (Arthur Maybury) miscellaneous papers	ark:/13030/tf4m3nb8sq
http://www.oac.cdlib.org/findaid/ark:/13030/tf796nb4cj	Evans (Edmund) Etchings After Randolph Caldecott Collection	ark:/13030/tf129008pn
http://www.oac.cdlib.org/findaid/ark:/13030/kt629006mj	Evans (Edmund) Letters to	ark:/13030/tf129008pn
http://www.oac.cdlib.org/findaid/ark:/13030/c85b03vz	Evans (Elliott) photograph collection	ark:/13030/tf9d5nc0sj
http://www.oac.cdlib.org/findaid/ark:/13030/kt1z09r54d	Evans (Eric Scott) and Jerome Maxwell Strum Papers	ark:/13030/kt2n39q9dc
http://www.oac.cdlib.org/findaid/ark:/13030/tf4489n6r6	Evans (Henry S.) Papers	ark:/13030/tf4m3nb8sq
http://www.oac.cdlib.org/findaid/ark:/13030/tf067nb0jc	"Evans (Herbert M.) Papers, 1943-66"	ark:/13030/tf0h4nb4sw
http://www.oac.cdlib.org/findaid/ark:/13030/tf287005h7	"Evans (Herbert M) Papers, 1946-70"	ark:/13030/tf0h4nb4sw
http://www.oac.cdlib.org/findaid/ark:/13030/kt409nd9w2	Evans (I. B. Pole) holograph	ark:/13030/tf4m3nb8sq
http://www.oac.cdlib.org/findaid/ark:/13030/c80866p0	Evans (J. Martin) Papers	ark:/13030/tf458010c5
http://www.oac.cdlib.org/findaid/ark:/13030/c8nc5zjv	Evans (James R.) Diary	ark:/13030/kt0g50151g
http://www.oac.cdlib.org/findaid/ark:/13030/tf238n98gq	Evans (Len) Papers	ark:/13030/tf8j49p7c9
http://www.oac.cdlib.org/findaid/ark:/13030/kt496nd9br	Evans (Luther Harris) conference summaries	ark:/13030/tf4m3nb8sq
http://www.oac.cdlib.org/findaid/ark:/13030/kt0r29r538	Evans (Maerose J.) papers	ark:/13030/tf4m3nb8sq
http://www.oac.cdlib.org/findaid/ark:/13030/tf2z09n81x	Evans (Rex) Papers	ark:/13030/tf129008pn
http://www.oac.cdlib.org/findaid/ark:/13030/kt0j49r98g	Evans (Samuel C.) collection on the Riverside Land and Irrigating Company	ark:/13030/tf6t1nc14w
http://www.oac.cdlib.org/findaid/ark:/13030/c8v988vx	"Evans (William T.) Wentworth Manor, Montclair, New Jersey American collection of paintings - album of photographs"	ark:/13030/tf129008pn
http://www.oac.cdlib.org/findaid/ark:/13030/kt058030bn	Evans-McCan Group video tape	ark:/13030/tf4m3nb8sq
http://www.oac.cdlib.org/findaid/ark:/13030/tf6d5nb228	Evans-Wentz (Walter Y.) Buddhism and Eastern Religions Collection	ark:/13030/tf5r29p4tz
http://www.oac.cdlib.org/findaid/ark:/13030/kt038nf0pg	Evans-Wentz (Walter Y.) Collection	ark:/13030/tf458010c5
http://www.oac.cdlib.org/findaid/ark:/13030/tf900006xp	Evans-Wentz (Walter Yeeling) Papers	ark:/13030/tf5r29p4tz
http://www.oac.cdlib.org/findaid/ark:/13030/kt838nf1gb	Evatt (Herbert Vere) interview	ark:/13030/tf4m3nb8sq
http://www.oac.cdlib.org/findaid/ark:/13030/kt1779r3w7	Evdokimov (Rostislav) papers	ark:/13030/tf4m3nb8sq
http://www.oac.cdlib.org/findaid/ark:/13030/kt229032dm	Eveland (Wilbur) papers	ark:/13030/tf4m3nb8sq
http://www.oac.cdlib.org/findaid/ark:/13030/tf1b69n4wp	Evenson (Morris R.) Papers	ark:/13030/tf7779p81b
http://www.oac.cdlib.org/findaid/ark:/13030/kt0w103222	Event of the Week radio news broadcast	ark:/13030/tf4m3nb8sq
http://www.oac.cdlib.org/findaid/ark:/13030/kt5v19r7ss	Everatt (M. W.) legal petition	ark:/13030/tf4m3nb8sq
http://www.oac.cdlib.org/findaid/ark:/13030/c8pv6mwq	Everest (F. Alton) papers	ark:/13030/tf129008pn
http://www.oac.cdlib.org/findaid/ark:/13030/c81v5fq4	"Everest Rancho, Arlington, Calif. photograph album"	ark:/13030/tf129008pn
http://www.oac.cdlib.org/findaid/ark:/13030/kt696nf0pn	Everett (Junius A.) papers	ark:/13030/tf4m3nb8sq
http://www.oac.cdlib.org/findaid/ark:/13030/c8ww7ksj	Everitt (Miles) Photographs	ark:/13030/kt2n39q9dc
http://www.oac.cdlib.org/findaid/ark:/13030/kt3b69r8jr	Evermann (Barton Warren) Papers	ark:/13030/kt9k4037h1
http://www.oac.cdlib.org/findaid/ark:/13030/kt0v19r49j	Evers (Williamson M.) papers	ark:/13030/tf4m3nb8sq
http://www.oac.cdlib.org/findaid/ark:/13030/kt809nc2sx	"Evershed (J. A.) East Africa, Egypt, Palestine Photograph Album"	ark:/13030/kt2j49q7f8
http://www.oac.cdlib.org/findaid/ark:/13030/tf8z09p01c	Eversley (David E.C.) Papers	ark:/13030/tf4m3nb8sq
http://www.oac.cdlib.org/findaid/ark:/13030/tf4g5006zc	Everson (Landis) Poetry Manuscripts	ark:/13030/tf5r29p653
http://www.oac.cdlib.org/findaid/ark:/13030/tf638nb39d	Everson (William) Papers	ark:/13030/tf9n39p92k
http://www.oac.cdlib.org/findaid/ark:/13030/tf7g5005x9	Everson (William) Papers: Additions	ark:/13030/tf7r29p8s0
http://www.oac.cdlib.org/findaid/ark:/13030/c8125v0r	Evolutionary and Environmental Biology (Institute of). Administrative files.	ark:/13030/tf1d5nb4kf
http://www.oac.cdlib.org/findaid/ark:/13030/c80z73tt	"Ewart, Lorraine: Collection"	ark:/13030/c8vq312z
http://www.oac.cdlib.org/findaid/ark:/13030/kt767nb4dr	Ewart (Wilfrid) Papers	ark:/13030/tf129008pn
http://www.oac.cdlib.org/findaid/ark:/13030/tf0q2n97gj	Ewers (Ernest A.) Papers	ark:/13030/tf4m3nb8sq
http://www.oac.cdlib.org/findaid/ark:/13030/tf8000088h	Ewing (Majl) Hogarth Press manuscripts collection	ark:/13030/tf129008pn
http://www.oac.cdlib.org/findaid/ark:/13030/tf238nb0tg	Ewing (Majl) literary correspondence and manuscripts collection	ark:/13030/tf129008pn
http://www.oac.cdlib.org/findaid/ark:/13030/tf167nb0f4	Ewing (Majl) papers	ark:/13030/tf129008pn
http://www.oac.cdlib.org/findaid/ark:/13030/tf367n99kq	Exactus Photo Film Corp. Records	ark:/13030/tf5r29p4tz
http://www.oac.cdlib.org/findaid/ark:/13030/tf7580053x	Exactus Photo-Film Corporation Archive	ark:/13030/tf5r29p4sf
http://www.oac.cdlib.org/findaid/ark:/13030/c8db8373	Excelsior Creamery Company Records	ark:/13030/c86w9cgk
http://www.oac.cdlib.org/findaid/ark:/13030/c87m09gw	Excerpts from the Point Pino Lighthouse logbook	ark:/13030/tf9d5nc0sj
http://www.oac.cdlib.org/findaid/ark:/13030/kt3f59q1gj	Exhibit collection of Near Eastern manuscripts	ark:/13030/tf129008pn
http://www.oac.cdlib.org/findaid/ark:/13030/kt967nf6c5	Exhibits and Expositions collection	ark:/13030/kt9k4037h1
http://www.oac.cdlib.org/findaid/ark:/13030/kt3k4032td	Exiles video tape	ark:/13030/tf4m3nb8sq
http://www.oac.cdlib.org/findaid/ark:/13030/c8c827p9	Exler (Andrew Ross) Papers	ark:/13030/kt2n39q9dc
http://www.oac.cdlib.org/findaid/ark:/13030/kt2f59r9k3	Exner (Richard) Papers	ark:/13030/kt2j49q7f8
http://www.oac.cdlib.org/findaid/ark:/13030/kt30003104	Expedition! (Collection of scripts)	ark:/13030/kt4199r6d2
http://www.oac.cdlib.org/findaid/ark:/13030/c8697506	Experimental small craft sailing in the Oakland Estuary photographs	ark:/13030/tf9d5nc0sj
http://www.oac.cdlib.org/findaid/ark:/13030/kt8s20387c	Experiments in Art and Technology Los Angeles Records	ark:/13030/kt98703819
http://www.oac.cdlib.org/findaid/ark:/13030/tf4j49n6rt	Experiments in Art and Technology Records	ark:/13030/kt98703819
http://www.oac.cdlib.org/findaid/ark:/13030/kt3q2nb1rh	Exploratorium Records	ark:/13030/tf7r29p8s0
http://www.oac.cdlib.org/findaid/ark:/13030/c8wm1f5s	Exploratory Conference on the Experience of the League of Nations Secretariat proceedings	ark:/13030/tf4m3nb8sq
http://www.oac.cdlib.org/findaid/ark:/13030/kt4d5nf1p5	Exploring Family School Records	ark:/13030/tf4779p5jq
http://www.oac.cdlib.org/findaid/ark:/13030/tf4489n69g	Exposition and Fair Records	ark:/13030/tf6g5012g8
http://www.oac.cdlib.org/findaid/ark:/13030/c8n58n58	"Exposition Park-Monroe Doctrine Centennial Exposition, Prints. 1923"	ark:/13030/kt4c60381d
http://www.oac.cdlib.org/findaid/ark:/13030/kt6x0nc9hf	Expositions and Fairs Collection of Material	ark:/13030/tf129008pn
http://www.oac.cdlib.org/findaid/ark:/13030/c85d8qj3	Express Mail Collection	ark:/13030/kt4c60381d
http://www.oac.cdlib.org/findaid/ark:/13030/tf5g500805	Exsteens (Maurice) Letters	ark:/13030/tf5r29p653
http://www.oac.cdlib.org/findaid/ark:/13030/kt0m3nd5dk	Exter (John) speeches and writings	ark:/13030/tf4m3nb8sq
http://www.oac.cdlib.org/findaid/ark:/13030/kt6n39r8pq	Extermination des Juifs polonais mimeograph	ark:/13030/tf4m3nb8sq
http://www.oac.cdlib.org/findaid/ark:/13030/kt129030v2	Exton (Frederick) letter	ark:/13030/tf4m3nb8sq
http://www.oac.cdlib.org/findaid/ark:/13030/kt8j49p1qx	Extremist Book Collection	ark:/13030/tf129008pn
http://www.oac.cdlib.org/findaid/ark:/13030/tf4f59n74b	Eymann (William C.) Photograph Collection	ark:/13030/tf9v19p891
http://www.oac.cdlib.org/findaid/ark:/13030/c8tx3gr2	Eytinge (Louis Victor) Collection	ark:/13030/kt8489r6nk
http://www.oac.cdlib.org/findaid/ark:/13030/c85t3hwb	Eyzaguirre (Roberto) Collection	ark:/13030/kt2j49q7f8
http://www.oac.cdlib.org/findaid/ark:/13030/c8bc419c	Ezekiel (Jacob) Papers	ark:/13030/kt8s2020gp
http://www.oac.cdlib.org/findaid/ark:/13030/c86m38kn	Ezekiel (Rebecca) Papers	ark:/13030/kt8s2020gp


