rel=cannonical	title	parent	onlineItems
http://www.oac.cdlib.org/findaid/ark:/13030/c82j69k8	U. S. Grant Hotel Records	ark:/13030/tf4779p5jq	false
http://www.oac.cdlib.org/findaid/ark:/13030/kt6v19p061	UC Berkeley Campus Events	ark:/13030/tf6x0nb9j5	false
http://www.oac.cdlib.org/findaid/ark:/13030/kt429003bb	UC Berkeley Campus Views	ark:/13030/tf6x0nb9j5	false
http://www.oac.cdlib.org/findaid/ark:/13030/kt4c6003tj	UC Berkeley Students : Scrapbooks	ark:/13030/tf6x0nb9j5	false
http://www.oac.cdlib.org/findaid/ark:/13030/c8vq34c7	UC Davis Web Archives	ark:/13030/kt3z09r97h	true
http://www.oac.cdlib.org/findaid/ark:/13030/tf0c600134	Uchida (Yoshiko) Papers	ark:/13030/tf7r29p8s0	true
http://www.oac.cdlib.org/findaid/ark:/13030/ft6k4007pc	Uchida (Yoshiko) photograph collection	ark:/13030/tf7r29p8s0	true
http://www.oac.cdlib.org/findaid/ark:/13030/kt8x0nd5nn	UCLA Department of Ethnomusicology collection	ark:/13030/kt2g501822	false
http://www.oac.cdlib.org/findaid/ark:/13030/c84m95w3	"UCLA Foundation. Financial statements, minutes of meetings, and reports."	ark:/13030/tf1d5nb4kf	false
http://www.oac.cdlib.org/findaid/ark:/13030/c80v8f0j	UCLA Gay Awareness Week Records	ark:/13030/kt2n39q9dc	false
http://www.oac.cdlib.org/findaid/ark:/13030/kt129033hb	UCLA Library Center for Oral History Research interview transcripts and recordings	ark:/13030/kt109nd96s	true
http://www.oac.cdlib.org/findaid/ark:/13030/kt7d5nc9nj	UCLA Students. Course materials and papers.	ark:/13030/tf1d5nb4kf	false
http://www.oac.cdlib.org/findaid/ark:/13030/kt3t1nc5mg	UCLA Students. Student Activism materials.	ark:/13030/tf1d5nb4kf	false
http://www.oac.cdlib.org/findaid/ark:/13030/c8rb75xm	"UCLA University Archives. Artifacts, ephemera, and memorabilia."	ark:/13030/tf1d5nb4kf	false
http://www.oac.cdlib.org/findaid/ark:/13030/kt9c6023ds	UCLA University Archives. Biographical files (Reference Collection).	ark:/13030/tf1d5nb4kf	false
http://www.oac.cdlib.org/findaid/ark:/13030/c8vt1sxj	UCLA University Archives. Photographs (Reference Collection).	ark:/13030/tf1d5nb4kf	false
http://www.oac.cdlib.org/findaid/ark:/13030/c8v1266j	UCLA University Archives. Subject Files (Reference Collection).	ark:/13030/tf1d5nb4kf	false
http://www.oac.cdlib.org/findaid/ark:/13030/c89z966j	UCSB Greenhouse Acquisition Records	ark:/13030/kt9v19r2dx	false
http://www.oac.cdlib.org/findaid/ark:/13030/kt067nd78v	UCSC American Studies Oral History Interviews	ark:/13030/kt9t1nc831	false
http://www.oac.cdlib.org/findaid/ark:/13030/tf738nb55m	"UCSC Audio Archive, 1965-"	ark:/13030/kt9t1nc831	false
http://www.oac.cdlib.org/findaid/ark:/13030/c8fj2jz0	UCSC Carlyleans Records	ark:/13030/kt9t1nc831	false
http://www.oac.cdlib.org/findaid/ark:/13030/c87h1mrj	UCSC Center for Innovation and Entrepreneurial Development records	ark:/13030/kt9t1nc831	false
http://www.oac.cdlib.org/findaid/ark:/13030/kt0n39q1gx	UCSC College System Collection	ark:/13030/kt9t1nc831	false
http://www.oac.cdlib.org/findaid/ark:/13030/kt629021m1	UCSC Commencements Collection	ark:/13030/kt9t1nc831	false
http://www.oac.cdlib.org/findaid/ark:/13030/c8v69msh	UCSC Poster Collection	ark:/13030/kt9t1nc831	false
http://www.oac.cdlib.org/findaid/ark:/13030/c8gh9kpf	UCSC Theater Productions Photographs	ark:/13030/kt9t1nc831	false
http://www.oac.cdlib.org/findaid/ark:/13030/kt4290257n	UCSC Women's Club Records	ark:/13030/kt9t1nc831	false
http://www.oac.cdlib.org/findaid/ark:/13030/kt4t1nb0dt	UCSD 25th Anniversary Oral Histories	ark:/13030/kt6q2nc792	false
http://www.oac.cdlib.org/findaid/ark:/13030/c8qz28z9	UCSD Center for Astrophysics and Space Sciences records	ark:/13030/kt6q2nc792	false
http://www.oac.cdlib.org/findaid/ark:/13030/c8h41ptz	UCSD Center for Research in Computing and the Arts Collection	ark:/13030/kt6q2nc792	false
http://www.oac.cdlib.org/findaid/ark:/13030/kt6b69n8d8	UCSD Natural Reserve System Records	ark:/13030/kt6q2nc792	false
http://www.oac.cdlib.org/findaid/ark:/13030/c8zp46rz	UCSD Office of Capital Planning Project Planning Guides	ark:/13030/kt6q2nc792	false
http://www.oac.cdlib.org/findaid/ark:/13030/c8dv1m5x	UCSF Campus Events Collection	ark:/13030/tf6j49p6xg	false
http://www.oac.cdlib.org/findaid/ark:/13030/c8th8p7k	UCSF Commencement Ceremonies Collection	ark:/13030/tf6j49p6xg	false
http://www.oac.cdlib.org/findaid/ark:/13030/c8251mb5	UCSF Continuing Education Audiotapes	ark:/13030/tf6j49p6xg	false
http://www.oac.cdlib.org/findaid/ark:/13030/c8bg2r43	UCSF Continuing Education Program Files	ark:/13030/tf6j49p6xg	false
http://www.oac.cdlib.org/findaid/ark:/13030/c8qr509j	"UCSF Continuing Education Program Folders, Income Statements"	ark:/13030/tf6j49p6xg	false
http://www.oac.cdlib.org/findaid/ark:/13030/c8pc34nt	UCSF Dept. of Neurological Surgery Records	ark:/13030/tf6j49p6xg	false
http://www.oac.cdlib.org/findaid/ark:/13030/c86q20dr	UCSF Dept. of Psychiatry Residency Training Program Records	ark:/13030/tf6j49p6xg	false
http://www.oac.cdlib.org/findaid/ark:/13030/kt3t1nc589	UCSF Japanese Woodblock Print Collection	ark:/13030/tf0h4nb4sw	true
http://www.oac.cdlib.org/findaid/ark:/13030/c8q241z6	UCSF Medical Center Quality Improvement Department Records	ark:/13030/tf6j49p6xg	false
http://www.oac.cdlib.org/findaid/ark:/13030/c80866nj	UCSF Precison Medicine Collection	ark:/13030/tf6j49p6xg	false
http://www.oac.cdlib.org/findaid/ark:/13030/c81z45rx	UCSF School of Medicine - Class of 1953 Collection	ark:/13030/tf6j49p6xg	false
http://www.oac.cdlib.org/findaid/ark:/13030/c84t6kp9	UCSF School of Medicine Audiovisual Collection	ark:/13030/tf6j49p6xg	false
http://www.oac.cdlib.org/findaid/ark:/13030/c8jm2bw7	UCSF School of Medicine Collection	ark:/13030/tf6j49p6xg	false
http://www.oac.cdlib.org/findaid/ark:/13030/kt787037kg	"UCSF School of Medicine Historical Videos, Cambodia"	ark:/13030/tf0h4nb4sw	false
http://www.oac.cdlib.org/findaid/ark:/13030/c8np26jq	"UCSF School of Nursing, Master's Entry Program in Nursing Records"	ark:/13030/tf6j49p6xg	false
http://www.oac.cdlib.org/findaid/ark:/13030/c8tf0081	UCSF/Mount Zion Merger	ark:/13030/kt8x0nf3c0	true
http://www.oac.cdlib.org/findaid/ark:/13030/kt738nf7w4	UCSF/Stanford Hospital Merger Records	ark:/13030/tf458010c5	false
http://www.oac.cdlib.org/findaid/ark:/13030/c8183801	"UCSF/Stanford Merger, 1996-2001"	ark:/13030/kt8x0nf3c0	true
http://www.oac.cdlib.org/findaid/ark:/13030/kt1m3nf2vm	Udy (Giles) collection	ark:/13030/tf4m3nb8sq	false
http://www.oac.cdlib.org/findaid/ark:/13030/kt7s2036zz	"Ueda, Marie Collection"	ark:/13030/tf8j49p7c9	true
http://www.oac.cdlib.org/findaid/ark:/13030/kt3k401884	Uehara (Masa) Collection	ark:/13030/tf1489p250	false
http://www.oac.cdlib.org/findaid/ark:/13030/ft5h4nb0pb	Ueno (Harry) Papers	ark:/13030/tf5r29p4tz	false
http://www.oac.cdlib.org/findaid/ark:/13030/tf3w1005kh	Ueno (Harry Y.) Papers	ark:/13030/tf129008pn	false
http://www.oac.cdlib.org/findaid/ark:/13030/kt6g5034fz	"Uexkuell-Idol (Marie von, Baroness) memoirs"	ark:/13030/tf4m3nb8sq	false
http://www.oac.cdlib.org/findaid/ark:/13030/kt758036qd	UFA motion picture newsreels	ark:/13030/tf4m3nb8sq	false
http://www.oac.cdlib.org/findaid/ark:/13030/kt396nf0s8	Ufficio patrioti della Lombardia typescript	ark:/13030/tf4m3nb8sq	false
http://www.oac.cdlib.org/findaid/ark:/13030/tf167n983c	Ugandan Subject Collection	ark:/13030/tf4m3nb8sq	false
http://www.oac.cdlib.org/findaid/ark:/13030/c8bv7h94	Uhl (Don) drawings of the E. J. Brandeis house	ark:/13030/kt8779s1dn	false
http://www.oac.cdlib.org/findaid/ark:/13030/kt1x0nd8kw	Uhlig (Heinrich) sound recording	ark:/13030/tf4m3nb8sq	false
http://www.oac.cdlib.org/findaid/ark:/13030/c8f769zh	Uhrich (Alfred W.) papers	ark:/13030/tf209nb609	false
http://www.oac.cdlib.org/findaid/ark:/13030/c80c4trm	Ujamaa Records	ark:/13030/tf458010c5	false
http://www.oac.cdlib.org/findaid/ark:/13030/kt758040s0	Ukiah (built 1890; ferry) inspection records	ark:/13030/tf9d5nc0sj	false
http://www.oac.cdlib.org/findaid/ark:/13030/kt987030p8	Ukrainian Pictorial Collection	ark:/13030/tf4m3nb8sq	false
http://www.oac.cdlib.org/findaid/ark:/13030/tf4f59n6r5	Ukrainian Subject Collection	ark:/13030/tf4m3nb8sq	false
http://www.oac.cdlib.org/findaid/ark:/13030/kt7f59s083	Ukrains'ke Presove Agentstvo press releases	ark:/13030/tf4m3nb8sq	false
http://www.oac.cdlib.org/findaid/ark:/13030/kt5c60349x	"Ulany ego Velichestva, 1876-1926 mimeograph"	ark:/13030/tf4m3nb8sq	false
http://www.oac.cdlib.org/findaid/ark:/13030/kt2z09r5cb	Ulitin (V. G.) papers	ark:/13030/tf4m3nb8sq	false
http://www.oac.cdlib.org/findaid/ark:/13030/c89w0hrb	Ullman (Elwood) papers	ark:/13030/kt4199r6d2	false
http://www.oac.cdlib.org/findaid/ark:/13030/c86h4kbk	Ullman (Russell) Collection.	ark:/13030/tf1489p250	false
http://www.oac.cdlib.org/findaid/ark:/13030/kt2489r3jq	Ulmer (Laura M. White) diary	ark:/13030/tf4m3nb8sq	false
http://www.oac.cdlib.org/findaid/ark:/13030/kt2779r3kw	Ulmer (Vic and Barby) collection	ark:/13030/tf4m3nb8sq	false
http://www.oac.cdlib.org/findaid/ark:/13030/kt9x0nf5jv	Ulrey (Albert B. and Florence Speicher) papers	ark:/13030/kt800021wp	false
http://www.oac.cdlib.org/findaid/ark:/13030/kt3489r7dw	Ultimate weapon: the H-bomb dilemma video tape	ark:/13030/tf4m3nb8sq	false
http://www.oac.cdlib.org/findaid/ark:/13030/kt638nf25j	Umbreit (Fritz C.) clipping collection	ark:/13030/tf4m3nb8sq	false
http://www.oac.cdlib.org/findaid/ark:/13030/kt7489r740	Unabhangige internationale Kommission von Militarhistorikern typescript	ark:/13030/tf4m3nb8sq	false
http://www.oac.cdlib.org/findaid/ark:/13030/ft9p3007qg	Un-American Activities Committees Records	ark:/13030/tf6g5012g8	false
http://www.oac.cdlib.org/findaid/ark:/13030/kt138nd9x9	Unams (Zanis) typescript	ark:/13030/tf4m3nb8sq	false
http://www.oac.cdlib.org/findaid/ark:/13030/c8xs5t4f	Uncataloged Periodicals	ark:/13030/tf4779p5jq	false
http://www.oac.cdlib.org/findaid/ark:/13030/kt038nf0ct	Uncle John's Stables Advertising Card	ark:/13030/tf458010c5	false
http://www.oac.cdlib.org/findaid/ark:/13030/c8cv4g36	Uncle Sam Republican League Club Records	ark:/13030/kt0g50151g	false
http://www.oac.cdlib.org/findaid/ark:/13030/kt767nc6j7	Uncommon Knowledge Video Tapes	ark:/13030/tf4m3nb8sq	false
http://www.oac.cdlib.org/findaid/ark:/13030/kt8m3nf7wq	"Uncommon Man Dinner, May 15, 1987"	ark:/13030/tf458010c5	false
http://www.oac.cdlib.org/findaid/ark:/13030/tf8x0nb5rz	"Underground, Alternative and Extremist Literature collection"	ark:/13030/tf129008pn	true
http://www.oac.cdlib.org/findaid/ark:/13030/kt1870356z	Underground Comic Book Collection	ark:/13030/tf1489p250	false
http://www.oac.cdlib.org/findaid/ark:/13030/c8xp75jp	Underground Erotic Graphics and Literature Collection	ark:/13030/kt2n39q9dc	false
http://www.oac.cdlib.org/findaid/ark:/13030/c8319v67	Underhill (Francis T.) papers	ark:/13030/kt8779s1dn	false
http://www.oac.cdlib.org/findaid/ark:/13030/c8v988n7	Underhill (Henry Beers) Correspondence	ark:/13030/tf1f59p2n6	false
http://www.oac.cdlib.org/findaid/ark:/13030/tf967nb3s7	Underhill (John P.) Collection	ark:/13030/tf1f59p2n6	false
http://www.oac.cdlib.org/findaid/ark:/13030/k6jw8bst	Underhill (Reuben L.) Papers	ark:/13030/tf7r29p8s0	false
http://www.oac.cdlib.org/findaid/ark:/13030/kt096nd7n6	Understanding Herbert Hoover: two approaches video tape	ark:/13030/tf4m3nb8sq	false
http://www.oac.cdlib.org/findaid/ark:/13030/c8k64kxh	Underwood (Agness M.) Collection	ark:/13030/c8q52qnq	false
http://www.oac.cdlib.org/findaid/ark:/13030/kt096nd9mn	"(Underwood, Florence)"	ark:/13030/kt5870276q	false
http://www.oac.cdlib.org/findaid/ark:/13030/c8hd7x3g	Underwood (Lucas) Collection	ark:/13030/tf609nb7wg	false
http://www.oac.cdlib.org/findaid/ark:/13030/kt4d5nf1j3	Unger (Jonathan) collection	ark:/13030/tf4m3nb8sq	false
http://www.oac.cdlib.org/findaid/ark:/13030/kt8m3nf5rp	Ungern-Shternberg (Baron Roman Fedorovich) miscellaneous writings	ark:/13030/tf4m3nb8sq	false
http://www.oac.cdlib.org/findaid/ark:/13030/c8v123hb	"Unicamp Records (University of California, Irvine)"	ark:/13030/kt3v19n8bk	false
http://www.oac.cdlib.org/findaid/ark:/13030/kt009nf0k8	Unification and Grammatical Theory [videorecording]	ark:/13030/tf458010c5	false
http://www.oac.cdlib.org/findaid/ark:/13030/kt9489s0jw	Union de la jeunesse socialiste congolaise sound recordings	ark:/13030/tf4m3nb8sq	false
http://www.oac.cdlib.org/findaid/ark:/13030/kt62901925	Union Files Collection	ark:/13030/tf7q2nb9fm	false
http://www.oac.cdlib.org/findaid/ark:/13030/tf2x0n99mh	Union Lumber Company Records	ark:/13030/tf7r29p8s0	false
http://www.oac.cdlib.org/findaid/ark:/13030/kt4g5035zk	Union Oil Company of California (UNOCAL) records	ark:/13030/tf129008pn	false
http://www.oac.cdlib.org/findaid/ark:/13030/c8639q9j	Union Pacific Railroad Collection	ark:/13030/tf0f59p354	false
http://www.oac.cdlib.org/findaid/ark:/13030/kt2v19r73h	Union Pacific Railroad Tidelands records	ark:/13030/tf1p3009z6	false
http://www.oac.cdlib.org/findaid/ark:/13030/kt0199r745	Union (paddle steamer) cargo manifests	ark:/13030/tf9d5nc0sj	false
http://www.oac.cdlib.org/findaid/ark:/13030/c8f190h1	Union Station Collection	ark:/13030/kt4c60381d	false
http://www.oac.cdlib.org/findaid/ark:/13030/kt7c6022dp	Union Volunteer Refreshment Committee Cards	ark:/13030/kt2j49q7f8	false
http://www.oac.cdlib.org/findaid/ark:/13030/tf2s2002gj	Union WAGE (Women's Alliance To Gain Equality) Records	ark:/13030/tf7779p81b	false
http://www.oac.cdlib.org/findaid/ark:/13030/kt8m3nb33j	United Anti-Nazi Conference Records	ark:/13030/tf7q2nb9fm	false
http://www.oac.cdlib.org/findaid/ark:/13030/c8125tzw	United Arab Emirates 2011 Parliamentary Election ephemera	ark:/13030/tf129008pn	false
http://www.oac.cdlib.org/findaid/ark:/13030/c82f7qbf	United Artists Corporation photographs	ark:/13030/c8ff3t03	false
http://www.oac.cdlib.org/findaid/ark:/13030/tf158004j9	"United Artists (New York, N.Y.) Records"	ark:/13030/tf5r29p653	false
http://www.oac.cdlib.org/findaid/ark:/13030/kt467nf3wx	United Brotherhood of the South Sea Islands records	ark:/13030/tf9d5nc0sj	false
http://www.oac.cdlib.org/findaid/ark:/13030/kt2j49r8gq	United Campus Christian Ministry (San Jose State University)	ark:/13030/tf6g5012hs	false
http://www.oac.cdlib.org/findaid/ark:/13030/tf900006r3	"United Church of Christ, Northern California Conference Records"	ark:/13030/tf7779p81b	false
http://www.oac.cdlib.org/findaid/ark:/13030/c8q52qc4	United Committee on War Temperance Activities in the Army and Navy Lantern Slides	ark:/13030/tf1489p250	false
http://www.oac.cdlib.org/findaid/ark:/13030/tf8489p297	"United Daughters of the Confederacy. Sterling Price Chapter (Stockton, Calif.) Records"	ark:/13030/tf609nb7wg	false
http://www.oac.cdlib.org/findaid/ark:/13030/c86t0pcv	United Daughters of the Confederacy-Emma Samson Chapter #449	ark:/13030/c8cn7290	false
http://www.oac.cdlib.org/findaid/ark:/13030/tf0d5n97n5	"United Electrical, Radio and Machine Workers of America Collection"	ark:/13030/tf7779p81b	false
http://www.oac.cdlib.org/findaid/ark:/13030/kt3q2nc3pw	"United Electrical, Radio and Machine Workers of America Records"	ark:/13030/tf7q2nb9fm	false
http://www.oac.cdlib.org/findaid/ark:/13030/c8862h75	United Farm Workers Flyers Collection	ark:/13030/c8th8nbh	false
http://www.oac.cdlib.org/findaid/ark:/13030/tf0779n6n2	United Farm Workers Information Fair Collection	ark:/13030/tf1p3008cx	false
http://www.oac.cdlib.org/findaid/ark:/13030/tf0f59n4nd	"United Food and Commercial Workers (UFCW), Local 135 Records"	ark:/13030/tf4779p5jq	false
http://www.oac.cdlib.org/findaid/ark:/13030/c8sq9221	United Media photographs	ark:/13030/c8ff3t03	false
http://www.oac.cdlib.org/findaid/ark:/13030/c81n7zhb	United Men's Health Clubs Collection	ark:/13030/kt2n39q9dc	false
http://www.oac.cdlib.org/findaid/ark:/13030/kt229032q8	United Nations Association of the United States of America. San Francisco Chapter records	ark:/13030/tf4m3nb8sq	false
http://www.oac.cdlib.org/findaid/ark:/13030/c8nk3ftj	United Nations Collection	ark:/13030/kt4c60381d	false
http://www.oac.cdlib.org/findaid/ark:/13030/tf2f59n5jz	United Nations Conference on International Organization Proceedings	ark:/13030/tf4m3nb8sq	false
http://www.oac.cdlib.org/findaid/ark:/13030/kt838nf1kw	United Nations issuances	ark:/13030/tf4m3nb8sq	false
http://www.oac.cdlib.org/findaid/ark:/13030/hb6b69p5ff	United Nations poster collection	ark:/13030/tf7r29p8s0	true
http://www.oac.cdlib.org/findaid/ark:/13030/kt3x0nc7d0	United Nations Relief and Rehab. Admin. Records	ark:/13030/tf129008pn	false
http://www.oac.cdlib.org/findaid/ark:/13030/tf938nb3dw	United Nations Relief and Rehabilitation Administration. China Office. Records	ark:/13030/tf4m3nb8sq	false
http://www.oac.cdlib.org/findaid/ark:/13030/kt4w10341r	United Nations Relief and Rehabilitation Administration. Estonian Displaced Persons' Assembly Center issuances	ark:/13030/tf4m3nb8sq	false
http://www.oac.cdlib.org/findaid/ark:/13030/kt7779r85n	United Nations Relief and Rehabilitation Administration issuances	ark:/13030/tf4m3nb8sq	false
http://www.oac.cdlib.org/findaid/ark:/13030/kt8p3020m3	United Office and Professional Workers of America	ark:/13030/tf129008pn	false
http://www.oac.cdlib.org/findaid/ark:/13030/kt8t1nf3vk	United Press Associations miscellaneous records	ark:/13030/tf4m3nb8sq	false
http://www.oac.cdlib.org/findaid/ark:/13030/kt967nf783	"United Press International (photograph collection, 1930-1978)"	ark:/13030/kt4779r888	true
http://www.oac.cdlib.org/findaid/ark:/13030/kt8f59s05v	United Press is on the air radio broadcast series	ark:/13030/tf4m3nb8sq	false
http://www.oac.cdlib.org/findaid/ark:/13030/tf7w1006bm	United Professors of California Collection	ark:/13030/tf7779p81b	false
http://www.oac.cdlib.org/findaid/ark:/13030/tf7p3005hd	United Railroads of San Francisco Collection	ark:/13030/tf0f59p354	false
http://www.oac.cdlib.org/findaid/ark:/13030/tf2s2002h2	United Railroads of San Francisco Records	ark:/13030/tf5r29p4tz	false
http://www.oac.cdlib.org/findaid/ark:/13030/kt3d5nd9wc	United Restitution Organization miscellaneous records	ark:/13030/tf4m3nb8sq	false
http://www.oac.cdlib.org/findaid/ark:/13030/tf7m3nb4xs	United Spanish War Veterans. San Francisco Camps Papers	ark:/13030/tf609nb7wg	false
http://www.oac.cdlib.org/findaid/ark:/13030/c8hd7xtw	United States 8th Cavalry in Philippines Photographs	ark:/13030/kt2j49q7f8	false
http://www.oac.cdlib.org/findaid/ark:/13030/kt2w10328s	United States. Army. 10th Army mimeograph	ark:/13030/tf4m3nb8sq	false
http://www.oac.cdlib.org/findaid/ark:/13030/kt4g50344p	United States. Army. 26th Infantry Division intelligence summary	ark:/13030/tf4m3nb8sq	false
http://www.oac.cdlib.org/findaid/ark:/13030/kt800035t1	United States. Army. 2nd Infantry Division leaflet	ark:/13030/tf4m3nb8sq	false
http://www.oac.cdlib.org/findaid/ark:/13030/kt8d5nf1wh	United States. Army. 38th Infantry Regiment news bulletin	ark:/13030/tf4m3nb8sq	false
http://www.oac.cdlib.org/findaid/ark:/13030/kt229032tt	United States. Army. 81st Infantry Division miscellaneous records	ark:/13030/tf4m3nb8sq	false
http://www.oac.cdlib.org/findaid/ark:/13030/kt3z09r6h6	United States Army 8th Psychological Operations Battalion (Airborne) issuances	ark:/13030/tf4m3nb8sq	false
http://www.oac.cdlib.org/findaid/ark:/13030/kt5p3033r4	United States. Army. 91st Infantry Division miscellaneous records	ark:/13030/tf4m3nb8sq	false
http://www.oac.cdlib.org/findaid/ark:/13030/kt2g5033c6	United States. Army. 97th Infantry Division radio broadcast	ark:/13030/tf4m3nb8sq	false
http://www.oac.cdlib.org/findaid/ark:/13030/kt0s200133	United States Army Abstract of Payments Ledger	ark:/13030/kt2j49q7f8	false
http://www.oac.cdlib.org/findaid/ark:/13030/kt7g5036js	United States. Army Air Forces. 13th Air Force Service Command miscellaneous records	ark:/13030/tf4m3nb8sq	false
http://www.oac.cdlib.org/findaid/ark:/13030/kt5w1034z1	United States. Army Air Forces. 509th Composite Group operations orders	ark:/13030/tf4m3nb8sq	false
http://www.oac.cdlib.org/findaid/ark:/13030/kt738nf5nj	United States. Army Air Forces. Air Materiel Command. T-2. Air Documents Division. Translation Section translations	ark:/13030/tf4m3nb8sq	false
http://www.oac.cdlib.org/findaid/ark:/13030/kt7w103798	United States. Army Air Forces communiques	ark:/13030/tf4m3nb8sq	false
http://www.oac.cdlib.org/findaid/ark:/13030/kt5w1034xh	United States. Army Air Forces. Weather Service reports	ark:/13030/tf4m3nb8sq	false
http://www.oac.cdlib.org/findaid/ark:/13030/tf7489n8p2	United States. Army. American Expeditionary Forces Records	ark:/13030/tf4m3nb8sq	false
http://www.oac.cdlib.org/findaid/ark:/13030/kt6m3nf47t	United States. Army. American Forces in Germany miscellaneous records	ark:/13030/tf4m3nb8sq	false
http://www.oac.cdlib.org/findaid/ark:/13030/kt8k4037kr	"United States. Army. Armored Division, 2nd sound recording"	ark:/13030/tf4m3nb8sq	false
http://www.oac.cdlib.org/findaid/ark:/13030/kt1j49r4bd	"United States. Army. Army, 6th mimeograph"	ark:/13030/tf4m3nb8sq	false
http://www.oac.cdlib.org/findaid/ark:/13030/kt4g5033zm	"United States. Army. Board of Inquiry (Camp Lewis, Washington) hearing transcripts"	ark:/13030/tf4m3nb8sq	false
http://www.oac.cdlib.org/findaid/ark:/13030/kt2489r5k6	United States. Army. Center for Army Lessons Learned bulletins	ark:/13030/tf4m3nb8sq	false
http://www.oac.cdlib.org/findaid/ark:/13030/tf9779n9wx	United States. Army. Construction Division Records	ark:/13030/tf4m3nb8sq	false
http://www.oac.cdlib.org/findaid/ark:/13030/tf2t1n98wh	"United States. Army. Corps of Engineers. Regiment, 29th Records"	ark:/13030/tf4m3nb8sq	false
http://www.oac.cdlib.org/findaid/ark:/13030/kt9z09s419	"United States. Army. Corps of Engineers. Regiment, 319th printed material"	ark:/13030/tf4m3nb8sq	false
http://www.oac.cdlib.org/findaid/ark:/13030/tf696nb1jc	"United States Army European Command, Historical Division Typescript Studies"	ark:/13030/tf4m3nb8sq	false
http://www.oac.cdlib.org/findaid/ark:/13030/kt9d5nf2w9	United States. Army. European Theater of Operations. Communication Zone. Western Base Section mimeograph	ark:/13030/tf4m3nb8sq	false
http://www.oac.cdlib.org/findaid/ark:/13030/kt2d5nd8gc	United States. Army. European Theater of Operations. Information and Education Division pamphlets	ark:/13030/tf4m3nb8sq	false
http://www.oac.cdlib.org/findaid/ark:/13030/kt929037m9	United States. Army. Far East Command. Historical Section mimeograph	ark:/13030/tf4m3nb8sq	false
http://www.oac.cdlib.org/findaid/ark:/13030/kt6k4036j4	United States. Army. Far East Command. Psychological Warfare Branch leaflets	ark:/13030/tf4m3nb8sq	false
http://www.oac.cdlib.org/findaid/ark:/13030/kt0489r54v	United States. Army. First Army miscellaneous records	ark:/13030/tf4m3nb8sq	false
http://www.oac.cdlib.org/findaid/ark:/13030/kt8k4035zg	United States. Army. Forces in China Theater translations of newspaper articles	ark:/13030/tf4m3nb8sq	false
http://www.oac.cdlib.org/findaid/ark:/13030/kt196nd6k0	United States. Army. Forces in Korea miscellaneous records	ark:/13030/tf4m3nb8sq	false
http://www.oac.cdlib.org/findaid/ark:/13030/kt829037fd	United States. Army. Forces in the European Theater issuances	ark:/13030/tf4m3nb8sq	false
http://www.oac.cdlib.org/findaid/ark:/13030/tf767nb1xq	United States. Army. Forces in the Western Pacific. Military Commission Records	ark:/13030/tf4m3nb8sq	false
http://www.oac.cdlib.org/findaid/ark:/13030/kt1c6032b7	"United States. Army. Forces, Pacific. General Headquarters. Civil Affairs Section mimeograph"	ark:/13030/tf4m3nb8sq	false
http://www.oac.cdlib.org/findaid/ark:/13030/kt9779s1hh	"United States. Army. Forces, Pacific. Psychological Warfare Branch issuances"	ark:/13030/tf4m3nb8sq	false
http://www.oac.cdlib.org/findaid/ark:/13030/kt2q2nf00p	United States. Army. I Corps intelligence summary	ark:/13030/tf4m3nb8sq	false
http://www.oac.cdlib.org/findaid/ark:/13030/kt609nf3t6	United States. Army. III Corps intelligence summary	ark:/13030/tf4m3nb8sq	false
http://www.oac.cdlib.org/findaid/ark:/13030/kt6f59r9c7	"United States. Army. Infantry Division, 1st. Historical Section maps"	ark:/13030/tf4m3nb8sq	false
http://www.oac.cdlib.org/findaid/ark:/13030/kt9x0nf3vj	"United States. Army. Infantry Regiment, 511th. Battalion, 1st Battalion order"	ark:/13030/tf4m3nb8sq	false
http://www.oac.cdlib.org/findaid/ark:/13030/kt5p3033nk	United States Army Infantry School instructional exercises	ark:/13030/tf4m3nb8sq	false
http://www.oac.cdlib.org/findaid/ark:/13030/kt9489s0mx	United States. Army. IV Corps miscellaneous records	ark:/13030/tf4m3nb8sq	false
http://www.oac.cdlib.org/findaid/ark:/13030/kt367nf0bw	"United States. Army. School for Military Government and Administration (New York) Section, 2d. Group V typescript"	ark:/13030/tf4m3nb8sq	false
http://www.oac.cdlib.org/findaid/ark:/13030/kt6z09s0j6	United States. Army. Signal Corps pictorial matter	ark:/13030/tf4m3nb8sq	false
http://www.oac.cdlib.org/findaid/ark:/13030/c8dr2ww0	United States Army Signal Corps World War I Photograph Collection	ark:/13030/kt9k402381	false
http://www.oac.cdlib.org/findaid/ark:/13030/kt338nd9cn	United States. Army. Small Wars Operations Research Directorate studies	ark:/13030/tf4m3nb8sq	false
http://www.oac.cdlib.org/findaid/ark:/13030/kt9s204125	United States. Army. Third Army miscellaneous records	ark:/13030/tf4m3nb8sq	false
http://www.oac.cdlib.org/findaid/ark:/13030/kt5489r8qn	United States. Army typescript	ark:/13030/tf4m3nb8sq	false
http://www.oac.cdlib.org/findaid/ark:/13030/kt9s2039qd	United States. Army. V Corps intelligence summary	ark:/13030/tf4m3nb8sq	false
http://www.oac.cdlib.org/findaid/ark:/13030/kt258032v0	United States. Army. VIII Corps intelligence summaries	ark:/13030/tf4m3nb8sq	false
http://www.oac.cdlib.org/findaid/ark:/13030/kt509nb9fr	United States Building and Loan League records	ark:/13030/tf129008pn	false
http://www.oac.cdlib.org/findaid/ark:/13030/kt0f59r55b	United States. Central Intelligence Agency typescript	ark:/13030/tf4m3nb8sq	false
http://www.oac.cdlib.org/findaid/ark:/13030/tf8t1nb33h	"United States. Civil Affairs Training School, Stanford University Records"	ark:/13030/tf4m3nb8sq	false
http://www.oac.cdlib.org/findaid/ark:/13030/kt109nd7hg	United States Civil War Collection	ark:/13030/tf4779p5jq	false
http://www.oac.cdlib.org/findaid/ark:/13030/c8j38t65	United States Coast Guard Rescue Station at Point Arguello drawings	ark:/13030/kt8779s1dn	false
http://www.oac.cdlib.org/findaid/ark:/13030/kt6k402163	United States. Commission on Organization of the Executive Branch of Government Records	ark:/13030/tf4m3nb8sq	false
http://www.oac.cdlib.org/findaid/ark:/13030/kt4k4033w7	United States. Committee on Public Information photographs	ark:/13030/tf4m3nb8sq	false
http://www.oac.cdlib.org/findaid/ark:/13030/kt096nd7pq	United States. Committee upon the Arbitration of the Boundary between Turkey and Armenia report	ark:/13030/tf4m3nb8sq	false
http://www.oac.cdlib.org/findaid/ark:/13030/kt7870350q	United States. Congress. Commission on Security and Cooperation in Europe reports	ark:/13030/tf4m3nb8sq	false
http://www.oac.cdlib.org/findaid/ark:/13030/kt196nd999	"United States Congress, Joint Congressional Committee on Inaugural Ceremonies, Invitation and Program to the Inauguration of Barack Obama"	ark:/13030/tf458010c5	false
http://www.oac.cdlib.org/findaid/ark:/13030/kt15803239	United States. Congress. Senate. Committee on the Judiciary. Subcommittee to Investigate the Administration of the Internal Security Act and Other Internal Security Laws miscellaneous records	ark:/13030/tf4m3nb8sq	false
http://www.oac.cdlib.org/findaid/ark:/13030/kt658035kj	"United States. Consulate General (Zurich, Switzerland) circulars"	ark:/13030/tf4m3nb8sq	false
http://www.oac.cdlib.org/findaid/ark:/13030/kt7m3nf2bq	"United States. Consulate (Petrograd, Russia) dispatches"	ark:/13030/tf4m3nb8sq	false
http://www.oac.cdlib.org/findaid/ark:/13030/kt9c6036zz	United States. Council of National Defense. Hospital Committee map	ark:/13030/tf4m3nb8sq	false
http://www.oac.cdlib.org/findaid/ark:/13030/kt6k4036kn	United States Department of State International Information Administration collection	ark:/13030/tf4m3nb8sq	false
http://www.oac.cdlib.org/findaid/ark:/13030/kt5v19r86g	United States. Dept. of State. Office of External Research typescript	ark:/13030/tf4m3nb8sq	false
http://www.oac.cdlib.org/findaid/ark:/13030/kt3c60326s	United States. Dept. of State. Office of Foreign Liquidation report	ark:/13030/tf4m3nb8sq	false
http://www.oac.cdlib.org/findaid/ark:/13030/kt9r29s300	United States. Dept. of State. Office of International Information printed material	ark:/13030/tf4m3nb8sq	false
http://www.oac.cdlib.org/findaid/ark:/13030/tf7w1005zf	United States. Dept. of State Records	ark:/13030/tf4m3nb8sq	false
http://www.oac.cdlib.org/findaid/ark:/13030/kt6f59r9bq	United States. Economic Cooperation Administration miscellaneous records	ark:/13030/tf4m3nb8sq	false
http://www.oac.cdlib.org/findaid/ark:/13030/kt8t1nf404	United States. Embassy (Great Britain) mimeograph	ark:/13030/tf4m3nb8sq	false
http://www.oac.cdlib.org/findaid/ark:/13030/kt4r29r5zf	United States. Embassy (Greece) reports	ark:/13030/tf4m3nb8sq	false
http://www.oac.cdlib.org/findaid/ark:/13030/kt5489q4rs	United States Ephemera Collection	ark:/13030/tf129008pn	false
http://www.oac.cdlib.org/findaid/ark:/13030/kt596nc74j	United States Equitist League Civil War Broadside	ark:/13030/kt2j49q7f8	false
http://www.oac.cdlib.org/findaid/ark:/13030/kt4489r68n	United States. Federal Bureau of Investigation miscellaneous records	ark:/13030/tf4m3nb8sq	false
http://www.oac.cdlib.org/findaid/ark:/13030/tf5f59n7ds	United States. Federal Security Agency Phonorecords	ark:/13030/tf4m3nb8sq	false
http://www.oac.cdlib.org/findaid/ark:/13030/kt7b69r7v5	United States Food Administration Project records	ark:/13030/tf4m3nb8sq	false
http://www.oac.cdlib.org/findaid/ark:/13030/kt1n39r4r8	United States. Food Administration records	ark:/13030/tf4m3nb8sq	false
http://www.oac.cdlib.org/findaid/ark:/13030/kt0k40329q	United States. Foreign Broadcast Intelligence Service miscellaneous records	ark:/13030/tf4m3nb8sq	false
http://www.oac.cdlib.org/findaid/ark:/13030/tf038n970c	United States. Fuel Administration Records	ark:/13030/tf4m3nb8sq	false
http://www.oac.cdlib.org/findaid/ark:/13030/kt0000317t	United States. House Republican Research Committee. Task Force on Terrorism and Unconventional Warfare reports	ark:/13030/tf4m3nb8sq	false
http://www.oac.cdlib.org/findaid/ark:/13030/kt8w10368k	United States Information Agency radio broadcasts	ark:/13030/tf4m3nb8sq	false
http://www.oac.cdlib.org/findaid/ark:/13030/kt7n39s1p3	United States. Interdepartmental Committee for the Acquisition of Foreign Publications minutes	ark:/13030/tf4m3nb8sq	false
http://www.oac.cdlib.org/findaid/ark:/13030/kt9t1nf5fn	United States. Maritime Service photographs	ark:/13030/tf4m3nb8sq	false
http://www.oac.cdlib.org/findaid/ark:/13030/tf0v19n4dd	United States. Military Mission to Armenia. Photographs	ark:/13030/tf4m3nb8sq	false
http://www.oac.cdlib.org/findaid/ark:/13030/kt9r29s5fp	United States Military officer training photographs	ark:/13030/tf6t1nc14w	false
http://www.oac.cdlib.org/findaid/ark:/13030/c8rv0p8t	United States Mission Collection	ark:/13030/kt2n39q9dc	false
http://www.oac.cdlib.org/findaid/ark:/13030/kt8z09r9jq	United States. National Guard Bureau miscellaneous records	ark:/13030/tf4m3nb8sq	false
http://www.oac.cdlib.org/findaid/ark:/13030/kt167nd73k	United States. National Resources Planning Board. Youth Section mimeograph	ark:/13030/tf4m3nb8sq	false
http://www.oac.cdlib.org/findaid/ark:/13030/tf75800591	United States National Student Association International Commission Records	ark:/13030/tf4m3nb8sq	false
http://www.oac.cdlib.org/findaid/ark:/13030/kt3489r7jz	United States Naval Air Combat Intelligence School mimeograph	ark:/13030/tf4m3nb8sq	false
http://www.oac.cdlib.org/findaid/ark:/13030/c82v2gxd	United States naval cadets and officers photograph album	ark:/13030/tf129008pn	false
http://www.oac.cdlib.org/findaid/ark:/13030/kt5r29r7jh	United States. Naval Reserve miscellaneous records	ark:/13030/tf4m3nb8sq	false
http://www.oac.cdlib.org/findaid/ark:/13030/c85b0316	United States Navy Department records	ark:/13030/tf9d5nc0sj	false
http://www.oac.cdlib.org/findaid/ark:/13030/kt4p30341f	United States. Navy. Liberty (Ship) Court of Inquiry records	ark:/13030/tf4m3nb8sq	false
http://www.oac.cdlib.org/findaid/ark:/13030/kt6199s16m	United States. Navy. Pacific Fleet and Pacific Ocean Areas. Pacific Fleet and Pacific Ocean Areas communiques	ark:/13030/tf4m3nb8sq	false
http://www.oac.cdlib.org/findaid/ark:/13030/kt0c60325b	United States. Navy. Submarine Squadron 20 printed material	ark:/13030/tf4m3nb8sq	false
http://www.oac.cdlib.org/findaid/ark:/13030/tf338n99jj	"United States of American vs American Telephone &amp;amp; Telegraph, et al. : Legal Documents"	ark:/13030/tf5r29p4tz	false
http://www.oac.cdlib.org/findaid/ark:/13030/kt1489r634	United States. Office of Civilian Defense issuances	ark:/13030/tf4m3nb8sq	false
http://www.oac.cdlib.org/findaid/ark:/13030/kt4q2nd9q2	United States. Office of Defense Transportation reports	ark:/13030/tf4m3nb8sq	false
http://www.oac.cdlib.org/findaid/ark:/13030/kt8f59s04b	United States. Office of Naval Intelligence. Air Intelligence Group maps	ark:/13030/tf4m3nb8sq	false
http://www.oac.cdlib.org/findaid/ark:/13030/kt4h4nf2m8	United States. Office of Naval Intelligence printed material	ark:/13030/tf4m3nb8sq	false
http://www.oac.cdlib.org/findaid/ark:/13030/kt2q2nd9xj	United States. Office of Strategic Services. Special Operations Branch. Western Europe Section reports	ark:/13030/tf4m3nb8sq	false
http://www.oac.cdlib.org/findaid/ark:/13030/kt8w10364h	United States Office of the Chief of Naval Operations Survey Staff (Yale University) card file	ark:/13030/tf4m3nb8sq	false
http://www.oac.cdlib.org/findaid/ark:/13030/kt8w103672	United States. Office of War Information miscellaneous records	ark:/13030/tf4m3nb8sq	false
http://www.oac.cdlib.org/findaid/ark:/13030/kt909nf4q2	United States. Office of War Information. Psychological Warfare Division propaganda	ark:/13030/tf4m3nb8sq	false
http://www.oac.cdlib.org/findaid/ark:/13030/kt587036sg	United States. Pacific Command printed material	ark:/13030/tf4m3nb8sq	false
http://www.oac.cdlib.org/findaid/ark:/13030/kt8v19s3x9	United States presidential campaigns collection	ark:/13030/tf6t1nc14w	false
http://www.oac.cdlib.org/findaid/ark:/13030/tf0k4000mq	United States President's Famine Emergency Committee Records	ark:/13030/tf4m3nb8sq	false
http://www.oac.cdlib.org/findaid/ark:/13030/tf8b69n9b0	United States. President's Research Committee On Social Trends Records	ark:/13030/tf4m3nb8sq	false
http://www.oac.cdlib.org/findaid/ark:/13030/kt6g5034k1	United States. Provost Marshal General's Bureau typescript	ark:/13030/tf4m3nb8sq	false
http://www.oac.cdlib.org/findaid/ark:/13030/kt8489r7v5	United States. Reparations Mission to Japan photographs	ark:/13030/tf4m3nb8sq	false
http://www.oac.cdlib.org/findaid/ark:/13030/kt6199s174	United States. Selective Service System report	ark:/13030/tf4m3nb8sq	false
http://www.oac.cdlib.org/findaid/ark:/13030/kt88703700	United States. Shipping Board and Norwegian Ship Owners' Association agreement	ark:/13030/tf4m3nb8sq	false
http://www.oac.cdlib.org/findaid/ark:/13030/c82b8wdr	United States Shipping Commissioner wage book	ark:/13030/tf9d5nc0sj	false
http://www.oac.cdlib.org/findaid/ark:/13030/kt529026t7	United States Signal Corps Film Unit Records	ark:/13030/kt2j49q7f8	false
http://www.oac.cdlib.org/findaid/ark:/13030/kt100033jr	United States. Special Mission on Yen Foreign Exchange Policy report	ark:/13030/tf4m3nb8sq	false
http://www.oac.cdlib.org/findaid/ark:/13030/kt2f59n5j9	"United States Squadron in the Pacific Ocean, Quarterly Return of Receipts"	ark:/13030/kt2j49q7f8	false
http://www.oac.cdlib.org/findaid/ark:/13030/kt9z09s2m4	United States Strategic Bombing Survey reports of interrogations	ark:/13030/tf4m3nb8sq	false
http://www.oac.cdlib.org/findaid/ark:/13030/kt3t1nf057	United States. Subversive Activities Control Board records	ark:/13030/tf4m3nb8sq	false
http://www.oac.cdlib.org/findaid/ark:/13030/kt487034mm	United States. Supreme Court issuances	ark:/13030/tf4m3nb8sq	false
http://www.oac.cdlib.org/findaid/ark:/13030/kt5q2nf28q	United States. United States. Adjutant-General's Office miscellaneous issuances	ark:/13030/tf4m3nb8sq	false
http://www.oac.cdlib.org/findaid/ark:/13030/c8sq923g	United States Volleyball Association Regional Depository Collection	ark:/13030/c8cn7290	false
http://www.oac.cdlib.org/findaid/ark:/13030/kt3p3034nf	United States. War Dept. Bureau of Public Relations. Industrial Services Division miscellaneous records	ark:/13030/tf4m3nb8sq	false
http://www.oac.cdlib.org/findaid/ark:/13030/kt1z09r5zt	United States. War Dept. Committee on Education and Special Training miscellaneous records	ark:/13030/tf4m3nb8sq	false
http://www.oac.cdlib.org/findaid/ark:/13030/kt329032gz	United States. War Production Board. Office of Civilian Requirements. Civilian Relations Division mimeograph	ark:/13030/tf4m3nb8sq	false
http://www.oac.cdlib.org/findaid/ark:/13030/kt300031x3	United States. War Relocation Authority miscellaneous issuances	ark:/13030/tf4m3nb8sq	false
http://www.oac.cdlib.org/findaid/ark:/13030/kt1r29r611	United States. War Shipping Administration. Division of Statistics and Research reports	ark:/13030/tf4m3nb8sq	false
http://www.oac.cdlib.org/findaid/ark:/13030/kt1q2nd78f	United States Wartime Civil Control Administration miscellaneous records	ark:/13030/tf4m3nb8sq	false
http://www.oac.cdlib.org/findaid/ark:/13030/c8pz5bpc	United Teachers Los Angeles Collection	ark:/13030/c8q52qnq	false
http://www.oac.cdlib.org/findaid/ark:/13030/kt4w103428	"United Veterans Council of Berkeley, California records"	ark:/13030/tf4m3nb8sq	false
http://www.oac.cdlib.org/findaid/ark:/13030/kt3h4nf0nh	United War Work Campaign scrapbook	ark:/13030/tf4m3nb8sq	false
http://www.oac.cdlib.org/findaid/ark:/13030/kt667nf3th	United Way of Los Angeles records	ark:/13030/kt8f59q5cg	false
http://www.oac.cdlib.org/findaid/ark:/13030/kt3k403352	United World Federalists miscellaneous records	ark:/13030/tf4m3nb8sq	false
http://www.oac.cdlib.org/findaid/ark:/13030/kt6x0nb4t7	"Univ. of Calif., Berkeley, Institute of Industrial Relations Oral History Project Transcripts"	ark:/13030/tf129008pn	false
http://www.oac.cdlib.org/findaid/ark:/13030/kt0f59p9nm	Universal Movement Theatre Repertory Archives	ark:/13030/tf1489p250	false
http://www.oac.cdlib.org/findaid/ark:/13030/kt8w103651	Universal Newspaper Newsreel motion picture film	ark:/13030/tf4m3nb8sq	false
http://www.oac.cdlib.org/findaid/ark:/13030/c87946b8	Universal Pictures Company negatives	ark:/13030/c8ff3t03	false
http://www.oac.cdlib.org/findaid/ark:/13030/c8930wfx	Universal Pictures Company trailer scripts	ark:/13030/c8ff3t03	false
http://www.oac.cdlib.org/findaid/ark:/13030/kt100033f6	Universitat Munchen collection	ark:/13030/tf4m3nb8sq	false
http://www.oac.cdlib.org/findaid/ark:/13030/kt9r29s1tf	Universite libre de Bruxelles. Institut de sociologie typescript	ark:/13030/tf4m3nb8sq	false
http://www.oac.cdlib.org/findaid/ark:/13030/c83t9j16	University Academic Council Records	ark:/13030/kt8g5040dk	false
http://www.oac.cdlib.org/findaid/ark:/13030/kt3489s0z7	"University Advancement News Releases (University of California, Irvine)"	ark:/13030/kt3v19n8bk	false
http://www.oac.cdlib.org/findaid/ark:/13030/kt5x0nd35h	"University Advancement publications (University of California, Irvine)"	ark:/13030/kt3v19n8bk	false
http://www.oac.cdlib.org/findaid/ark:/13030/kt7b69s0v7	"University Advancement Records (University of California, Irvine)"	ark:/13030/kt3v19n8bk	false
http://www.oac.cdlib.org/findaid/ark:/13030/kt009nd72f	University Archives Biographical File	ark:/13030/tf4779p5jq	false
http://www.oac.cdlib.org/findaid/ark:/13030/kt6p3041nc	University Archives Broadsides and Posters Collection	ark:/13030/kt2j49q7f8	false
http://www.oac.cdlib.org/findaid/ark:/13030/kt2n39r778	University Archives Multimedia Collection	ark:/13030/tf4779p5jq	false
http://www.oac.cdlib.org/findaid/ark:/13030/kt4199q9np	University Archives Photograph Collection	ark:/13030/tf4779p5jq	false
http://www.oac.cdlib.org/findaid/ark:/13030/kt5h4nf5dx	University Archives Photographs	ark:/13030/kt3z09r97h	true
http://www.oac.cdlib.org/findaid/ark:/13030/kt296nf09q	University Archives Photographs Collection	ark:/13030/kt2j49q7f8	false
http://www.oac.cdlib.org/findaid/ark:/13030/kt629033mf	University Archives Topical File	ark:/13030/tf4779p5jq	false
http://www.oac.cdlib.org/findaid/ark:/13030/c84t6mn8	"University Archives Vertical Files Collection (University of California, Irvine)"	ark:/13030/kt3v19n8bk	false
http://www.oac.cdlib.org/findaid/ark:/13030/tf4n39n6s0	University Art Gallery Collection	ark:/13030/tf029009dp	false
http://www.oac.cdlib.org/findaid/ark:/13030/c86t0kxs	University Art Museum renovation records	ark:/13030/kt8779s1dn	false
http://www.oac.cdlib.org/findaid/ark:/13030/kt8z09s253	University Avenue Underpass Project Records	ark:/13030/tf458010c5	false
http://www.oac.cdlib.org/findaid/ark:/13030/c85m66g9	University Club of Los Angeles Photograph album of members	ark:/13030/tf129008pn	false
http://www.oac.cdlib.org/findaid/ark:/13030/kt2199r8gf	"University Club Records (University of California, Irvine)"	ark:/13030/kt3v19n8bk	false
http://www.oac.cdlib.org/findaid/ark:/13030/c8k076hn	"University College of Jewish Studies, Academic Departments and Schools, University Archives (Institutional Records)"	ark:/13030/kt8j49s18j	false
http://www.oac.cdlib.org/findaid/ark:/13030/kt9r29s44j	"University Communications Audio and Video Recordings (University of California, Irvine)"	ark:/13030/kt3v19n8bk	false
http://www.oac.cdlib.org/findaid/ark:/13030/tf3489n9d5	University Communications Public Relations Materials	ark:/13030/kt6q2nc792	false
http://www.oac.cdlib.org/findaid/ark:/13030/kt1j49q64t	"University Communications Publications (University of California, Irvine)"	ark:/13030/kt3v19n8bk	false
http://www.oac.cdlib.org/findaid/ark:/13030/c8h133ct	University Elementary School. Administrative files.	ark:/13030/tf1d5nb4kf	false
http://www.oac.cdlib.org/findaid/ark:/13030/c8959jwq	University Elementary School. Library. Administrative files.	ark:/13030/tf1d5nb4kf	false
http://www.oac.cdlib.org/findaid/ark:/13030/c8c82bpj	University Elementary School. Publications.	ark:/13030/tf1d5nb4kf	false
http://www.oac.cdlib.org/findaid/ark:/13030/c8r78gmn	University Elementary School. Scrapbooks.	ark:/13030/tf1d5nb4kf	false
http://www.oac.cdlib.org/findaid/ark:/13030/c8w95cdh	"University Events and Ceremonies, University Archives (Institutional Records)"	ark:/13030/kt8j49s18j	true
http://www.oac.cdlib.org/findaid/ark:/13030/c89888ds	University Extension. Annual Reports.	ark:/13030/tf1d5nb4kf	false
http://www.oac.cdlib.org/findaid/ark:/13030/c83x8803	University Extension. Audio recordings of psychology lectures.	ark:/13030/tf1d5nb4kf	false
http://www.oac.cdlib.org/findaid/ark:/13030/kt9870301f	"University Extension. Clipping files - press releases, course information and other publicity articles."	ark:/13030/tf1d5nb4kf	false
http://www.oac.cdlib.org/findaid/ark:/13030/kt209nb0dz	"University Extension Community Planning Study Files (University of California, Irvine)"	ark:/13030/kt3v19n8bk	false
http://www.oac.cdlib.org/findaid/ark:/13030/c8697523	University Extension. Course files.	ark:/13030/tf1d5nb4kf	false
http://www.oac.cdlib.org/findaid/ark:/13030/c8ms3v0h	University Extension. Daytime Programs and Special Projects. Administrative files of Rosalind Loring.	ark:/13030/tf1d5nb4kf	false
http://www.oac.cdlib.org/findaid/ark:/13030/c8h1338g	University Extension. Dean. Administrative files of Phillip E. Frandson.	ark:/13030/tf1d5nb4kf	false
http://www.oac.cdlib.org/findaid/ark:/13030/c8cc11xm	University Extension. Director. Administrative files.	ark:/13030/tf1d5nb4kf	false
http://www.oac.cdlib.org/findaid/ark:/13030/c8cv4k77	University Extension. Director of Marketing. Administrative Files of Michael Stone.	ark:/13030/tf1d5nb4kf	false
http://www.oac.cdlib.org/findaid/ark:/13030/kt9n39r20d	"University Extension Publications (University of California, Irvine)"	ark:/13030/kt3v19n8bk	false
http://www.oac.cdlib.org/findaid/ark:/13030/kt038nf0b9	"University Extension Records (University of California, Irvine)"	ark:/13030/kt3v19n8bk	false
http://www.oac.cdlib.org/findaid/ark:/13030/c88s4r9k	University Extension. University of California Radio Service. Texts of Radio Broadcasts.	ark:/13030/tf1d5nb4kf	false
http://www.oac.cdlib.org/findaid/ark:/13030/kt0n39p86q	"University Extension, University of California Records"	ark:/13030/tf6x0nb9j5	false
http://www.oac.cdlib.org/findaid/ark:/13030/c8cv4gfp	"University Gallery Associates Records (University of California, Irvine)"	ark:/13030/kt3v19n8bk	false
http://www.oac.cdlib.org/findaid/ark:/13030/kt7r29r7xt	University High School architectural drawings	ark:/13030/tf129008pn	false
http://www.oac.cdlib.org/findaid/ark:/13030/kt0v19q6f4	"University Hills publications (University of California, Irvine)"	ark:/13030/kt3v19n8bk	false
http://www.oac.cdlib.org/findaid/ark:/13030/tf9k40108s	"University Hospital. Medical Records, Daily Admissions List"	ark:/13030/tf6j49p6xg	false
http://www.oac.cdlib.org/findaid/ark:/13030/kt2c6020cn	University in the Future (Committee for the). Administrative files.	ark:/13030/tf1d5nb4kf	false
http://www.oac.cdlib.org/findaid/ark:/13030/c81z46n0	"University Institute, Academic Departments and Schools, University Archives (Institutional Records)"	ark:/13030/kt8j49s18j	true
http://www.oac.cdlib.org/findaid/ark:/13030/kt9r29s5kr	"University Librarian Administrative Files (University of California, Irvine)"	ark:/13030/kt3v19n8bk	false
http://www.oac.cdlib.org/findaid/ark:/13030/kt609nf6s4	"University Librarian Records (University of California, Irvine)"	ark:/13030/kt3v19n8bk	false
http://www.oac.cdlib.org/findaid/ark:/13030/c86w9cf4	University Librarians (Interim) Papers	ark:/13030/kt629037x1	false
http://www.oac.cdlib.org/findaid/ark:/13030/c8p26wk2	University Libraries records	ark:/13030/kt629037x1	true
http://www.oac.cdlib.org/findaid/ark:/13030/kt5s20393v	"University Library Photographs (University of California, Irvine)"	ark:/13030/kt3v19n8bk	false
http://www.oac.cdlib.org/findaid/ark:/13030/kt5w1018w1	"University Library Records, 1965-"	ark:/13030/kt9t1nc831	false
http://www.oac.cdlib.org/findaid/ark:/13030/tf2f59n6kz	University Music Club Records	ark:/13030/tf4000119v	false
http://www.oac.cdlib.org/findaid/ark:/13030/kt438nc76z	University of California - Portraits of Individuals and Groups	ark:/13030/tf6x0nb9j5	false
http://www.oac.cdlib.org/findaid/ark:/13030/c8ks6q88	"University of California Agricultural Cooperative Extension, San Joaquin County, Collection"	ark:/13030/tf1f59p2n6	false
http://www.oac.cdlib.org/findaid/ark:/13030/c85q4xkm	University of California and Its Future	ark:/13030/kt8489r6nk	false
http://www.oac.cdlib.org/findaid/ark:/13030/kt087031sh	"University of California, Berkeley. Chicano Studies Program Records"	ark:/13030/kt4b69n6wx	false
http://www.oac.cdlib.org/findaid/ark:/13030/kt958015m3	"University of California, Berkeley, Office of Institutional Research Reports"	ark:/13030/tf6x0nb9j5	false
http://www.oac.cdlib.org/findaid/ark:/13030/kt0m3nc3qt	"University of California, Berkeley, Postcard Views Published by the Student's Co-operative Society"	ark:/13030/tf6x0nb9j5	false
http://www.oac.cdlib.org/findaid/ark:/13030/tf167n98d1	"University of California, Berkeley, University Art Museum Collection of Hans Hofmann Papers"	ark:/13030/tf7r29p8s0	false
http://www.oac.cdlib.org/findaid/ark:/13030/kt867nf37b	University of California Center for Slavic and East European Studies collection	ark:/13030/tf4m3nb8sq	false
http://www.oac.cdlib.org/findaid/ark:/13030/c8tf00k2	"University of California Cooperative Extension, Monterey County Collection"	ark:/13030/tf1489p250	false
http://www.oac.cdlib.org/findaid/ark:/13030/c8nz89rp	"University of California, Irvine, Class Project on Asian American Studies Field Research"	ark:/13030/tf529010fv	false
http://www.oac.cdlib.org/findaid/ark:/13030/kt4h4nc7pt	"University of California, Irvine Class Project on the Southeast Asian American Experience"	ark:/13030/tf529010fv	true
http://www.oac.cdlib.org/findaid/ark:/13030/c81c1xp4	University of California Library Council. Administrative Files of UCLA University Librarian.	ark:/13030/tf1d5nb4kf	false
http://www.oac.cdlib.org/findaid/ark:/13030/kt6f59r1gx	"University of California, Los Angeles. Class schedules, directories, and general catalogs."	ark:/13030/tf1d5nb4kf	false
http://www.oac.cdlib.org/findaid/ark:/13030/kt0h4nf1df	"University of California Regents, Liaison Committee Records"	ark:/13030/kt3v19n8bk	false
http://www.oac.cdlib.org/findaid/ark:/13030/c87d2w0b	"University of California, Riverside, African Student Programs records"	ark:/13030/kt2f59r49j	false
http://www.oac.cdlib.org/findaid/ark:/13030/c8dj5d2h	"University of California, Riverside, Citrus Research Center and Agricultural Experiment Station records"	ark:/13030/kt2f59r49j	false
http://www.oac.cdlib.org/findaid/ark:/13030/c8nz86z4	"University of California, Riverside, Department of Dance oral history interviews"	ark:/13030/kt2f59r49j	false
http://www.oac.cdlib.org/findaid/ark:/13030/kt0b69r91j	"University of California, Riverside, Native American Student Programs records"	ark:/13030/kt2f59r49j	false
http://www.oac.cdlib.org/findaid/ark:/13030/c8gq6zkk	"University of California, Riverside, Natural Reserve System records."	ark:/13030/kt2f59r49j	false
http://www.oac.cdlib.org/findaid/ark:/13030/c81v5ffj	"University of California, Riverside, Office of Undergraduate Education records"	ark:/13030/kt2f59r49j	false
http://www.oac.cdlib.org/findaid/ark:/13030/c8m32wk8	"University of California, Riverside, Photographs"	ark:/13030/kt2f59r49j	false
http://www.oac.cdlib.org/findaid/ark:/13030/tf2t1n99jt	"University of California, Riverside Pump Testing Laboratory Papers and Trade Catalogs"	ark:/13030/tf009nb42r	false
http://www.oac.cdlib.org/findaid/ark:/13030/c8j964t8	"University of California, Riverside, Tuskegee Airmen Celebration collection"	ark:/13030/kt2f59r49j	false
http://www.oac.cdlib.org/findaid/ark:/13030/kt0489n40z	"University of California, San Diego. Associate Dean for Curriculum and Student Affairs. Committee Files"	ark:/13030/kt6q2nc792	false
http://www.oac.cdlib.org/findaid/ark:/13030/kt029000n9	"University of California, San Diego. Campus Planning Office Administrative Files"	ark:/13030/kt6q2nc792	false
http://www.oac.cdlib.org/findaid/ark:/13030/kt4199n6qc	"University of California, San Diego. Chair, Dept. of Physical Education. Administrative Records."	ark:/13030/kt6q2nc792	false
http://www.oac.cdlib.org/findaid/ark:/13030/kt6779s1qp	"University of California, San Diego. Committee for Arts and Lectures. Records"	ark:/13030/kt6q2nc792	false
http://www.oac.cdlib.org/findaid/ark:/13030/tf1199n85s	"University of California, San Diego. Contemporary Black Arts Program. Records"	ark:/13030/kt6q2nc792	false
http://www.oac.cdlib.org/findaid/ark:/13030/kt0q2n97jx	"University of California, San Diego. Council of Provosts. Meeting Minutes."	ark:/13030/kt6q2nc792	false
http://www.oac.cdlib.org/findaid/ark:/13030/c87p8xpr	"University of California, San Diego. Department of Music Program and Publicity Files"	ark:/13030/kt6q2nc792	false
http://www.oac.cdlib.org/findaid/ark:/13030/kt367n999x	"University of California, San Diego. Friends of the UCSD Library. Records"	ark:/13030/kt6q2nc792	false
http://www.oac.cdlib.org/findaid/ark:/13030/c8n29xk9	"University of California, San Diego. Office of the Vice Chancellor for Graduate Studies and Research Records"	ark:/13030/kt6q2nc792	false
http://www.oac.cdlib.org/findaid/ark:/13030/kt7c6042h4	"University of California, San Diego, Office of the Vice-Chancellor, Student Affairs Records"	ark:/13030/kt6q2nc792	false
http://www.oac.cdlib.org/findaid/ark:/13030/kt5489n7cn	"University of California, San Diego. Vice Chancellor for Academic Affairs. Administrative Files"	ark:/13030/kt6q2nc792	false
http://www.oac.cdlib.org/findaid/ark:/13030/kt3z09n6ft	"University of California, San Diego. Vice Chancellor for Administration. Records"	ark:/13030/kt6q2nc792	false
http://www.oac.cdlib.org/findaid/ark:/13030/c82z14g3	"University of California, San Diego, Vice Chancellor for Health Sciences and Dean, School of Medicine Records"	ark:/13030/kt6q2nc792	false
http://www.oac.cdlib.org/findaid/ark:/13030/c8v125sr	"University of California, San Francisco"	ark:/13030/tf0h4nb4sw	false
http://www.oac.cdlib.org/findaid/ark:/13030/kt3t1nf39r	University of California San Francisco Oral Histories	ark:/13030/tf0h4nb4sw	false
http://www.oac.cdlib.org/findaid/ark:/13030/kt3d5nf16m	"University of California, Santa Barbara, Academic Senate Records"	ark:/13030/kt2j49q7f8	false
http://www.oac.cdlib.org/findaid/ark:/13030/kt4r29r7b3	"University of California, Santa Barbara, Affiliates Collection"	ark:/13030/kt2j49q7f8	false
http://www.oac.cdlib.org/findaid/ark:/13030/kt6c6037kt	"University of California, Santa Barbara, AFSCME Collection"	ark:/13030/kt2j49q7f8	false
http://www.oac.cdlib.org/findaid/ark:/13030/kt9c6038mr	"University of California, Santa Barbara, Alumni Association Collection"	ark:/13030/kt2j49q7f8	false
http://www.oac.cdlib.org/findaid/ark:/13030/kt5q2nf145	"University of California, Santa Barbara, Arts and Lectures Records"	ark:/13030/kt2j49q7f8	false
http://www.oac.cdlib.org/findaid/ark:/13030/kt9489s1pf	"University of California, Santa Barbara, Associated Students Records"	ark:/13030/kt2j49q7f8	false
http://www.oac.cdlib.org/findaid/ark:/13030/kt5d5nf0z4	"University of California, Santa Barbara, Associated Students Subject Files"	ark:/13030/kt2j49q7f8	false
http://www.oac.cdlib.org/findaid/ark:/13030/kt300033d9	"University of California, Santa Barbara, Bookstore and Coffee Shop Collection"	ark:/13030/kt2j49q7f8	false
http://www.oac.cdlib.org/findaid/ark:/13030/kt7000375v	"University of California, Santa Barbara, Bren School of Environmental Science and Management Collection"	ark:/13030/kt2j49q7f8	false
http://www.oac.cdlib.org/findaid/ark:/13030/kt4h4nf393	"University of California, Santa Barbara, Business Services Collection"	ark:/13030/kt2j49q7f8	false
http://www.oac.cdlib.org/findaid/ark:/13030/c8bk1bnh	"University of California, Santa Barbara Campus Building records"	ark:/13030/kt8779s1dn	false
http://www.oac.cdlib.org/findaid/ark:/13030/kt5x0nf25g	"University of California, Santa Barbara, Campus Planning Committee Records"	ark:/13030/kt2j49q7f8	false
http://www.oac.cdlib.org/findaid/ark:/13030/kt238nf0g0	"University of California, Santa Barbara, Center for Black Studies Collection"	ark:/13030/kt2j49q7f8	false
http://www.oac.cdlib.org/findaid/ark:/13030/c84f1p4p	"University of California, Santa Barbara, Center for Chicano Studies Records"	ark:/13030/kt2j49q7f8	false
http://www.oac.cdlib.org/findaid/ark:/13030/kt696nf2mk	"University of California, Santa Barbara, College of Creative Studies Collection"	ark:/13030/kt2j49q7f8	false
http://www.oac.cdlib.org/findaid/ark:/13030/kt3w103660	"University of California, Santa Barbara, College of Engineering Collection"	ark:/13030/kt2j49q7f8	false
http://www.oac.cdlib.org/findaid/ark:/13030/kt0000329b	"University of California, Santa Barbara, College of Letters and Science, Isla Vista Riots Collection"	ark:/13030/kt2j49q7f8	false
http://www.oac.cdlib.org/findaid/ark:/13030/kt7t1nf4j3	"University of California, Santa Barbara, College of Letters and Science Records"	ark:/13030/kt2j49q7f8	false
http://www.oac.cdlib.org/findaid/ark:/13030/kt0j49r7bj	"University of California, Santa Barbara, Committee on the University and the Community Collection"	ark:/13030/kt2j49q7f8	false
http://www.oac.cdlib.org/findaid/ark:/13030/kt438nf36x	"University of California, Santa Barbara, Community Organization and Research Institute Collection"	ark:/13030/kt2j49q7f8	false
http://www.oac.cdlib.org/findaid/ark:/13030/kt7r29r9km	"University of California, Santa Barbara, Computer Advisory Committee Records"	ark:/13030/kt2j49q7f8	false
http://www.oac.cdlib.org/findaid/ark:/13030/kt4x0nf2br	"University of California, Santa Barbara, Computer Center Collection"	ark:/13030/kt2j49q7f8	false
http://www.oac.cdlib.org/findaid/ark:/13030/kt3c6033rj	"University of California, Santa Barbara, Counseling and Career Services Collection"	ark:/13030/kt2j49q7f8	false
http://www.oac.cdlib.org/findaid/ark:/13030/kt596nf3zx	"University of California, Santa Barbara, CUE-Teamsters Collection"	ark:/13030/kt2j49q7f8	false
http://www.oac.cdlib.org/findaid/ark:/13030/kt9h4nf50z	"University of California, Santa Barbara, Department of Art Collection"	ark:/13030/kt2j49q7f8	false
http://www.oac.cdlib.org/findaid/ark:/13030/kt6199q4x1	"University of California, Santa Barbara, Department of Black Studies Records"	ark:/13030/kt2j49q7f8	false
http://www.oac.cdlib.org/findaid/ark:/13030/kt3f59r98r	"University of California, Santa Barbara, Department of Chemistry Collection"	ark:/13030/kt2j49q7f8	false
http://www.oac.cdlib.org/findaid/ark:/13030/kt5f59q9z8	"University of California, Santa Barbara, Department of Chicana and Chicano Studies Records"	ark:/13030/kt2j49q7f8	false
http://www.oac.cdlib.org/findaid/ark:/13030/kt6h4nf4c7	"University of California, Santa Barbara, Department of History Collection"	ark:/13030/kt2j49q7f8	false
http://www.oac.cdlib.org/findaid/ark:/13030/kt5779r8xd	"University of California, Santa Barbara, Department of History, Public Historical Studies Program Records"	ark:/13030/kt2j49q7f8	false
http://www.oac.cdlib.org/findaid/ark:/13030/kt5n39r9pw	"University of California, Santa Barbara, Department of Home Economics Collection"	ark:/13030/kt2j49q7f8	false
http://www.oac.cdlib.org/findaid/ark:/13030/kt1b69r74f	"University of California, Santa Barbara, Department of Music Collection"	ark:/13030/kt2j49q7f8	false
http://www.oac.cdlib.org/findaid/ark:/13030/kt3f59r8gc	"University of California, Santa Barbara, Department of Recreation Collection"	ark:/13030/kt2j49q7f8	false
http://www.oac.cdlib.org/findaid/ark:/13030/kt938nf6vr	"University of California, Santa Barbara, Department of Sociology Collection"	ark:/13030/kt2j49q7f8	false
http://www.oac.cdlib.org/findaid/ark:/13030/kt687037n6	"University of California, Santa Barbara, Department of Theater and Dance Collection"	ark:/13030/kt2j49q7f8	false
http://www.oac.cdlib.org/findaid/ark:/13030/kt2g5035k8	"University of California, Santa Barbara, Division of Student Affairs Collection"	ark:/13030/kt2j49q7f8	false
http://www.oac.cdlib.org/findaid/ark:/13030/kt9v19s1bv	"University of California, Santa Barbara, Education Abroad Program Collection"	ark:/13030/kt2j49q7f8	false
http://www.oac.cdlib.org/findaid/ark:/13030/kt1489r765	"University of California, Santa Barbara, Educational Opportunity Program (EOP) Records"	ark:/13030/kt2j49q7f8	false
http://www.oac.cdlib.org/findaid/ark:/13030/kt1c60341j	"University of California, Santa Barbara, El Centro Collection"	ark:/13030/kt2j49q7f8	false
http://www.oac.cdlib.org/findaid/ark:/13030/kt3v19s02c	"University of California, Santa Barbara, El Congreso Collection"	ark:/13030/kt2j49q7f8	false
http://www.oac.cdlib.org/findaid/ark:/13030/kt0x0nf0xb	"University of California, Santa Barbara, Environmental Health and Safety Collection"	ark:/13030/kt2j49q7f8	false
http://www.oac.cdlib.org/findaid/ark:/13030/kt3489r98s	"University of California, Santa Barbara, Environmental Studies Program Collection"	ark:/13030/kt2j49q7f8	false
http://www.oac.cdlib.org/findaid/ark:/13030/kt3v19r9s4	"University of California, Santa Barbara, Extended Learning Services Collection"	ark:/13030/kt2j49q7f8	false
http://www.oac.cdlib.org/findaid/ark:/13030/kt6x0nf4rj	"University of California, Santa Barbara, Faculty Club Collection"	ark:/13030/kt2j49q7f8	false
http://www.oac.cdlib.org/findaid/ark:/13030/kt6c6037d7	"University of California, Santa Barbara, Faculty Collection"	ark:/13030/kt2j49q7f8	false
http://www.oac.cdlib.org/findaid/ark:/13030/kt5h4nf43s	"University of California, Santa Barbara, Faculty Women's Club Records"	ark:/13030/kt2j49q7f8	false
http://www.oac.cdlib.org/findaid/ark:/13030/kt909nf689	"University of California, Santa Barbara, Financial Aid Office Collection"	ark:/13030/kt2j49q7f8	false
http://www.oac.cdlib.org/findaid/ark:/13030/kt129032nx	"University of California, Santa Barbara, Gevirtz Graduate School of Education Collection"	ark:/13030/kt2j49q7f8	false
http://www.oac.cdlib.org/findaid/ark:/13030/kt6n39s0ns	"University of California, Santa Barbara, Graduate Division Collection"	ark:/13030/kt2j49q7f8	false
http://www.oac.cdlib.org/findaid/ark:/13030/kt9v19s1sk	"University of California, Santa Barbara, Graduate Student Association Collection"	ark:/13030/kt2j49q7f8	false
http://www.oac.cdlib.org/findaid/ark:/13030/kt587037kv	"University of California, Santa Barbara, History and Antecedents Collection"	ark:/13030/kt2j49q7f8	false
http://www.oac.cdlib.org/findaid/ark:/13030/kt4s2036jt	"University of California, Santa Barbara, Home Economics Club Records"	ark:/13030/kt2j49q7f8	false
http://www.oac.cdlib.org/findaid/ark:/13030/kt8779s1xd	"University of California, Santa Barbara, Housing and Residential Services Collection"	ark:/13030/kt2j49q7f8	false
http://www.oac.cdlib.org/findaid/ark:/13030/kt4m3nf2mx	"University of California, Santa Barbara, Human Resources Department Collection"	ark:/13030/kt2j49q7f8	false
http://www.oac.cdlib.org/findaid/ark:/13030/kt287035dc	"University of California, Santa Barbara, Institute for Crustal Studies Collection"	ark:/13030/kt2j49q7f8	false
http://www.oac.cdlib.org/findaid/ark:/13030/kt0q2nd9wd	"University of California, Santa Barbara, Institute for Interdisciplinary Applications of Algebra and Combinatorics Collection"	ark:/13030/kt2j49q7f8	false
http://www.oac.cdlib.org/findaid/ark:/13030/kt309nf2pq	"University of California, Santa Barbara, Institute of Environmental Stress Collection"	ark:/13030/kt2j49q7f8	false
http://www.oac.cdlib.org/findaid/ark:/13030/kt838nf40j	"University of California, Santa Barbara, Institute of Religious Studies Collection"	ark:/13030/kt2j49q7f8	false
http://www.oac.cdlib.org/findaid/ark:/13030/kt8v19s21c	"University of California, Santa Barbara, Institutional Animal Care and Use Committee Records"	ark:/13030/kt2j49q7f8	false
http://www.oac.cdlib.org/findaid/ark:/13030/kt1j49r4mj	"University of California, Santa Barbara, Instructional Development Collection"	ark:/13030/kt2j49q7f8	false
http://www.oac.cdlib.org/findaid/ark:/13030/kt887038qb	"University of California, Santa Barbara, Intercollegiate Athletics Collection"	ark:/13030/kt2j49q7f8	false
http://www.oac.cdlib.org/findaid/ark:/13030/kt1s2033bb	"University of California, Santa Barbara, Interdisciplinary Humanities Center (IHC) Collection"	ark:/13030/kt2j49q7f8	false
http://www.oac.cdlib.org/findaid/ark:/13030/kt2g50350g	"University of California, Santa Barbara, Library Records"	ark:/13030/kt2j49q7f8	false
http://www.oac.cdlib.org/findaid/ark:/13030/kt3p3036rz	"University of California, Santa Barbara, Marine Science Institute Collection"	ark:/13030/kt2j49q7f8	false
http://www.oac.cdlib.org/findaid/ark:/13030/kt2g5035jr	"University of California, Santa Barbara, Mortar Board National College Senior Honor Society, Crown and Scepter Chapter Records"	ark:/13030/kt2j49q7f8	false
http://www.oac.cdlib.org/findaid/ark:/13030/kt0m3nd7v8	"University of California, Santa Barbara, Multicultural Center Collection"	ark:/13030/kt2j49q7f8	false
http://www.oac.cdlib.org/findaid/ark:/13030/kt1g5036mz	"University of California, Santa Barbara, Office of Admissions and Relations with Schools Collection"	ark:/13030/kt2j49q7f8	false
http://www.oac.cdlib.org/findaid/ark:/13030/kt4d5nf2x8	"University of California, Santa Barbara, Office of Affirmative Action Records"	ark:/13030/kt2j49q7f8	false
http://www.oac.cdlib.org/findaid/ark:/13030/kt1p303641	"University of California, Santa Barbara, Office of Architects and Engineers Collection"	ark:/13030/kt2j49q7f8	false
http://www.oac.cdlib.org/findaid/ark:/13030/kt3h4nf1jf	"University of California, Santa Barbara, Office of Budget and Planning Collection"	ark:/13030/kt2j49q7f8	false
http://www.oac.cdlib.org/findaid/ark:/13030/kt5580398h	"University of California, Santa Barbara, Office of Development Collection"	ark:/13030/kt2j49q7f8	false
http://www.oac.cdlib.org/findaid/ark:/13030/kt0489r59f	"University of California, Santa Barbara, Office of Facilities Management Records"	ark:/13030/kt2j49q7f8	false
http://www.oac.cdlib.org/findaid/ark:/13030/kt6j49r9pj	"University of California, Santa Barbara, Office of Public Affairs Records"	ark:/13030/kt2j49q7f8	false
http://www.oac.cdlib.org/findaid/ark:/13030/kt2h4nf1hm	"University of California, Santa Barbara Office of Public Events Collection"	ark:/13030/kt2j49q7f8	false
http://www.oac.cdlib.org/findaid/ark:/13030/kt9b69q80w	"University of California, Santa Barbara, Office of Public Information Biographical Files"	ark:/13030/kt2j49q7f8	false
http://www.oac.cdlib.org/findaid/ark:/13030/kt3779r94c	"University of California, Santa Barbara, Office of Public Information, Isla Vista / Student Unrest Subject Files"	ark:/13030/kt2j49q7f8	false
http://www.oac.cdlib.org/findaid/ark:/13030/kt0f59r5qm	"University of California, Santa Barbara, Office of Public Information Subject Files"	ark:/13030/kt2j49q7f8	false
http://www.oac.cdlib.org/findaid/ark:/13030/kt2t1nf35c	"University of California, Santa Barbara, Office of Research Collection"	ark:/13030/kt2j49q7f8	false
http://www.oac.cdlib.org/findaid/ark:/13030/kt7x0nf75h	"University of California, Santa Barbara, Office of Residential Life Scrapbooks"	ark:/13030/kt2j49q7f8	false
http://www.oac.cdlib.org/findaid/ark:/13030/kt209nf066	"University of California, Santa Barbara, Office of Student Life Collection"	ark:/13030/kt2j49q7f8	false
http://www.oac.cdlib.org/findaid/ark:/13030/kt6z09s150	"University of California, Santa Barbara, Office of the Chancellor Administrative Files"	ark:/13030/kt2j49q7f8	false
http://www.oac.cdlib.org/findaid/ark:/13030/kt3t1nf0xm	"University of California, Santa Barbara, Office of the Chancellor, Chancellors' Records"	ark:/13030/kt2j49q7f8	false
http://www.oac.cdlib.org/findaid/ark:/13030/kt638nf3k7	"University of California, Santa Barbara, Office of the Registrar Collection"	ark:/13030/kt2j49q7f8	false
http://www.oac.cdlib.org/findaid/ark:/13030/kt487036cz	"University of California, Santa Barbara, Office of University Relations Collection"	ark:/13030/kt2j49q7f8	false
http://www.oac.cdlib.org/findaid/ark:/13030/kt800037px	"University of California, Santa Barbara, Phi Beta Kappa, Lambda of California Chapter Records"	ark:/13030/kt2j49q7f8	false
http://www.oac.cdlib.org/findaid/ark:/13030/kt087031r0	"University of California, Santa Barbara, Physical Planning Committee Records"	ark:/13030/kt2j49q7f8	false
http://www.oac.cdlib.org/findaid/ark:/13030/kt9m3nf5qg	"University of California, Santa Barbara, Placement Center Collection"	ark:/13030/kt2j49q7f8	false
http://www.oac.cdlib.org/findaid/ark:/13030/kt1m3nf1cw	"University of California, Santa Barbara, Press Council, Daily Nexus Collection"	ark:/13030/kt2j49q7f8	false
http://www.oac.cdlib.org/findaid/ark:/13030/kt92903983	"University of California, Santa Barbara, Social Process Research Institute Collection"	ark:/13030/kt2j49q7f8	false
http://www.oac.cdlib.org/findaid/ark:/13030/kt0w10341h	"University of California, Santa Barbara, Staff Assembly Collection"	ark:/13030/kt2j49q7f8	false
http://www.oac.cdlib.org/findaid/ark:/13030/kt5b69s0cc	"University of California, Santa Barbara, Student Health Services Collection"	ark:/13030/kt2j49q7f8	false
http://www.oac.cdlib.org/findaid/ark:/13030/kt5w1035hs	"University of California, Santa Barbara, Student Organizations Collection"	ark:/13030/kt2j49q7f8	false
http://www.oac.cdlib.org/findaid/ark:/13030/kt9m3nf603	"University of California, Santa Barbara, Students for Free Political Action Collection"	ark:/13030/kt2j49q7f8	false
http://www.oac.cdlib.org/findaid/ark:/13030/kt609nf52s	"University of California, Santa Barbara, Summer Sessions Collection"	ark:/13030/kt2j49q7f8	false
http://www.oac.cdlib.org/findaid/ark:/13030/kt5r29r9cw	"University of California, Santa Barbara, Tutorial Program Collection"	ark:/13030/kt2j49q7f8	false
http://www.oac.cdlib.org/findaid/ark:/13030/kt667nf2vj	"University of California, Santa Barbara, United Way Campaign Collection"	ark:/13030/kt2j49q7f8	false
http://www.oac.cdlib.org/findaid/ark:/13030/kt1779r74s	"University of California, Santa Barbara, University Art Museum Collection"	ark:/13030/kt2j49q7f8	false
http://www.oac.cdlib.org/findaid/ark:/13030/kt0r29r6jg	"University of California, Santa Barbara, University Center Collection"	ark:/13030/kt2j49q7f8	false
http://www.oac.cdlib.org/findaid/ark:/13030/kt600036c5	"University of California, Santa Barbara, Vice Chancellors Collection"	ark:/13030/kt2j49q7f8	false
http://www.oac.cdlib.org/findaid/ark:/13030/kt129032x2	"University of California, Santa Barbara, Women's Center Collection"	ark:/13030/kt2j49q7f8	false
http://www.oac.cdlib.org/findaid/ark:/13030/kt5b69s0fd	"University of California, Santa Barbara, Woodrow Wilson Fellowship Program Collection"	ark:/13030/kt2j49q7f8	false
http://www.oac.cdlib.org/findaid/ark:/13030/kt7c6041t9	"University Of California, Santa Cruz Contemporary Classical Collection"	ark:/13030/kt1v19q1s6	false
http://www.oac.cdlib.org/findaid/ark:/13030/tf4w1004tz	University of California Symphony Orchestra Concert Seasons	ark:/13030/tf4000119v	false
http://www.oac.cdlib.org/findaid/ark:/13030/kt3n39q3kc	University of California (System). Academic Senate. University of California President's Administrative Advisory Conference. Administrative files.	ark:/13030/tf1d5nb4kf	false
http://www.oac.cdlib.org/findaid/ark:/13030/kt638nb9sw	University of California (System). Gifts and Endowment Office Record of Donation	ark:/13030/tf6x0nb9j5	false
http://www.oac.cdlib.org/findaid/ark:/13030/c8vq34wz	University of California (System). Human Resources. Personnel Office files.	ark:/13030/tf1d5nb4kf	false
http://www.oac.cdlib.org/findaid/ark:/13030/kt0489p7t8	"University of California (System). Office of the President. Records, 1914-1958"	ark:/13030/tf6x0nb9j5	false
http://www.oac.cdlib.org/findaid/ark:/13030/kt7489n8tg	"University of California (System). Office of the President. Records: Alphabetical Files, 1885-1913"	ark:/13030/tf6x0nb9j5	false
http://www.oac.cdlib.org/findaid/ark:/13030/tf4k400413	"University of California (System). Office of the President. Records: Numerical Bound Folders, 1929-1958"	ark:/13030/tf6x0nb9j5	false
http://www.oac.cdlib.org/findaid/ark:/13030/tf1x0n990w	"University of California (System). Office of the President. Records: Permanent Files, 1952-1975"	ark:/13030/tf6x0nb9j5	false
http://www.oac.cdlib.org/findaid/ark:/13030/tf6z09n9fv	"University of California (System). Office of the President. Records: Routine Files, 1958-1967"	ark:/13030/tf6x0nb9j5	false
http://www.oac.cdlib.org/findaid/ark:/13030/tf2z09n6gp	"University of California (System). Office of the President. Records: Routine Files, 1968-1975"	ark:/13030/tf6x0nb9j5	false
http://www.oac.cdlib.org/findaid/ark:/13030/kt1t1n989r	University of California (System). Office of the President. Records: Special problem folders to June 1958	ark:/13030/tf6x0nb9j5	false
http://www.oac.cdlib.org/findaid/ark:/13030/tf7f59n9v3	University of California (System). Office of the President: Special B Report	ark:/13030/tf6x0nb9j5	false
http://www.oac.cdlib.org/findaid/ark:/13030/c8df6t8h	University of California (System). President's Office. President's Report to the Regents.	ark:/13030/tf1d5nb4kf	false
http://www.oac.cdlib.org/findaid/ark:/13030/kt4v19r0dd	University of California (System). Regents. Minutes of meetings.	ark:/13030/tf1d5nb4kf	false
http://www.oac.cdlib.org/findaid/ark:/13030/c80g3nc8	University of California (System). Staff Personnel Board. Staff Personnel and Class Specifications Manuals.	ark:/13030/tf1d5nb4kf	false
http://www.oac.cdlib.org/findaid/ark:/13030/kt7c6036hm	University of Hawaii collection	ark:/13030/tf4m3nb8sq	false
http://www.oac.cdlib.org/findaid/ark:/13030/kt5779r7hq	University of Nebraska collection	ark:/13030/tf4m3nb8sq	false
http://www.oac.cdlib.org/findaid/ark:/13030/c8db82dx	University of Southern California Bulletins Collection	ark:/13030/kt4c60381d	false
http://www.oac.cdlib.org/findaid/ark:/13030/c8445k6r	"University of Southern California Correspondence Course in Real Estate, Course Material"	ark:/13030/kt4c60381d	false
http://www.oac.cdlib.org/findaid/ark:/13030/kt6t1nf3tf	University of Southern California Davis School of Gerontology records	ark:/13030/kt800021wp	false
http://www.oac.cdlib.org/findaid/ark:/13030/c8mg7mwp	University of Southern California Office of the Provost records	ark:/13030/kt800021wp	false
http://www.oac.cdlib.org/findaid/ark:/13030/kt196nd8tk	University of Southern California oral histories	ark:/13030/tf6t1nc15d	false
http://www.oac.cdlib.org/findaid/ark:/13030/kt9f59r9bn	University of Southern California School of Library Science records	ark:/13030/kt800021wp	false
http://www.oac.cdlib.org/findaid/ark:/13030/c8736sdw	University of Southern California School of Philosophy records	ark:/13030/kt800021wp	false
http://www.oac.cdlib.org/findaid/ark:/13030/kt129033vh	University of Southern California School of Public Administration records	ark:/13030/kt800021wp	false
http://www.oac.cdlib.org/findaid/ark:/13030/kt0m3nd97x	University of Southern California Youth Studies Center records	ark:/13030/kt8f59q5cg	false
http://www.oac.cdlib.org/findaid/ark:/13030/kt6w10364w	University Of The Pacific Emeriti Society Oral History Collection	ark:/13030/tf609nb7wg	true
http://www.oac.cdlib.org/findaid/ark:/13030/kt4k4036pk	"University of Wisconsin - Madison, Institute for Research on Poverty, ""Class Structure and Class Consciousness: Merged Multi-Nation File; User's Guide for the Machine-Readable Data File"""	ark:/13030/tf458010c5	false
http://www.oac.cdlib.org/findaid/ark:/13030/c8p26xfp	"University Relations Motion Pictures (University of California, Irvine)"	ark:/13030/kt3v19n8bk	true
http://www.oac.cdlib.org/findaid/ark:/13030/tf1j49n4kb	University Relations: The Japanese Garden Records	ark:/13030/tf029009dp	false
http://www.oac.cdlib.org/findaid/ark:/13030/tf9k400797	University Senate Records	ark:/13030/tf4779p5jq	false
http://www.oac.cdlib.org/findaid/ark:/13030/tf4m3nb130	University Songs and Yells	ark:/13030/tf4000119v	false
http://www.oac.cdlib.org/findaid/ark:/13030/kt196nd6jg	Unna (Warren W.) letters	ark:/13030/tf4m3nb8sq	false
http://www.oac.cdlib.org/findaid/ark:/13030/ft9t1nb4jd	Uno (Edison) Papers	ark:/13030/tf129008pn	false
http://www.oac.cdlib.org/findaid/ark:/13030/kt0n39r4gt	Unruh (Benjamin Heinrich) studies	ark:/13030/tf4m3nb8sq	false
http://www.oac.cdlib.org/findaid/ark:/13030/kt4j49r6gc	Unruh (Jesse M.) Papers	ark:/13030/tf6g5012g8	false
http://www.oac.cdlib.org/findaid/ark:/13030/kt258032rf	Untersuchungsausschuss Freiheitlicher Juristen issuances	ark:/13030/tf4m3nb8sq	false
http://www.oac.cdlib.org/findaid/ark:/13030/tf5k4004zc	Untide Press Records	ark:/13030/tf7r29p8s0	false
http://www.oac.cdlib.org/findaid/ark:/13030/kt3w10371w	"""Up Towards Mountains Higher"""	ark:/13030/tf458010c5	false
http://www.oac.cdlib.org/findaid/ark:/13030/c82r3q10	Update (San Diego) Collection	ark:/13030/kt2n39q9dc	false
http://www.oac.cdlib.org/findaid/ark:/13030/tf6v19n8ks	Updike (Daniel Berkeley) Correspondence	ark:/13030/tf5r29p4tz	false
http://www.oac.cdlib.org/findaid/ark:/13030/kt4q2nd9mh	Uperov (Vasilii Vasil'evich) papers	ark:/13030/tf4m3nb8sq	false
http://www.oac.cdlib.org/findaid/ark:/13030/c8vx0hhh	Upham Collection	ark:/13030/kt4c60381d	false
http://www.oac.cdlib.org/findaid/ark:/13030/c89s1q09	Upham (Golden Gurley) Collection	ark:/13030/kt4c60381d	false
http://www.oac.cdlib.org/findaid/ark:/13030/kt6r29r1w3	Upland Public Library Historic Photograph Collection	ark:/13030/kt5j49s0m9	true
http://www.oac.cdlib.org/findaid/ark:/13030/kt6f59q6hd	Uplifters Club Records	ark:/13030/tf129008pn	false
http://www.oac.cdlib.org/findaid/ark:/13030/tf2j49n5k4	Upman (Frank) Papers	ark:/13030/tf4m3nb8sq	false
http://www.oac.cdlib.org/findaid/ark:/13030/kt0000318b	Upovalov (Ivan) typescript	ark:/13030/tf4m3nb8sq	false
http://www.oac.cdlib.org/findaid/ark:/13030/kt2s20114p	"Upper Newport Bay, Collection on"	ark:/13030/tf1p3008cx	false
http://www.oac.cdlib.org/findaid/ark:/13030/kt0h4nf0xq	Upside; 100 People Who Changed Our World	ark:/13030/tf458010c5	false
http://www.oac.cdlib.org/findaid/ark:/13030/kt7x0nf57k	Upson (William Ford) papers	ark:/13030/tf4m3nb8sq	false
http://www.oac.cdlib.org/findaid/ark:/13030/kt9g5038pf	Upton (Miller) papers	ark:/13030/tf4m3nb8sq	false
http://www.oac.cdlib.org/findaid/ark:/13030/c8fj2jw3	Urban Archives General Oral Histories Collection	ark:/13030/c8q52qnq	false
http://www.oac.cdlib.org/findaid/ark:/13030/kt2d5nb7nk	Urban (Clarence) Papers	ark:/13030/tf129008pn	false
http://www.oac.cdlib.org/findaid/ark:/13030/kt5m3nf4b2	Urban Habitat Program Records	ark:/13030/tf7r29p8s0	false
http://www.oac.cdlib.org/findaid/ark:/13030/kt038nd9d7	Urban (Jerzy)	ark:/13030/tf4m3nb8sq	false
http://www.oac.cdlib.org/findaid/ark:/13030/tf4c6006zq	Urey (Harold Clayton) Papers	ark:/13030/tf5r29p653	false
http://www.oac.cdlib.org/findaid/ark:/13030/kt4p30378h	"Urmston, R. Bruce Collection"	ark:/13030/tf029009dp	false
http://www.oac.cdlib.org/findaid/ark:/13030/tf587003rt	Urmy (Clarence) Collection	ark:/13030/tf5r29p4sf	false
http://www.oac.cdlib.org/findaid/ark:/13030/tf3779n6cv	Urmy (Clarence) Papers	ark:/13030/tf5r29p4tz	false
http://www.oac.cdlib.org/findaid/ark:/13030/tf0z09n55x	Urner (Catherine M.) Collection	ark:/13030/tf4000119v	false
http://www.oac.cdlib.org/findaid/ark:/13030/kt409nb02d	Urquhart (Brian) Collection of Material about Ralph Bunche	ark:/13030/tf129008pn	true
http://www.oac.cdlib.org/findaid/ark:/13030/kt3w1034vv	Urquhart (Leslie) letter	ark:/13030/tf4m3nb8sq	false
http://www.oac.cdlib.org/findaid/ark:/13030/kt4w10339d	Urso (Camilla) Collection	ark:/13030/kt9g5023wp	false
http://www.oac.cdlib.org/findaid/ark:/13030/ft6t1nb1kj	Ursula (Roberts) Incoming correspondence	ark:/13030/tf5r29p4tz	false
http://www.oac.cdlib.org/findaid/ark:/13030/kt2j49r91g	Uruguayan political campaigns collection	ark:/13030/tf6t1nc14w	false
http://www.oac.cdlib.org/findaid/ark:/13030/tf367n9982	Uruguayan Subject Collection	ark:/13030/tf4m3nb8sq	false
http://www.oac.cdlib.org/findaid/ark:/13030/kt8j49s09k	Urzad Ochrony Panstwa collection	ark:/13030/tf4m3nb8sq	false
http://www.oac.cdlib.org/findaid/ark:/13030/tf9n39p0x5	U.S. Bureau of Reclamation Contracts Collection	ark:/13030/tf009nb42r	false
http://www.oac.cdlib.org/findaid/ark:/13030/c8ng4px4	U.S. California Boundary Field Books	ark:/13030/kt4c60381d	false
http://www.oac.cdlib.org/findaid/ark:/13030/kt6489p11b	"U.S. Colored Troops, 30th Regiment, Company D - Document"	ark:/13030/kt2j49q7f8	false
http://www.oac.cdlib.org/findaid/ark:/13030/kt767nf1n8	U.S. Commercial Company. Pacific Ocean Division mimeograph	ark:/13030/tf4m3nb8sq	false
http://www.oac.cdlib.org/findaid/ark:/13030/c8qv3kg3	U.S. Depression Scrip Collection	ark:/13030/kt4c60381d	false
http://www.oac.cdlib.org/findaid/ark:/13030/tf7f59p1qm	U.S. Eclipse Expedition Collection	ark:/13030/tf129008pn	false
http://www.oac.cdlib.org/findaid/ark:/13030/kt1h4nc2pg	U.S. Farm Security Admin. and the U.S. Office of War Information Photograph Collection	ark:/13030/tf129008pn	false
http://www.oac.cdlib.org/findaid/ark:/13030/tf638nb54s	U.S. Geographical Survey Expedition West of the 100th Meridian of 1872 - Stereoviews	ark:/13030/tf7r29p8s0	true
http://www.oac.cdlib.org/findaid/ark:/13030/tf3b69p0n6	U.S. Geographical Survey Expedition West of the 100th Meridian of 1873 - Stereoviews	ark:/13030/tf7r29p8s0	true
http://www.oac.cdlib.org/findaid/ark:/13030/kt7j49s2jv	"U.S. Geological Survey Library, Menlo Park, Superfund Reports"	ark:/13030/tf458010c5	false
http://www.oac.cdlib.org/findaid/ark:/13030/tf0m3n981n	"U.S. Geological Survey of the Territories - Photographs, 1869-1874"	ark:/13030/tf7r29p8s0	false
http://www.oac.cdlib.org/findaid/ark:/13030/tf5g5004mj	"U.S. Geological Survey of the Territories - Photographs, 1873"	ark:/13030/tf7r29p8s0	false
http://www.oac.cdlib.org/findaid/ark:/13030/tf8b69n9w8	U.S. Geological Survey of the Territories - Portraits of Native Americans	ark:/13030/tf7r29p8s0	false
http://www.oac.cdlib.org/findaid/ark:/13030/tf7779n93d	U.S. Geological Surveys West of the 100th Meridian - Photographs	ark:/13030/tf7r29p8s0	false
http://www.oac.cdlib.org/findaid/ark:/13030/tf1k40015s	"U.S. Land Office, Sacramento (Calif.) Records"	ark:/13030/tf5r29p4sf	false
http://www.oac.cdlib.org/findaid/ark:/13030/c8w37zcs	U.S. Marine Tientsin Photograph Collection	ark:/13030/c8zp473v	false
http://www.oac.cdlib.org/findaid/ark:/13030/tf4f59n71s	U.S. National War Labor Board Records	ark:/13030/tf7779p81b	false
http://www.oac.cdlib.org/findaid/ark:/13030/kt9d5nf2xt	"U.S. Naval Hospital, San Diego, Photograph Collection"	ark:/13030/tf4779p5jq	false
http://www.oac.cdlib.org/findaid/ark:/13030/c86t0p1c	U.S. Navy boarding book for the Port of San Francisco	ark:/13030/tf9d5nc0sj	false
http://www.oac.cdlib.org/findaid/ark:/13030/c8445n54	U.S. Navy Launch logbooks	ark:/13030/tf9d5nc0sj	false
http://www.oac.cdlib.org/findaid/ark:/13030/c8dv1kp7	U.S. Navy World War II Collection	ark:/13030/kt4c60381d	false
http://www.oac.cdlib.org/findaid/ark:/13030/c81c203q	U.S. Soldier in Philippines Photographs	ark:/13030/kt2j49q7f8	false
http://www.oac.cdlib.org/findaid/ark:/13030/kt396nc6n6	U.S. v. Anthony Joseph Russo and Daniel Ellsberg Transcripts	ark:/13030/tf129008pn	false
http://www.oac.cdlib.org/findaid/ark:/13030/c8r212qn	U.S. War Department Flood Control Sacramento-San Joaquin Basin Streams of California survey reports	ark:/13030/tf9d5nc0sj	false
http://www.oac.cdlib.org/findaid/ark:/13030/kt1g5010qq	USA for Africa Records	ark:/13030/tf129008pn	false
http://www.oac.cdlib.org/findaid/ark:/13030/c8jm2bmn	USC Fine Arts Press posters	ark:/13030/kt800021wp	false
http://www.oac.cdlib.org/findaid/ark:/13030/c86q1vmd	USC Helenes scrapbooks and realia	ark:/13030/kt800021wp	false
http://www.oac.cdlib.org/findaid/ark:/13030/c87m09pk	USC Library of Aeronautical History Women's International Association of Aeronautics records	ark:/13030/tf6t1nc15d	false
http://www.oac.cdlib.org/findaid/ark:/13030/c8dv1kwx	USC Opera Theatre photograph album	ark:/13030/kt800021wp	false
http://www.oac.cdlib.org/findaid/ark:/13030/c8p55qj6	USC Thornton School of Music records	ark:/13030/kt800021wp	false
http://www.oac.cdlib.org/findaid/ark:/13030/c8xp75z2	USC-Sea Grant Harbor Project photographs and realia	ark:/13030/kt800021wp	false
http://www.oac.cdlib.org/findaid/ark:/13030/c8sq915z	USD Gaslamp Research Project Records	ark:/13030/kt0g50151g	false
http://www.oac.cdlib.org/findaid/ark:/13030/c8902254	Usher Family and Military Service Photographs	ark:/13030/kt2n39q9dc	false
http://www.oac.cdlib.org/findaid/ark:/13030/tf2s2002c0	Usher (George L.) Papers	ark:/13030/tf4m3nb8sq	false
http://www.oac.cdlib.org/findaid/ark:/13030/tf2j49n6fj	Usigli (Gastone) Memorabilia and Musical Compositions	ark:/13030/tf4000119v	false
http://www.oac.cdlib.org/findaid/ark:/13030/kt5t1nf1hh	U.S.-Korean Economic Relations conference proceedings	ark:/13030/tf4m3nb8sq	false
http://www.oac.cdlib.org/findaid/ark:/13030/c8ns0vd2	U.S.Public Health Service Hospital records	ark:/13030/tf9d5nc0sj	false
http://www.oac.cdlib.org/findaid/ark:/13030/kt209nd8k9	U.S.S. Liberty Veterans Association collection	ark:/13030/tf4m3nb8sq	false
http://www.oac.cdlib.org/findaid/ark:/13030/kt0r29p3fk	U.S.S. Sharon Victory in the Pacific Photograph Album	ark:/13030/kt2j49q7f8	false
http://www.oac.cdlib.org/findaid/ark:/13030/c8dv1kns	USS Uruguay (built 1928; passenger liner) survey report	ark:/13030/tf9d5nc0sj	false
http://www.oac.cdlib.org/findaid/ark:/13030/kt8s20398c	Ussher (Bruno David) collection of photographs	ark:/13030/tf6t1nc15d	false
http://www.oac.cdlib.org/findaid/ark:/13030/kt6h4nf33m	USSR lend-lease program typescript	ark:/13030/tf4m3nb8sq	false
http://www.oac.cdlib.org/findaid/ark:/13030/c8708390	USSR Theatre Collection.	ark:/13030/tf1489p250	false
http://www.oac.cdlib.org/findaid/ark:/13030/kt6779r7q4	Ustredni Vedeni Odboje Domacilia records	ark:/13030/tf4m3nb8sq	false
http://www.oac.cdlib.org/findaid/ark:/13030/tf9779n9xf	Ustrialov (Nikolai) Papers	ark:/13030/tf4m3nb8sq	false
http://www.oac.cdlib.org/findaid/ark:/13030/kt1489q117	Utah Topographical Sketchbooks	ark:/13030/kt2j49q7f8	false
http://www.oac.cdlib.org/findaid/ark:/13030/kt6779q3hn	Utah Topographical Sketchbooks	ark:/13030/tf7779p82v	false
http://www.oac.cdlib.org/findaid/ark:/13030/kt2g503374	U-Tender Isar holograph	ark:/13030/tf4m3nb8sq	false
http://www.oac.cdlib.org/findaid/ark:/13030/tf209n98b0	Utley (Freda) Papers	ark:/13030/tf4m3nb8sq	false

